type,name,extension,relative_path,parent_relative_path,depth
directory,Último ano,,.,,0
directory,ads_information,,ads_information,.,1
directory,ads_and_topics,,ads_information\ads_and_topics,ads_information,2
file,ads_viewed.json,.json,ads_information\ads_and_topics\ads_viewed.json,ads_information\ads_and_topics,3
file,posts_viewed.json,.json,ads_information\ads_and_topics\posts_viewed.json,ads_information\ads_and_topics,3
file,posts_you're_not_interested_in.json,.json,ads_information\ads_and_topics\posts_you're_not_interested_in.json,ads_information\ads_and_topics,3
file,videos_watched.json,.json,ads_information\ads_and_topics\videos_watched.json,ads_information\ads_and_topics,3
directory,instagram_ads_and_businesses,,ads_information\instagram_ads_and_businesses,ads_information,2
file,ads_about_meta.json,.json,ads_information\instagram_ads_and_businesses\ads_about_meta.json,ads_information\instagram_ads_and_businesses,3
file,advertisers_using_your_activity_or_information.json,.json,ads_information\instagram_ads_and_businesses\advertisers_using_your_activity_or_information.json,ads_information\instagram_ads_and_businesses,3
file,other_categories_used_to_reach_you.json,.json,ads_information\instagram_ads_and_businesses\other_categories_used_to_reach_you.json,ads_information\instagram_ads_and_businesses,3
directory,apps_and_websites_off_of_instagram,,apps_and_websites_off_of_instagram,.,1
directory,apps_and_websites,,apps_and_websites_off_of_instagram\apps_and_websites,apps_and_websites_off_of_instagram,2
file,active_apps.json,.json,apps_and_websites_off_of_instagram\apps_and_websites\active_apps.json,apps_and_websites_off_of_instagram\apps_and_websites,3
file,expired_apps.json,.json,apps_and_websites_off_of_instagram\apps_and_websites\expired_apps.json,apps_and_websites_off_of_instagram\apps_and_websites,3
file,your_activity_off_meta_technologies.json,.json,apps_and_websites_off_of_instagram\apps_and_websites\your_activity_off_meta_technologies.json,apps_and_websites_off_of_instagram\apps_and_websites,3
directory,connections,,connections,.,1
directory,contacts,,connections\contacts,connections,2
file,synced_contacts.json,.json,connections\contacts\synced_contacts.json,connections\contacts,3
directory,followers_and_following,,connections\followers_and_following,connections,2
file,followers_1.json,.json,connections\followers_and_following\followers_1.json,connections\followers_and_following,3
file,following.json,.json,connections\followers_and_following\following.json,connections\followers_and_following,3
file,pending_follow_requests.json,.json,connections\followers_and_following\pending_follow_requests.json,connections\followers_and_following,3
file,recent_follow_requests.json,.json,connections\followers_and_following\recent_follow_requests.json,connections\followers_and_following,3
file,recently_unfollowed_profiles.json,.json,connections\followers_and_following\recently_unfollowed_profiles.json,connections\followers_and_following,3
file,removed_suggestions.json,.json,connections\followers_and_following\removed_suggestions.json,connections\followers_and_following,3
directory,logged_information,,logged_information,.,1
directory,link_history,,logged_information\link_history,logged_information,2
file,link_history.json,.json,logged_information\link_history\link_history.json,logged_information\link_history,3
file,your_link_history_settings.json,.json,logged_information\link_history\your_link_history_settings.json,logged_information\link_history,3
directory,past_instagram_insights,,logged_information\past_instagram_insights,logged_information,2
file,audience_insights.json,.json,logged_information\past_instagram_insights\audience_insights.json,logged_information\past_instagram_insights,3
file,content_interactions.json,.json,logged_information\past_instagram_insights\content_interactions.json,logged_information\past_instagram_insights,3
file,live_videos.json,.json,logged_information\past_instagram_insights\live_videos.json,logged_information\past_instagram_insights,3
file,posts.json,.json,logged_information\past_instagram_insights\posts.json,logged_information\past_instagram_insights,3
file,profiles_reached.json,.json,logged_information\past_instagram_insights\profiles_reached.json,logged_information\past_instagram_insights,3
directory,recent_searches,,logged_information\recent_searches,logged_information,2
file,profile_searches.json,.json,logged_information\recent_searches\profile_searches.json,logged_information\recent_searches,3
file,word_or_phrase_searches.json,.json,logged_information\recent_searches\word_or_phrase_searches.json,logged_information\recent_searches,3
directory,media,,media,.,1
directory,archived_live_videos,,media\archived_live_videos,media,2
directory,202603,,media\archived_live_videos\202603,media\archived_live_videos,3
file,18084058253523397.mp4,.mp4,media\archived_live_videos\202603\18084058253523397.mp4,media\archived_live_videos\202603,4
directory,archived_posts,,media\archived_posts,media,2
directory,202506,,media\archived_posts\202506,media\archived_posts,3
file,18047528834544533.webp,.webp,media\archived_posts\202506\18047528834544533.webp,media\archived_posts\202506,4
file,18375249451134855.webp,.webp,media\archived_posts\202506\18375249451134855.webp,media\archived_posts\202506,4
directory,202507,,media\archived_posts\202507,media\archived_posts,3
file,17849693895524956.jpg,.jpg,media\archived_posts\202507\17849693895524956.jpg,media\archived_posts\202507,4
file,17852867463457989.jpg,.jpg,media\archived_posts\202507\17852867463457989.jpg,media\archived_posts\202507,4
file,17872137420305316.jpg,.jpg,media\archived_posts\202507\17872137420305316.jpg,media\archived_posts\202507,4
file,17874864867288523.jpg,.jpg,media\archived_posts\202507\17874864867288523.jpg,media\archived_posts\202507,4
file,17915260431036187.jpg,.jpg,media\archived_posts\202507\17915260431036187.jpg,media\archived_posts\202507,4
file,17917208730133047.jpg,.jpg,media\archived_posts\202507\17917208730133047.jpg,media\archived_posts\202507,4
file,17946754215002060.jpg,.jpg,media\archived_posts\202507\17946754215002060.jpg,media\archived_posts\202507,4
file,18047107268269061.jpg,.jpg,media\archived_posts\202507\18047107268269061.jpg,media\archived_posts\202507,4
file,18105353041492764.jpg,.jpg,media\archived_posts\202507\18105353041492764.jpg,media\archived_posts\202507,4
file,18107129476541304.jpg,.jpg,media\archived_posts\202507\18107129476541304.jpg,media\archived_posts\202507,4
file,18110279194524030.jpg,.jpg,media\archived_posts\202507\18110279194524030.jpg,media\archived_posts\202507,4
file,18420228346098982.jpg,.jpg,media\archived_posts\202507\18420228346098982.jpg,media\archived_posts\202507,4
file,18516094192004142.jpg,.jpg,media\archived_posts\202507\18516094192004142.jpg,media\archived_posts\202507,4
directory,202508,,media\archived_posts\202508,media\archived_posts,3
file,17964250334953473.heic,.heic,media\archived_posts\202508\17964250334953473.heic,media\archived_posts\202508,4
file,17989461932697467.jpg,.jpg,media\archived_posts\202508\17989461932697467.jpg,media\archived_posts\202508,4
file,18051935765552156.heic,.heic,media\archived_posts\202508\18051935765552156.heic,media\archived_posts\202508,4
file,18052863092186154.jpg,.jpg,media\archived_posts\202508\18052863092186154.jpg,media\archived_posts\202508,4
file,18058030427110746.heic,.heic,media\archived_posts\202508\18058030427110746.heic,media\archived_posts\202508,4
file,18135225085449235.heic,.heic,media\archived_posts\202508\18135225085449235.heic,media\archived_posts\202508,4
file,18165151729367569.jpg,.jpg,media\archived_posts\202508\18165151729367569.jpg,media\archived_posts\202508,4
file,18191724718316321.jpg,.jpg,media\archived_posts\202508\18191724718316321.jpg,media\archived_posts\202508,4
directory,202509,,media\archived_posts\202509,media\archived_posts,3
file,17863277250470820.heic,.heic,media\archived_posts\202509\17863277250470820.heic,media\archived_posts\202509,4
file,17868756249448087.heic,.heic,media\archived_posts\202509\17868756249448087.heic,media\archived_posts\202509,4
file,17880221916283172.heic,.heic,media\archived_posts\202509\17880221916283172.heic,media\archived_posts\202509,4
file,17940056469073610.heic,.heic,media\archived_posts\202509\17940056469073610.heic,media\archived_posts\202509,4
file,17999353751817975.heic,.heic,media\archived_posts\202509\17999353751817975.heic,media\archived_posts\202509,4
file,18034312445509708.heic,.heic,media\archived_posts\202509\18034312445509708.heic,media\archived_posts\202509,4
file,18042052658415867.heic,.heic,media\archived_posts\202509\18042052658415867.heic,media\archived_posts\202509,4
file,18045348902662178.heic,.heic,media\archived_posts\202509\18045348902662178.heic,media\archived_posts\202509,4
file,18054055631236349.jpg,.jpg,media\archived_posts\202509\18054055631236349.jpg,media\archived_posts\202509,4
file,18058544219399800.heic,.heic,media\archived_posts\202509\18058544219399800.heic,media\archived_posts\202509,4
file,18062116946591406.heic,.heic,media\archived_posts\202509\18062116946591406.heic,media\archived_posts\202509,4
file,18065407670245018.heic,.heic,media\archived_posts\202509\18065407670245018.heic,media\archived_posts\202509,4
file,18069327743218353.heic,.heic,media\archived_posts\202509\18069327743218353.heic,media\archived_posts\202509,4
file,18073022969322992.heic,.heic,media\archived_posts\202509\18073022969322992.heic,media\archived_posts\202509,4
file,18078540188318620.heic,.heic,media\archived_posts\202509\18078540188318620.heic,media\archived_posts\202509,4
file,18088754584885378.heic,.heic,media\archived_posts\202509\18088754584885378.heic,media\archived_posts\202509,4
file,18182720425336723.heic,.heic,media\archived_posts\202509\18182720425336723.heic,media\archived_posts\202509,4
file,18286479991278464.heic,.heic,media\archived_posts\202509\18286479991278464.heic,media\archived_posts\202509,4
file,18342138532202511.heic,.heic,media\archived_posts\202509\18342138532202511.heic,media\archived_posts\202509,4
file,18356878456093919.heic,.heic,media\archived_posts\202509\18356878456093919.heic,media\archived_posts\202509,4
directory,202510,,media\archived_posts\202510,media\archived_posts,3
file,18075148802114112.jpg,.jpg,media\archived_posts\202510\18075148802114112.jpg,media\archived_posts\202510,4
file,18077221580115201.heic,.heic,media\archived_posts\202510\18077221580115201.heic,media\archived_posts\202510,4
directory,202511,,media\archived_posts\202511,media\archived_posts,3
file,17842300923619019.heic,.heic,media\archived_posts\202511\17842300923619019.heic,media\archived_posts\202511,4
file,17843554404603882.jpg,.jpg,media\archived_posts\202511\17843554404603882.jpg,media\archived_posts\202511,4
file,17864492475435271.heic,.heic,media\archived_posts\202511\17864492475435271.heic,media\archived_posts\202511,4
file,17870011365466865.heic,.heic,media\archived_posts\202511\17870011365466865.heic,media\archived_posts\202511,4
file,17889933270383051.jpg,.jpg,media\archived_posts\202511\17889933270383051.jpg,media\archived_posts\202511,4
file,17899979814317487.jpg,.jpg,media\archived_posts\202511\17899979814317487.jpg,media\archived_posts\202511,4
file,17901779088321154.heic,.heic,media\archived_posts\202511\17901779088321154.heic,media\archived_posts\202511,4
file,17914836840230087.heic,.heic,media\archived_posts\202511\17914836840230087.heic,media\archived_posts\202511,4
file,17917262403084987.jpg,.jpg,media\archived_posts\202511\17917262403084987.jpg,media\archived_posts\202511,4
file,17917596309208283.jpg,.jpg,media\archived_posts\202511\17917596309208283.jpg,media\archived_posts\202511,4
file,17922314778188924.heic,.heic,media\archived_posts\202511\17922314778188924.heic,media\archived_posts\202511,4
file,17922386610188051.jpg,.jpg,media\archived_posts\202511\17922386610188051.jpg,media\archived_posts\202511,4
file,17929002975137260.heic,.heic,media\archived_posts\202511\17929002975137260.heic,media\archived_posts\202511,4
file,17932323450107335.heic,.heic,media\archived_posts\202511\17932323450107335.heic,media\archived_posts\202511,4
file,17967793802975592.jpg,.jpg,media\archived_posts\202511\17967793802975592.jpg,media\archived_posts\202511,4
file,17969304056816763.jpg,.jpg,media\archived_posts\202511\17969304056816763.jpg,media\archived_posts\202511,4
file,17978607257778291.jpg,.jpg,media\archived_posts\202511\17978607257778291.jpg,media\archived_posts\202511,4
file,18034402268721494.heic,.heic,media\archived_posts\202511\18034402268721494.heic,media\archived_posts\202511,4
file,18045198629459354.jpg,.jpg,media\archived_posts\202511\18045198629459354.jpg,media\archived_posts\202511,4
file,18056757206282484.heic,.heic,media\archived_posts\202511\18056757206282484.heic,media\archived_posts\202511,4
file,18057089636254934.jpg,.jpg,media\archived_posts\202511\18057089636254934.jpg,media\archived_posts\202511,4
file,18059339888550986.jpg,.jpg,media\archived_posts\202511\18059339888550986.jpg,media\archived_posts\202511,4
file,18063987545411619.jpg,.jpg,media\archived_posts\202511\18063987545411619.jpg,media\archived_posts\202511,4
file,18069669209459929.mp4,.mp4,media\archived_posts\202511\18069669209459929.mp4,media\archived_posts\202511,4
file,18085739107983148.heic,.heic,media\archived_posts\202511\18085739107983148.heic,media\archived_posts\202511,4
file,18085792372984982.heic,.heic,media\archived_posts\202511\18085792372984982.heic,media\archived_posts\202511,4
file,18086485271296355.jpg,.jpg,media\archived_posts\202511\18086485271296355.jpg,media\archived_posts\202511,4
file,18086495527990135.heic,.heic,media\archived_posts\202511\18086495527990135.heic,media\archived_posts\202511,4
file,18087340279963534.heic,.heic,media\archived_posts\202511\18087340279963534.heic,media\archived_posts\202511,4
file,18087545140937780.heic,.heic,media\archived_posts\202511\18087545140937780.heic,media\archived_posts\202511,4
file,18088132216743777.jpg,.jpg,media\archived_posts\202511\18088132216743777.jpg,media\archived_posts\202511,4
file,18088407469939179.heic,.heic,media\archived_posts\202511\18088407469939179.heic,media\archived_posts\202511,4
file,18090067642926235.jpg,.jpg,media\archived_posts\202511\18090067642926235.jpg,media\archived_posts\202511,4
file,18093805381895176.heic,.heic,media\archived_posts\202511\18093805381895176.heic,media\archived_posts\202511,4
file,18095171287658268.jpg,.jpg,media\archived_posts\202511\18095171287658268.jpg,media\archived_posts\202511,4
file,18098037163765393.heic,.heic,media\archived_posts\202511\18098037163765393.heic,media\archived_posts\202511,4
file,18100417054682411.heic,.heic,media\archived_posts\202511\18100417054682411.heic,media\archived_posts\202511,4
file,18101596513670379.jpg,.jpg,media\archived_posts\202511\18101596513670379.jpg,media\archived_posts\202511,4
file,18113542066506400.jpg,.jpg,media\archived_posts\202511\18113542066506400.jpg,media\archived_posts\202511,4
file,18116828044557474.heic,.heic,media\archived_posts\202511\18116828044557474.heic,media\archived_posts\202511,4
file,18132240802476819.jpg,.jpg,media\archived_posts\202511\18132240802476819.jpg,media\archived_posts\202511,4
file,18133542700480309.jpg,.jpg,media\archived_posts\202511\18133542700480309.jpg,media\archived_posts\202511,4
file,18173316379367194.jpg,.jpg,media\archived_posts\202511\18173316379367194.jpg,media\archived_posts\202511,4
file,18181569187359243.heic,.heic,media\archived_posts\202511\18181569187359243.heic,media\archived_posts\202511,4
file,18192487465331108.jpg,.jpg,media\archived_posts\202511\18192487465331108.jpg,media\archived_posts\202511,4
file,18303121294271501.jpg,.jpg,media\archived_posts\202511\18303121294271501.jpg,media\archived_posts\202511,4
file,18317575426219963.heic,.heic,media\archived_posts\202511\18317575426219963.heic,media\archived_posts\202511,4
file,18342986044212200.heic,.heic,media\archived_posts\202511\18342986044212200.heic,media\archived_posts\202511,4
file,18380280199199155.jpg,.jpg,media\archived_posts\202511\18380280199199155.jpg,media\archived_posts\202511,4
file,18408490000190621.jpg,.jpg,media\archived_posts\202511\18408490000190621.jpg,media\archived_posts\202511,4
file,18434338591100252.jpg,.jpg,media\archived_posts\202511\18434338591100252.jpg,media\archived_posts\202511,4
file,18505871092066888.heic,.heic,media\archived_posts\202511\18505871092066888.heic,media\archived_posts\202511,4
directory,202512,,media\archived_posts\202512,media\archived_posts,3
file,17861466936551009.jpg,.jpg,media\archived_posts\202512\17861466936551009.jpg,media\archived_posts\202512,4
file,17897411112204067.heic,.heic,media\archived_posts\202512\17897411112204067.heic,media\archived_posts\202512,4
file,17901359343341208.jpg,.jpg,media\archived_posts\202512\17901359343341208.jpg,media\archived_posts\202512,4
file,18041533646503677.jpg,.jpg,media\archived_posts\202512\18041533646503677.jpg,media\archived_posts\202512,4
file,18052606337357280.jpg,.jpg,media\archived_posts\202512\18052606337357280.jpg,media\archived_posts\202512,4
file,18069265385621339.jpg,.jpg,media\archived_posts\202512\18069265385621339.jpg,media\archived_posts\202512,4
file,18082900817032111.heic,.heic,media\archived_posts\202512\18082900817032111.heic,media\archived_posts\202512,4
file,18088220524791823.heic,.heic,media\archived_posts\202512\18088220524791823.heic,media\archived_posts\202512,4
file,18094202593922701.heic,.heic,media\archived_posts\202512\18094202593922701.heic,media\archived_posts\202512,4
file,18126695248504177.heic,.heic,media\archived_posts\202512\18126695248504177.heic,media\archived_posts\202512,4
file,18132087121491768.heic,.heic,media\archived_posts\202512\18132087121491768.heic,media\archived_posts\202512,4
file,18138488740472514.heic,.heic,media\archived_posts\202512\18138488740472514.heic,media\archived_posts\202512,4
file,18326519458245215.jpg,.jpg,media\archived_posts\202512\18326519458245215.jpg,media\archived_posts\202512,4
file,18374548876152238.jpg,.jpg,media\archived_posts\202512\18374548876152238.jpg,media\archived_posts\202512,4
directory,202601,,media\archived_posts\202601,media\archived_posts,3
file,17964278525880062.heic,.heic,media\archived_posts\202601\17964278525880062.heic,media\archived_posts\202601,4
file,18033267974557779.heic,.heic,media\archived_posts\202601\18033267974557779.heic,media\archived_posts\202601,4
directory,202602,,media\archived_posts\202602,media\archived_posts,3
file,18093895859005085.heic,.heic,media\archived_posts\202602\18093895859005085.heic,media\archived_posts\202602,4
directory,202603,,media\archived_posts\202603,media\archived_posts,3
file,17867020011581160.heic,.heic,media\archived_posts\202603\17867020011581160.heic,media\archived_posts\202603,4
file,17979950534988862.heic,.heic,media\archived_posts\202603\17979950534988862.heic,media\archived_posts\202603,4
file,18152848807405244.heic,.heic,media\archived_posts\202603\18152848807405244.heic,media\archived_posts\202603,4
directory,other,,media\other,media,2
file,17847359010557882.jpg,.jpg,media\other\17847359010557882.jpg,media\other,3
file,17849064186528454.heic,.heic,media\other\17849064186528454.heic,media\other,3
file,17854796541378052.webp,.webp,media\other\17854796541378052.webp,media\other,3
file,17861624382670397.jpg,.jpg,media\other\17861624382670397.jpg,media\other,3
file,17863885833498592.heic,.heic,media\other\17863885833498592.heic,media\other,3
file,17866381965504218.heic,.heic,media\other\17866381965504218.heic,media\other,3
file,17872300602422469.heic,.heic,media\other\17872300602422469.heic,media\other,3
file,17872430007261168.webp,.webp,media\other\17872430007261168.webp,media\other,3
file,17872553043391775.webp,.webp,media\other\17872553043391775.webp,media\other,3
file,17873172438264374.webp,.webp,media\other\17873172438264374.webp,media\other,3
file,17875056231393228.heic,.heic,media\other\17875056231393228.heic,media\other,3
file,17875418940452528.jpg,.jpg,media\other\17875418940452528.jpg,media\other,3
file,17875878822402439.jpg,.jpg,media\other\17875878822402439.jpg,media\other,3
file,17878479537530817.heic,.heic,media\other\17878479537530817.heic,media\other,3
file,17879804322463456.heic,.heic,media\other\17879804322463456.heic,media\other,3
file,17880083508545725.heic,.heic,media\other\17880083508545725.heic,media\other,3
file,17884296426372811.heic,.heic,media\other\17884296426372811.heic,media\other,3
file,17887582128401909.heic,.heic,media\other\17887582128401909.heic,media\other,3
file,17890986390124586.webp,.webp,media\other\17890986390124586.webp,media\other,3
file,17894186490314662.heic,.heic,media\other\17894186490314662.heic,media\other,3
file,17909687991165181.heic,.heic,media\other\17909687991165181.heic,media\other,3
file,17911658976321221.heic,.heic,media\other\17911658976321221.heic,media\other,3
file,17912676003229206.jpg,.jpg,media\other\17912676003229206.jpg,media\other,3
file,17917668183093165.heic,.heic,media\other\17917668183093165.heic,media\other,3
file,17918079897106329.jpg,.jpg,media\other\17918079897106329.jpg,media\other,3
file,17919814770276603.heic,.heic,media\other\17919814770276603.heic,media\other,3
file,17920432179070572.jpg,.jpg,media\other\17920432179070572.jpg,media\other,3
file,17920870317278567.jpg,.jpg,media\other\17920870317278567.jpg,media\other,3
file,17922384140985023.webp,.webp,media\other\17922384140985023.webp,media\other,3
file,17924195556139020.heic,.heic,media\other\17924195556139020.heic,media\other,3
file,17925504012015951.heic,.heic,media\other\17925504012015951.heic,media\other,3
file,17926986462116362.heic,.heic,media\other\17926986462116362.heic,media\other,3
file,17929204913982748.heic,.heic,media\other\17929204913982748.heic,media\other,3
file,17929553244207174.jpg,.jpg,media\other\17929553244207174.jpg,media\other,3
file,17930033556064826.webp,.webp,media\other\17930033556064826.webp,media\other,3
file,17930282565134599.jpg,.jpg,media\other\17930282565134599.jpg,media\other,3
file,17930701746105727.jpg,.jpg,media\other\17930701746105727.jpg,media\other,3
file,17933412192034618.webp,.webp,media\other\17933412192034618.webp,media\other,3
file,17934218790158374.heic,.heic,media\other\17934218790158374.heic,media\other,3
file,17936001386966228.heic,.heic,media\other\17936001386966228.heic,media\other,3
file,17936379846018042.webp,.webp,media\other\17936379846018042.webp,media\other,3
file,17950408295868244.webp,.webp,media\other\17950408295868244.webp,media\other,3
file,17962587800950907.jpg,.jpg,media\other\17962587800950907.jpg,media\other,3
file,17962748763004216.heic,.heic,media\other\17962748763004216.heic,media\other,3
file,17962888952833662.heic,.heic,media\other\17962888952833662.heic,media\other,3
file,17964976694864314.webp,.webp,media\other\17964976694864314.webp,media\other,3
file,17966298875884828.jpg,.jpg,media\other\17966298875884828.jpg,media\other,3
file,17968343006903881.webp,.webp,media\other\17968343006903881.webp,media\other,3
file,17973197189940389.heic,.heic,media\other\17973197189940389.heic,media\other,3
file,17976340031707558.webp,.webp,media\other\17976340031707558.webp,media\other,3
file,17979792275871665.heic,.heic,media\other\17979792275871665.heic,media\other,3
file,17980936313869820.heic,.heic,media\other\17980936313869820.heic,media\other,3
file,17985109148958154.heic,.heic,media\other\17985109148958154.heic,media\other,3
file,17989672352832664.jpg,.jpg,media\other\17989672352832664.jpg,media\other,3
file,17997305438783827.webp,.webp,media\other\17997305438783827.webp,media\other,3
file,17999947124855636.heic,.heic,media\other\17999947124855636.heic,media\other,3
file,18000394148792131.webp,.webp,media\other\18000394148792131.webp,media\other,3
file,18005578574816850.heic,.heic,media\other\18005578574816850.heic,media\other,3
file,18006236672619202.jpg,.jpg,media\other\18006236672619202.jpg,media\other,3
file,18011395739570567.webp,.webp,media\other\18011395739570567.webp,media\other,3
file,18014373737784988.heic,.heic,media\other\18014373737784988.heic,media\other,3
file,18015385883709674.webp,.webp,media\other\18015385883709674.webp,media\other,3
file,18020738408825944.heic,.heic,media\other\18020738408825944.heic,media\other,3
file,18021797120736844.heic,.heic,media\other\18021797120736844.heic,media\other,3
file,18029058449544150.jpg,.jpg,media\other\18029058449544150.jpg,media\other,3
file,18031924079413212.webp,.webp,media\other\18031924079413212.webp,media\other,3
file,18031993658639776.webp,.webp,media\other\18031993658639776.webp,media\other,3
file,18033646022738002.heic,.heic,media\other\18033646022738002.heic,media\other,3
file,18033843710782641.jpg,.jpg,media\other\18033843710782641.jpg,media\other,3
file,18033898760694725.webp,.webp,media\other\18033898760694725.webp,media\other,3
file,18036839141430059.jpg,.jpg,media\other\18036839141430059.jpg,media\other,3
file,18037605881584954.heic,.heic,media\other\18037605881584954.heic,media\other,3
file,18039037958630683.webp,.webp,media\other\18039037958630683.webp,media\other,3
file,18041743004445884.webp,.webp,media\other\18041743004445884.webp,media\other,3
file,18042380927549761.webp,.webp,media\other\18042380927549761.webp,media\other,3
file,18045529847270168.webp,.webp,media\other\18045529847270168.webp,media\other,3
file,18046288877720154.heic,.heic,media\other\18046288877720154.heic,media\other,3
file,18047445530315860.heic,.heic,media\other\18047445530315860.heic,media\other,3
file,18048331829718928.jpg,.jpg,media\other\18048331829718928.jpg,media\other,3
file,18048527441102405.webp,.webp,media\other\18048527441102405.webp,media\other,3
file,18049118963330334.heic,.heic,media\other\18049118963330334.heic,media\other,3
file,18049726091204086.jpg,.jpg,media\other\18049726091204086.jpg,media\other,3
file,18049758899526412.webp,.webp,media\other\18049758899526412.webp,media\other,3
file,18050296673311917.heic,.heic,media\other\18050296673311917.heic,media\other,3
file,18050586812329507.heic,.heic,media\other\18050586812329507.heic,media\other,3
file,18053471942338124.webp,.webp,media\other\18053471942338124.webp,media\other,3
file,18053902460196164.jpg,.jpg,media\other\18053902460196164.jpg,media\other,3
file,18054257560998901.webp,.webp,media\other\18054257560998901.webp,media\other,3
file,18054789212672915.heic,.heic,media\other\18054789212672915.heic,media\other,3
file,18055903496250438.heic,.heic,media\other\18055903496250438.heic,media\other,3
file,18056313671181894.webp,.webp,media\other\18056313671181894.webp,media\other,3
file,18057168041549516.heic,.heic,media\other\18057168041549516.heic,media\other,3
file,18057703667119954.heic,.heic,media\other\18057703667119954.heic,media\other,3
file,18057819101257411.heic,.heic,media\other\18057819101257411.heic,media\other,3
file,18058041515219851.webp,.webp,media\other\18058041515219851.webp,media\other,3
file,18058160176949896.webp,.webp,media\other\18058160176949896.webp,media\other,3
file,18058403624392047.heic,.heic,media\other\18058403624392047.heic,media\other,3
file,18059220602075934.jpg,.jpg,media\other\18059220602075934.jpg,media\other,3
file,18059643593628046.heic,.heic,media\other\18059643593628046.heic,media\other,3
file,18060220085152082.webp,.webp,media\other\18060220085152082.webp,media\other,3
file,18060622181337081.webp,.webp,media\other\18060622181337081.webp,media\other,3
file,18060744089391389.heic,.heic,media\other\18060744089391389.heic,media\other,3
file,18060838871118102.heic,.heic,media\other\18060838871118102.heic,media\other,3
file,18062330615036634.webp,.webp,media\other\18062330615036634.webp,media\other,3
file,18062567639468203.jpg,.jpg,media\other\18062567639468203.jpg,media\other,3
file,18063011090426308.heic,.heic,media\other\18063011090426308.heic,media\other,3
file,18063201704574046.heic,.heic,media\other\18063201704574046.heic,media\other,3
file,18065714954012504.webp,.webp,media\other\18065714954012504.webp,media\other,3
file,18065784761663252.jpg,.jpg,media\other\18065784761663252.jpg,media\other,3
file,18066623266907394.jpg,.jpg,media\other\18066623266907394.jpg,media\other,3
file,18069301804780914.webp,.webp,media\other\18069301804780914.webp,media\other,3
file,18074075183085353.jpg,.jpg,media\other\18074075183085353.jpg,media\other,3
file,18074251484180086.heic,.heic,media\other\18074251484180086.heic,media\other,3
file,18074405039209828.heic,.heic,media\other\18074405039209828.heic,media\other,3
file,18074544869176759.heic,.heic,media\other\18074544869176759.heic,media\other,3
file,18075381668254358.heic,.heic,media\other\18075381668254358.heic,media\other,3
file,18076901531068155.jpg,.jpg,media\other\18076901531068155.jpg,media\other,3
file,18077435333130157.heic,.heic,media\other\18077435333130157.heic,media\other,3
file,18079337033088431.heic,.heic,media\other\18079337033088431.heic,media\other,3
file,18080142919842465.webp,.webp,media\other\18080142919842465.webp,media\other,3
file,18081311537515326.heic,.heic,media\other\18081311537515326.heic,media\other,3
file,18082295824944037.heic,.heic,media\other\18082295824944037.heic,media\other,3
file,18082991476930291.jpg,.jpg,media\other\18082991476930291.jpg,media\other,3
file,18084117014501653.heic,.heic,media\other\18084117014501653.heic,media\other,3
file,18084396712938709.heic,.heic,media\other\18084396712938709.heic,media\other,3
file,18084456460870588.jpg,.jpg,media\other\18084456460870588.jpg,media\other,3
file,18086092546811816.jpg,.jpg,media\other\18086092546811816.jpg,media\other,3
file,18086577670789069.heic,.heic,media\other\18086577670789069.heic,media\other,3
file,18087822296261434.heic,.heic,media\other\18087822296261434.heic,media\other,3
file,18087959398900708.heic,.heic,media\other\18087959398900708.heic,media\other,3
file,18088069397192203.jpg,.jpg,media\other\18088069397192203.jpg,media\other,3
file,18088788622848130.heic,.heic,media\other\18088788622848130.heic,media\other,3
file,18089046539169888.heic,.heic,media\other\18089046539169888.heic,media\other,3
file,18089305405931075.jpg,.jpg,media\other\18089305405931075.jpg,media\other,3
file,18089310905478739.heic,.heic,media\other\18089310905478739.heic,media\other,3
file,18090262978750425.heic,.heic,media\other\18090262978750425.heic,media\other,3
file,18090843191152588.jpg,.jpg,media\other\18090843191152588.jpg,media\other,3
file,18091054441811923.heic,.heic,media\other\18091054441811923.heic,media\other,3
file,18091154566687128.heic,.heic,media\other\18091154566687128.heic,media\other,3
file,18091200856776164.heic,.heic,media\other\18091200856776164.heic,media\other,3
file,18091301725743013.heic,.heic,media\other\18091301725743013.heic,media\other,3
file,18091621033638203.webp,.webp,media\other\18091621033638203.webp,media\other,3
file,18092938001068859.heic,.heic,media\other\18092938001068859.heic,media\other,3
file,18093260005907528.heic,.heic,media\other\18093260005907528.heic,media\other,3
file,18093855835712308.webp,.webp,media\other\18093855835712308.webp,media\other,3
file,18094411234648440.heic,.heic,media\other\18094411234648440.heic,media\other,3
file,18094716907835416.heic,.heic,media\other\18094716907835416.heic,media\other,3
file,18094893517778975.jpg,.jpg,media\other\18094893517778975.jpg,media\other,3
file,18095292547521886.webp,.webp,media\other\18095292547521886.webp,media\other,3
file,18097034308571993.heic,.heic,media\other\18097034308571993.heic,media\other,3
file,18097370905786893.heic,.heic,media\other\18097370905786893.heic,media\other,3
file,18097565833642332.heic,.heic,media\other\18097565833642332.heic,media\other,3
file,18098719291638829.heic,.heic,media\other\18098719291638829.heic,media\other,3
file,18099850897671409.heic,.heic,media\other\18099850897671409.heic,media\other,3
file,18103498870543205.heic,.heic,media\other\18103498870543205.heic,media\other,3
file,18104995438685737.jpg,.jpg,media\other\18104995438685737.jpg,media\other,3
file,18105129202689098.heic,.heic,media\other\18105129202689098.heic,media\other,3
file,18105843256463157.webp,.webp,media\other\18105843256463157.webp,media\other,3
file,18106780591493864.jpg,.jpg,media\other\18106780591493864.jpg,media\other,3
file,18106992367735150.heic,.heic,media\other\18106992367735150.heic,media\other,3
file,18107994547499258.heic,.heic,media\other\18107994547499258.heic,media\other,3
file,18112960777494365.webp,.webp,media\other\18112960777494365.webp,media\other,3
file,18113348233654884.jpg,.jpg,media\other\18113348233654884.jpg,media\other,3
file,18114549877497352.jpg,.jpg,media\other\18114549877497352.jpg,media\other,3
file,18115273858516182.heic,.heic,media\other\18115273858516182.heic,media\other,3
file,18115341883498004.webp,.webp,media\other\18115341883498004.webp,media\other,3
file,18115844122658725.jpg,.jpg,media\other\18115844122658725.jpg,media\other,3
file,18116008774470729.webp,.webp,media\other\18116008774470729.webp,media\other,3
file,18118477798479192.webp,.webp,media\other\18118477798479192.webp,media\other,3
file,18123160681489228.heic,.heic,media\other\18123160681489228.heic,media\other,3
file,18125978095454045.webp,.webp,media\other\18125978095454045.webp,media\other,3
file,18130107307522348.heic,.heic,media\other\18130107307522348.heic,media\other,3
file,18131171554382485.webp,.webp,media\other\18131171554382485.webp,media\other,3
file,18141850384439708.heic,.heic,media\other\18141850384439708.heic,media\other,3
file,18159547360359104.jpg,.jpg,media\other\18159547360359104.jpg,media\other,3
file,18160931245359878.webp,.webp,media\other\18160931245359878.webp,media\other,3
file,18186528295323892.heic,.heic,media\other\18186528295323892.heic,media\other,3
file,18189247138327887.heic,.heic,media\other\18189247138327887.heic,media\other,3
file,18190453264359510.jpg,.jpg,media\other\18190453264359510.jpg,media\other,3
file,18208699351309430.heic,.heic,media\other\18208699351309430.heic,media\other,3
file,18278211481269801.webp,.webp,media\other\18278211481269801.webp,media\other,3
file,18283591723302061.webp,.webp,media\other\18283591723302061.webp,media\other,3
file,18296224429275967.jpg,.jpg,media\other\18296224429275967.jpg,media\other,3
file,18299803774218720.jpg,.jpg,media\other\18299803774218720.jpg,media\other,3
file,18323052103233993.jpg,.jpg,media\other\18323052103233993.jpg,media\other,3
file,18329112172233883.heic,.heic,media\other\18329112172233883.heic,media\other,3
file,18333483742224523.heic,.heic,media\other\18333483742224523.heic,media\other,3
file,18334138318300241.jpg,.jpg,media\other\18334138318300241.jpg,media\other,3
file,18357913615199202.webp,.webp,media\other\18357913615199202.webp,media\other,3
file,18361650307156543.heic,.heic,media\other\18361650307156543.heic,media\other,3
file,18367941760181226.jpg,.jpg,media\other\18367941760181226.jpg,media\other,3
file,18368412070144703.heic,.heic,media\other\18368412070144703.heic,media\other,3
file,18399623266130855.heic,.heic,media\other\18399623266130855.heic,media\other,3
file,18403321978181340.jpg,.jpg,media\other\18403321978181340.jpg,media\other,3
file,18410678491126096.heic,.heic,media\other\18410678491126096.heic,media\other,3
file,18421226836129837.heic,.heic,media\other\18421226836129837.heic,media\other,3
file,18472811317067913.webp,.webp,media\other\18472811317067913.webp,media\other,3
file,18503339866032810.webp,.webp,media\other\18503339866032810.webp,media\other,3
file,18549181390007653.jpg,.jpg,media\other\18549181390007653.jpg,media\other,3
directory,202508,,media\other\202508,media\other,3
file,17890812387182066.jpg,.jpg,media\other\202508\17890812387182066.jpg,media\other\202508,4
file,18026385455510287.mp4,.mp4,media\other\202508\18026385455510287.mp4,media\other\202508,4
file,18034737884466733.mp4,.mp4,media\other\202508\18034737884466733.mp4,media\other\202508,4
file,18035951297462830.jpg,.jpg,media\other\202508\18035951297462830.jpg,media\other\202508,4
file,18037803611674747.jpg,.jpg,media\other\202508\18037803611674747.jpg,media\other\202508,4
file,18051286325226056.jpg,.jpg,media\other\202508\18051286325226056.jpg,media\other\202508,4
file,18056255543457183.jpg,.jpg,media\other\202508\18056255543457183.jpg,media\other\202508,4
file,18072236975319526.jpg,.jpg,media\other\202508\18072236975319526.jpg,media\other\202508,4
file,18076220177050323.jpg,.jpg,media\other\202508\18076220177050323.jpg,media\other\202508,4
file,18079725604931500.jpg,.jpg,media\other\202508\18079725604931500.jpg,media\other\202508,4
file,18088359907762005.jpg,.jpg,media\other\202508\18088359907762005.jpg,media\other\202508,4
file,18097126207628115.jpg,.jpg,media\other\202508\18097126207628115.jpg,media\other\202508,4
file,18102975886505952.jpg,.jpg,media\other\202508\18102975886505952.jpg,media\other\202508,4
file,18104861236565624.jpg,.jpg,media\other\202508\18104861236565624.jpg,media\other\202508,4
directory,202509,,media\other\202509,media\other,3
file,17842083675587084.mp4,.mp4,media\other\202509\17842083675587084.mp4,media\other\202509,4
file,17891582481199948.jpg,.jpg,media\other\202509\17891582481199948.jpg,media\other\202509,4
file,17913456417198404.mp4,.mp4,media\other\202509\17913456417198404.mp4,media\other\202509,4
file,17944554165045880.mp4,.mp4,media\other\202509\17944554165045880.mp4,media\other\202509,4
file,17957080943993266.mp4,.mp4,media\other\202509\17957080943993266.mp4,media\other\202509,4
file,17963147369987166.jpg,.jpg,media\other\202509\17963147369987166.jpg,media\other\202509,4
file,17983912841856975.mp4,.mp4,media\other\202509\17983912841856975.mp4,media\other\202509,4
file,18008773268796151.mp4,.mp4,media\other\202509\18008773268796151.mp4,media\other\202509,4
file,18027186542723493.mp4,.mp4,media\other\202509\18027186542723493.mp4,media\other\202509,4
file,18039737495466237.mp4,.mp4,media\other\202509\18039737495466237.mp4,media\other\202509,4
file,18042122966405359.mp4,.mp4,media\other\202509\18042122966405359.mp4,media\other\202509,4
file,18064168283357716.jpg,.jpg,media\other\202509\18064168283357716.jpg,media\other\202509,4
file,18068436119196004.jpg,.jpg,media\other\202509\18068436119196004.jpg,media\other\202509,4
file,18082998256935737.mp4,.mp4,media\other\202509\18082998256935737.mp4,media\other\202509,4
file,18087010021892696.jpg,.jpg,media\other\202509\18087010021892696.jpg,media\other\202509,4
file,18106502449586804.mp4,.mp4,media\other\202509\18106502449586804.mp4,media\other\202509,4
file,18110853655482981.mp4,.mp4,media\other\202509\18110853655482981.mp4,media\other\202509,4
file,18164947834374602.mp4,.mp4,media\other\202509\18164947834374602.mp4,media\other\202509,4
file,18326352076236905.jpg,.jpg,media\other\202509\18326352076236905.jpg,media\other\202509,4
file,18365652364154018.jpg,.jpg,media\other\202509\18365652364154018.jpg,media\other\202509,4
directory,202510,,media\other\202510,media\other,3
file,17852154891560945.jpg,.jpg,media\other\202510\17852154891560945.jpg,media\other\202510,4
file,17879445711408275.mp4,.mp4,media\other\202510\17879445711408275.mp4,media\other\202510,4
file,17887801053369321.jpg,.jpg,media\other\202510\17887801053369321.jpg,media\other\202510,4
file,17894118189343860.jpg,.jpg,media\other\202510\17894118189343860.jpg,media\other\202510,4
file,17903067918148258.jpg,.jpg,media\other\202510\17903067918148258.jpg,media\other\202510,4
file,17903158125269120.jpg,.jpg,media\other\202510\17903158125269120.jpg,media\other\202510,4
file,17938133052066651.jpg,.jpg,media\other\202510\17938133052066651.jpg,media\other\202510,4
file,17986871456903289.mp4,.mp4,media\other\202510\17986871456903289.mp4,media\other\202510,4
file,18004356125812785.jpg,.jpg,media\other\202510\18004356125812785.jpg,media\other\202510,4
file,18019565984788002.jpg,.jpg,media\other\202510\18019565984788002.jpg,media\other\202510,4
file,18020673629772823.jpg,.jpg,media\other\202510\18020673629772823.jpg,media\other\202510,4
file,18025499663562337.jpg,.jpg,media\other\202510\18025499663562337.jpg,media\other\202510,4
file,18036731120705432.jpg,.jpg,media\other\202510\18036731120705432.jpg,media\other\202510,4
file,18041092313697817.mp4,.mp4,media\other\202510\18041092313697817.mp4,media\other\202510,4
file,18047911733356439.mp4,.mp4,media\other\202510\18047911733356439.mp4,media\other\202510,4
file,18048338750346605.mp4,.mp4,media\other\202510\18048338750346605.mp4,media\other\202510,4
file,18058920611234016.jpg,.jpg,media\other\202510\18058920611234016.jpg,media\other\202510,4
file,18064750874456052.mp4,.mp4,media\other\202510\18064750874456052.mp4,media\other\202510,4
file,18067479533599185.jpg,.jpg,media\other\202510\18067479533599185.jpg,media\other\202510,4
file,18067952351364300.jpg,.jpg,media\other\202510\18067952351364300.jpg,media\other\202510,4
file,18069631385248501.jpg,.jpg,media\other\202510\18069631385248501.jpg,media\other\202510,4
file,18071750681352250.jpg,.jpg,media\other\202510\18071750681352250.jpg,media\other\202510,4
file,18073586303183843.jpg,.jpg,media\other\202510\18073586303183843.jpg,media\other\202510,4
file,18080212409092631.jpg,.jpg,media\other\202510\18080212409092631.jpg,media\other\202510,4
file,18080978836844074.jpg,.jpg,media\other\202510\18080978836844074.jpg,media\other\202510,4
file,18083302999800726.jpg,.jpg,media\other\202510\18083302999800726.jpg,media\other\202510,4
file,18083648165478077.jpg,.jpg,media\other\202510\18083648165478077.jpg,media\other\202510,4
file,18083840539982113.jpg,.jpg,media\other\202510\18083840539982113.jpg,media\other\202510,4
file,18084839416766108.mp4,.mp4,media\other\202510\18084839416766108.mp4,media\other\202510,4
file,18091387456698146.mp4,.mp4,media\other\202510\18091387456698146.mp4,media\other\202510,4
file,18092510398646097.jpg,.jpg,media\other\202510\18092510398646097.jpg,media\other\202510,4
file,18092724343864368.jpg,.jpg,media\other\202510\18092724343864368.jpg,media\other\202510,4
file,18106080226606182.mp4,.mp4,media\other\202510\18106080226606182.mp4,media\other\202510,4
file,18118709422523258.jpg,.jpg,media\other\202510\18118709422523258.jpg,media\other\202510,4
file,18118891213519659.jpg,.jpg,media\other\202510\18118891213519659.jpg,media\other\202510,4
file,18123623932502788.jpg,.jpg,media\other\202510\18123623932502788.jpg,media\other\202510,4
file,18140805208437994.jpg,.jpg,media\other\202510\18140805208437994.jpg,media\other\202510,4
file,18162945760379102.jpg,.jpg,media\other\202510\18162945760379102.jpg,media\other\202510,4
file,18295082041284616.mp4,.mp4,media\other\202510\18295082041284616.mp4,media\other\202510,4
file,18296848117269205.jpg,.jpg,media\other\202510\18296848117269205.jpg,media\other\202510,4
file,18298599799255603.jpg,.jpg,media\other\202510\18298599799255603.jpg,media\other\202510,4
file,18348384532165378.jpg,.jpg,media\other\202510\18348384532165378.jpg,media\other\202510,4
directory,202511,,media\other\202511,media\other,3
file,17873974779443519.mp4,.mp4,media\other\202511\17873974779443519.mp4,media\other\202511,4
file,17900019237181672.jpg,.jpg,media\other\202511\17900019237181672.jpg,media\other\202511,4
file,17929321524168691.png,.png,media\other\202511\17929321524168691.png,media\other\202511,4
file,17950143990060071.mp4,.mp4,media\other\202511\17950143990060071.mp4,media\other\202511,4
file,17952731379027587.jpg,.jpg,media\other\202511\17952731379027587.jpg,media\other\202511,4
file,18000367370834892.jpg,.jpg,media\other\202511\18000367370834892.jpg,media\other\202511,4
file,18033754040526851.jpg,.jpg,media\other\202511\18033754040526851.jpg,media\other\202511,4
file,18058785155272489.jpg,.jpg,media\other\202511\18058785155272489.jpg,media\other\202511,4
file,18066889223135479.jpg,.jpg,media\other\202511\18066889223135479.jpg,media\other\202511,4
file,18082464122115117.jpg,.jpg,media\other\202511\18082464122115117.jpg,media\other\202511,4
file,18084620486054869.mp4,.mp4,media\other\202511\18084620486054869.mp4,media\other\202511,4
file,18103752541598703.jpg,.jpg,media\other\202511\18103752541598703.jpg,media\other\202511,4
file,18112663258583371.png,.png,media\other\202511\18112663258583371.png,media\other\202511,4
file,18123272113514017.mp4,.mp4,media\other\202511\18123272113514017.mp4,media\other\202511,4
file,18245983759290746.mp4,.mp4,media\other\202511\18245983759290746.mp4,media\other\202511,4
file,18336914449224730.mp4,.mp4,media\other\202511\18336914449224730.mp4,media\other\202511,4
directory,202512,,media\other\202512,media\other,3
file,17863003758540566.jpg,.jpg,media\other\202512\17863003758540566.jpg,media\other\202512,4
file,17866998867512967.jpg,.jpg,media\other\202512\17866998867512967.jpg,media\other\202512,4
file,17868744522485893.jpg,.jpg,media\other\202512\17868744522485893.jpg,media\other\202512,4
file,17874739698377897.jpg,.jpg,media\other\202512\17874739698377897.jpg,media\other\202512,4
file,17880483747428826.jpg,.jpg,media\other\202512\17880483747428826.jpg,media\other\202512,4
file,17907512763291968.jpg,.jpg,media\other\202512\17907512763291968.jpg,media\other\202512,4
file,17918153538085629.jpg,.jpg,media\other\202512\17918153538085629.jpg,media\other\202512,4
file,17918285706231006.mp4,.mp4,media\other\202512\17918285706231006.mp4,media\other\202512,4
file,17930166171017568.jpg,.jpg,media\other\202512\17930166171017568.jpg,media\other\202512,4
file,17930933835144868.jpg,.jpg,media\other\202512\17930933835144868.jpg,media\other\202512,4
file,18017309186800006.jpg,.jpg,media\other\202512\18017309186800006.jpg,media\other\202512,4
file,18050820731383350.jpg,.jpg,media\other\202512\18050820731383350.jpg,media\other\202512,4
file,18054171983338789.jpg,.jpg,media\other\202512\18054171983338789.jpg,media\other\202512,4
file,18055367147337010.jpg,.jpg,media\other\202512\18055367147337010.jpg,media\other\202512,4
file,18062838908636311.jpg,.jpg,media\other\202512\18062838908636311.jpg,media\other\202512,4
file,18063523934543950.jpg,.jpg,media\other\202512\18063523934543950.jpg,media\other\202512,4
file,18073047995058579.jpg,.jpg,media\other\202512\18073047995058579.jpg,media\other\202512,4
file,18078112426976470.jpg,.jpg,media\other\202512\18078112426976470.jpg,media\other\202512,4
file,18079239101272976.jpg,.jpg,media\other\202512\18079239101272976.jpg,media\other\202512,4
file,18079255064185998.mp4,.mp4,media\other\202512\18079255064185998.mp4,media\other\202512,4
file,18079459819949603.mp4,.mp4,media\other\202512\18079459819949603.mp4,media\other\202512,4
file,18088536421954724.jpg,.jpg,media\other\202512\18088536421954724.jpg,media\other\202512,4
file,18114863329587028.jpg,.jpg,media\other\202512\18114863329587028.jpg,media\other\202512,4
file,18151989466427025.jpg,.jpg,media\other\202512\18151989466427025.jpg,media\other\202512,4
file,18302078797260245.jpg,.jpg,media\other\202512\18302078797260245.jpg,media\other\202512,4
file,18369864067093139.jpg,.jpg,media\other\202512\18369864067093139.jpg,media\other\202512,4
directory,202601,,media\other\202601,media\other,3
file,17850662169654081.mp4,.mp4,media\other\202601\17850662169654081.mp4,media\other\202601,4
file,17992678217866025.jpg,.jpg,media\other\202601\17992678217866025.jpg,media\other\202601,4
file,18086254544125763.mp4,.mp4,media\other\202601\18086254544125763.mp4,media\other\202601,4
file,18108513163677442.mp4,.mp4,media\other\202601\18108513163677442.mp4,media\other\202601,4
file,18114685696538279.jpg,.jpg,media\other\202601\18114685696538279.jpg,media\other\202601,4
directory,202602,,media\other\202602,media\other,3
file,17857300599566333.jpg,.jpg,media\other\202602\17857300599566333.jpg,media\other\202602,4
file,17876638185481304.jpg,.jpg,media\other\202602\17876638185481304.jpg,media\other\202602,4
file,17877126507492842.jpg,.jpg,media\other\202602\17877126507492842.jpg,media\other\202602,4
file,17878723854493808.jpg,.jpg,media\other\202602\17878723854493808.jpg,media\other\202602,4
file,17903057712374568.jpg,.jpg,media\other\202602\17903057712374568.jpg,media\other\202602,4
file,17917253523123527.jpg,.jpg,media\other\202602\17917253523123527.jpg,media\other\202602,4
file,17918656572268716.jpg,.jpg,media\other\202602\17918656572268716.jpg,media\other\202602,4
file,17936427486153607.mp4,.mp4,media\other\202602\17936427486153607.mp4,media\other\202602,4
file,17943598623103008.jpg,.jpg,media\other\202602\17943598623103008.jpg,media\other\202602,4
file,18036209042563409.jpg,.jpg,media\other\202602\18036209042563409.jpg,media\other\202602,4
file,18044811029708582.mp4,.mp4,media\other\202602\18044811029708582.mp4,media\other\202602,4
file,18065229953277443.mp4,.mp4,media\other\202602\18065229953277443.mp4,media\other\202602,4
file,18074101223403893.jpg,.jpg,media\other\202602\18074101223403893.jpg,media\other\202602,4
file,18082212284193988.mp4,.mp4,media\other\202602\18082212284193988.mp4,media\other\202602,4
file,18082295291249206.jpg,.jpg,media\other\202602\18082295291249206.jpg,media\other\202602,4
file,18088759298110106.jpg,.jpg,media\other\202602\18088759298110106.jpg,media\other\202602,4
file,18183424579369598.jpg,.jpg,media\other\202602\18183424579369598.jpg,media\other\202602,4
file,18189474979360306.jpg,.jpg,media\other\202602\18189474979360306.jpg,media\other\202602,4
file,18324587230216135.jpg,.jpg,media\other\202602\18324587230216135.jpg,media\other\202602,4
file,18363573259201372.jpg,.jpg,media\other\202602\18363573259201372.jpg,media\other\202602,4
file,18390993031148620.mp4,.mp4,media\other\202602\18390993031148620.mp4,media\other\202602,4
file,18557272339007580.mp4,.mp4,media\other\202602\18557272339007580.mp4,media\other\202602,4
directory,202603,,media\other\202603,media\other,3
file,17873259201456913.mp4,.mp4,media\other\202603\17873259201456913.mp4,media\other\202603,4
file,17876611902418797.jpg,.jpg,media\other\202603\17876611902418797.jpg,media\other\202603,4
file,17893190178424052.mp4,.mp4,media\other\202603\17893190178424052.mp4,media\other\202603,4
file,17895650388287763.mp4,.mp4,media\other\202603\17895650388287763.mp4,media\other\202603,4
file,17896139760281887.jpg,.jpg,media\other\202603\17896139760281887.jpg,media\other\202603,4
file,17896683621425533.jpg,.jpg,media\other\202603\17896683621425533.jpg,media\other\202603,4
file,17919690624125866.mp4,.mp4,media\other\202603\17919690624125866.mp4,media\other\202603,4
file,17958239588935805.jpg,.jpg,media\other\202603\17958239588935805.jpg,media\other\202603,4
file,17985618341978464.jpg,.jpg,media\other\202603\17985618341978464.jpg,media\other\202603,4
file,17999272853875509.mp4,.mp4,media\other\202603\17999272853875509.mp4,media\other\202603,4
file,18043220414765539.mp4,.mp4,media\other\202603\18043220414765539.mp4,media\other\202603,4
file,18046054385742479.mp4,.mp4,media\other\202603\18046054385742479.mp4,media\other\202603,4
file,18066265019333371.mp4,.mp4,media\other\202603\18066265019333371.mp4,media\other\202603,4
file,18070549814240345.mp4,.mp4,media\other\202603\18070549814240345.mp4,media\other\202603,4
file,18071605571298278.jpg,.jpg,media\other\202603\18071605571298278.jpg,media\other\202603,4
file,18071805650254872.jpg,.jpg,media\other\202603\18071805650254872.jpg,media\other\202603,4
file,18075901775634905.jpg,.jpg,media\other\202603\18075901775634905.jpg,media\other\202603,4
file,18111631240741500.jpg,.jpg,media\other\202603\18111631240741500.jpg,media\other\202603,4
file,18115132645722435.jpg,.jpg,media\other\202603\18115132645722435.jpg,media\other\202603,4
file,18119968333622945.mp4,.mp4,media\other\202603\18119968333622945.mp4,media\other\202603,4
file,18125665114496803.jpg,.jpg,media\other\202603\18125665114496803.jpg,media\other\202603,4
file,18147509011475714.jpg,.jpg,media\other\202603\18147509011475714.jpg,media\other\202603,4
file,18223228369314218.jpg,.jpg,media\other\202603\18223228369314218.jpg,media\other\202603,4
file,18260744290291775.jpg,.jpg,media\other\202603\18260744290291775.jpg,media\other\202603,4
file,18312552055275346.jpg,.jpg,media\other\202603\18312552055275346.jpg,media\other\202603,4
file,18323933833301581.jpg,.jpg,media\other\202603\18323933833301581.jpg,media\other\202603,4
file,18366126790203022.mp4,.mp4,media\other\202603\18366126790203022.mp4,media\other\202603,4
file,18367801891206379.jpg,.jpg,media\other\202603\18367801891206379.jpg,media\other\202603,4
file,18514293694072083.mp4,.mp4,media\other\202603\18514293694072083.mp4,media\other\202603,4
directory,202604,,media\other\202604,media\other,3
file,17854784583637972.mp4,.mp4,media\other\202604\17854784583637972.mp4,media\other\202604,4
file,17858310663652534.mp4,.mp4,media\other\202604\17858310663652534.mp4,media\other\202604,4
file,18074087720539853.mp4,.mp4,media\other\202604\18074087720539853.mp4,media\other\202604,4
file,18138064555459803.jpg,.jpg,media\other\202604\18138064555459803.jpg,media\other\202604,4
file,18581564599048270.mp4,.mp4,media\other\202604\18581564599048270.mp4,media\other\202604,4
directory,posts,,media\posts,media,2
directory,202504,,media\posts\202504,media\posts,3
file,17905476270139494.webp,.webp,media\posts\202504\17905476270139494.webp,media\posts\202504,4
file,17906895585106052.webp,.webp,media\posts\202504\17906895585106052.webp,media\posts\202504,4
file,17925651816051685.webp,.webp,media\posts\202504\17925651816051685.webp,media\posts\202504,4
file,17927912616046335.webp,.webp,media\posts\202504\17927912616046335.webp,media\posts\202504,4
file,17930476470040940.webp,.webp,media\posts\202504\17930476470040940.webp,media\posts\202504,4
file,17936295312007500.webp,.webp,media\posts\202504\17936295312007500.webp,media\posts\202504,4
file,17955727166794180.webp,.webp,media\posts\202504\17955727166794180.webp,media\posts\202504,4
file,17960899148913745.webp,.webp,media\posts\202504\17960899148913745.webp,media\posts\202504,4
file,17963725616908670.webp,.webp,media\posts\202504\17963725616908670.webp,media\posts\202504,4
file,17976677564831446.webp,.webp,media\posts\202504\17976677564831446.webp,media\posts\202504,4
file,17984823242816992.webp,.webp,media\posts\202504\17984823242816992.webp,media\posts\202504,4
file,17985060023811216.webp,.webp,media\posts\202504\17985060023811216.webp,media\posts\202504,4
file,17999223488780232.webp,.webp,media\posts\202504\17999223488780232.webp,media\posts\202504,4
file,18010906535718878.webp,.webp,media\posts\202504\18010906535718878.webp,media\posts\202504,4
file,18039810737228387.webp,.webp,media\posts\202504\18039810737228387.webp,media\posts\202504,4
file,18042030266445534.webp,.webp,media\posts\202504\18042030266445534.webp,media\posts\202504,4
file,18042952367174125.webp,.webp,media\posts\202504\18042952367174125.webp,media\posts\202504,4
file,18045358601380616.webp,.webp,media\posts\202504\18045358601380616.webp,media\posts\202504,4
file,18045852866594235.webp,.webp,media\posts\202504\18045852866594235.webp,media\posts\202504,4
file,18047233985104320.webp,.webp,media\posts\202504\18047233985104320.webp,media\posts\202504,4
file,18047277650094658.webp,.webp,media\posts\202504\18047277650094658.webp,media\posts\202504,4
file,18057715892275192.webp,.webp,media\posts\202504\18057715892275192.webp,media\posts\202504,4
file,18063905872989910.webp,.webp,media\posts\202504\18063905872989910.webp,media\posts\202504,4
file,18064286572966621.webp,.webp,media\posts\202504\18064286572966621.webp,media\posts\202504,4
file,18064339825986121.webp,.webp,media\posts\202504\18064339825986121.webp,media\posts\202504,4
file,18067049485768000.webp,.webp,media\posts\202504\18067049485768000.webp,media\posts\202504,4
file,18067566529784230.webp,.webp,media\posts\202504\18067566529784230.webp,media\posts\202504,4
file,18068163715763728.webp,.webp,media\posts\202504\18068163715763728.webp,media\posts\202504,4
file,18073596610874179.webp,.webp,media\posts\202504\18073596610874179.webp,media\posts\202504,4
file,18074965414829060.webp,.webp,media\posts\202504\18074965414829060.webp,media\posts\202504,4
file,18074999584873562.webp,.webp,media\posts\202504\18074999584873562.webp,media\posts\202504,4
file,18079115725742384.mp4,.mp4,media\posts\202504\18079115725742384.mp4,media\posts\202504,4
file,18081303235674867.webp,.webp,media\posts\202504\18081303235674867.webp,media\posts\202504,4
file,18081916318579307.webp,.webp,media\posts\202504\18081916318579307.webp,media\posts\202504,4
file,18082324159630682.webp,.webp,media\posts\202504\18082324159630682.webp,media\posts\202504,4
file,18087112234533554.webp,.webp,media\posts\202504\18087112234533554.webp,media\posts\202504,4
file,18094676107491643.webp,.webp,media\posts\202504\18094676107491643.webp,media\posts\202504,4
file,18097114159536783.webp,.webp,media\posts\202504\18097114159536783.webp,media\posts\202504,4
file,18116902768458756.webp,.webp,media\posts\202504\18116902768458756.webp,media\posts\202504,4
file,18124418764428616.webp,.webp,media\posts\202504\18124418764428616.webp,media\posts\202504,4
file,18130388491411697.webp,.webp,media\posts\202504\18130388491411697.webp,media\posts\202504,4
file,18142514251377412.webp,.webp,media\posts\202504\18142514251377412.webp,media\posts\202504,4
file,18155722300360996.webp,.webp,media\posts\202504\18155722300360996.webp,media\posts\202504,4
file,18156254803320811.webp,.webp,media\posts\202504\18156254803320811.webp,media\posts\202504,4
file,18289445107222144.webp,.webp,media\posts\202504\18289445107222144.webp,media\posts\202504,4
file,18312440194228028.webp,.webp,media\posts\202504\18312440194228028.webp,media\posts\202504,4
file,18350287396147895.webp,.webp,media\posts\202504\18350287396147895.webp,media\posts\202504,4
file,18362434858131084.webp,.webp,media\posts\202504\18362434858131084.webp,media\posts\202504,4
file,18366186505126405.webp,.webp,media\posts\202504\18366186505126405.webp,media\posts\202504,4
file,18456698338075230.webp,.webp,media\posts\202504\18456698338075230.webp,media\posts\202504,4
directory,202505,,media\posts\202505,media\posts,3
file,17857655409425946.webp,.webp,media\posts\202505\17857655409425946.webp,media\posts\202505,4
file,17858090025422989.webp,.webp,media\posts\202505\17858090025422989.webp,media\posts\202505,4
file,17865957414305838.webp,.webp,media\posts\202505\17865957414305838.webp,media\posts\202505,4
file,17866379079309085.webp,.webp,media\posts\202505\17866379079309085.webp,media\posts\202505,4
file,17873898231346250.webp,.webp,media\posts\202505\17873898231346250.webp,media\posts\202505,4
file,17876228787342771.webp,.webp,media\posts\202505\17876228787342771.webp,media\posts\202505,4
file,17877798417222109.webp,.webp,media\posts\202505\17877798417222109.webp,media\posts\202505,4
file,17878528755221437.webp,.webp,media\posts\202505\17878528755221437.webp,media\posts\202505,4
file,17879756361314684.webp,.webp,media\posts\202505\17879756361314684.webp,media\posts\202505,4
file,17881324977315018.webp,.webp,media\posts\202505\17881324977315018.webp,media\posts\202505,4
file,17886793140269420.webp,.webp,media\posts\202505\17886793140269420.webp,media\posts\202505,4
file,17890668057250342.webp,.webp,media\posts\202505\17890668057250342.webp,media\posts\202505,4
file,17896906803101545.webp,.webp,media\posts\202505\17896906803101545.webp,media\posts\202505,4
file,17897920878090809.webp,.webp,media\posts\202505\17897920878090809.webp,media\posts\202505,4
file,17899209585191908.webp,.webp,media\posts\202505\17899209585191908.webp,media\posts\202505,4
file,17906988060113596.webp,.webp,media\posts\202505\17906988060113596.webp,media\posts\202505,4
file,17910520194109036.webp,.webp,media\posts\202505\17910520194109036.webp,media\posts\202505,4
file,17913708774012436.webp,.webp,media\posts\202505\17913708774012436.webp,media\posts\202505,4
file,17920032581980737.webp,.webp,media\posts\202505\17920032581980737.webp,media\posts\202505,4
file,17924072667080375.webp,.webp,media\posts\202505\17924072667080375.webp,media\posts\202505,4
file,17928833118049634.webp,.webp,media\posts\202505\17928833118049634.webp,media\posts\202505,4
file,17930408757046323.webp,.webp,media\posts\202505\17930408757046323.webp,media\posts\202505,4
file,17932600760917419.webp,.webp,media\posts\202505\17932600760917419.webp,media\posts\202505,4
file,17944454963993493.webp,.webp,media\posts\202505\17944454963993493.webp,media\posts\202505,4
file,17944528749003649.webp,.webp,media\posts\202505\17944528749003649.webp,media\posts\202505,4
file,17946871187988487.webp,.webp,media\posts\202505\17946871187988487.webp,media\posts\202505,4
file,17948586827968325.webp,.webp,media\posts\202505\17948586827968325.webp,media\posts\202505,4
file,17967420086874259.webp,.webp,media\posts\202505\17967420086874259.webp,media\posts\202505,4
file,17974760516723081.webp,.webp,media\posts\202505\17974760516723081.webp,media\posts\202505,4
file,17976862001841754.webp,.webp,media\posts\202505\17976862001841754.webp,media\posts\202505,4
file,17982552557686510.webp,.webp,media\posts\202505\17982552557686510.webp,media\posts\202505,4
file,18008629625757408.webp,.webp,media\posts\202505\18008629625757408.webp,media\posts\202505,4
file,18009997640740142.webp,.webp,media\posts\202505\18009997640740142.webp,media\posts\202505,4
file,18033716621370401.webp,.webp,media\posts\202505\18033716621370401.webp,media\posts\202505,4
file,18038383934319162.webp,.webp,media\posts\202505\18038383934319162.webp,media\posts\202505,4
file,18040146407300719.webp,.webp,media\posts\202505\18040146407300719.webp,media\posts\202505,4
file,18043552385617920.webp,.webp,media\posts\202505\18043552385617920.webp,media\posts\202505,4
file,18045162971438050.webp,.webp,media\posts\202505\18045162971438050.webp,media\posts\202505,4
file,18045916430191297.webp,.webp,media\posts\202505\18045916430191297.webp,media\posts\202505,4
file,18047255276135983.webp,.webp,media\posts\202505\18047255276135983.webp,media\posts\202505,4
file,18047589797418399.webp,.webp,media\posts\202505\18047589797418399.webp,media\posts\202505,4
file,18048911765523555.webp,.webp,media\posts\202505\18048911765523555.webp,media\posts\202505,4
file,18053490323337975.webp,.webp,media\posts\202505\18053490323337975.webp,media\posts\202505,4
file,18054186920521546.webp,.webp,media\posts\202505\18054186920521546.webp,media\posts\202505,4
file,18055078517049358.webp,.webp,media\posts\202505\18055078517049358.webp,media\posts\202505,4
file,18056251211004581.webp,.webp,media\posts\202505\18056251211004581.webp,media\posts\202505,4
file,18057326135224578.webp,.webp,media\posts\202505\18057326135224578.webp,media\posts\202505,4
file,18057623543239991.webp,.webp,media\posts\202505\18057623543239991.webp,media\posts\202505,4
file,18059063663183571.webp,.webp,media\posts\202505\18059063663183571.webp,media\posts\202505,4
file,18061160951319690.webp,.webp,media\posts\202505\18061160951319690.webp,media\posts\202505,4
file,18063961750842892.webp,.webp,media\posts\202505\18063961750842892.webp,media\posts\202505,4
file,18064123124098390.webp,.webp,media\posts\202505\18064123124098390.webp,media\posts\202505,4
file,18064178369320867.webp,.webp,media\posts\202505\18064178369320867.webp,media\posts\202505,4
file,18064411778094743.webp,.webp,media\posts\202505\18064411778094743.webp,media\posts\202505,4
file,18064438073039625.webp,.webp,media\posts\202505\18064438073039625.webp,media\posts\202505,4
file,18065431651974098.webp,.webp,media\posts\202505\18065431651974098.webp,media\posts\202505,4
file,18067809752314058.webp,.webp,media\posts\202505\18067809752314058.webp,media\posts\202505,4
file,18067830002312057.webp,.webp,media\posts\202505\18067830002312057.webp,media\posts\202505,4
file,18068165743945002.webp,.webp,media\posts\202505\18068165743945002.webp,media\posts\202505,4
file,18068959031314875.webp,.webp,media\posts\202505\18068959031314875.webp,media\posts\202505,4
file,18068996806797228.webp,.webp,media\posts\202505\18068996806797228.webp,media\posts\202505,4
file,18069545107779402.webp,.webp,media\posts\202505\18069545107779402.webp,media\posts\202505,4
file,18070114384943120.webp,.webp,media\posts\202505\18070114384943120.webp,media\posts\202505,4
file,18070721851905848.webp,.webp,media\posts\202505\18070721851905848.webp,media\posts\202505,4
file,18071025121750715.webp,.webp,media\posts\202505\18071025121750715.webp,media\posts\202505,4
file,18074191768727397.webp,.webp,media\posts\202505\18074191768727397.webp,media\posts\202505,4
file,18076058053721302.webp,.webp,media\posts\202505\18076058053721302.webp,media\posts\202505,4
file,18076771666850411.webp,.webp,media\posts\202505\18076771666850411.webp,media\posts\202505,4
file,18082145458738872.webp,.webp,media\posts\202505\18082145458738872.webp,media\posts\202505,4
file,18083634544735951.webp,.webp,media\posts\202505\18083634544735951.webp,media\posts\202505,4
file,18085479643727673.webp,.webp,media\posts\202505\18085479643727673.webp,media\posts\202505,4
file,18087192049566569.webp,.webp,media\posts\202505\18087192049566569.webp,media\posts\202505,4
file,18088654471614734.webp,.webp,media\posts\202505\18088654471614734.webp,media\posts\202505,4
file,18089605819716695.webp,.webp,media\posts\202505\18089605819716695.webp,media\posts\202505,4
file,18125471674434351.webp,.webp,media\posts\202505\18125471674434351.webp,media\posts\202505,4
file,18132181138416201.webp,.webp,media\posts\202505\18132181138416201.webp,media\posts\202505,4
file,18133680442419246.webp,.webp,media\posts\202505\18133680442419246.webp,media\posts\202505,4
file,18138433606404164.webp,.webp,media\posts\202505\18138433606404164.webp,media\posts\202505,4
file,18141003760393495.webp,.webp,media\posts\202505\18141003760393495.webp,media\posts\202505,4
file,18150264706374016.webp,.webp,media\posts\202505\18150264706374016.webp,media\posts\202505,4
file,18153894094369471.webp,.webp,media\posts\202505\18153894094369471.webp,media\posts\202505,4
file,18161660230359330.webp,.webp,media\posts\202505\18161660230359330.webp,media\posts\202505,4
file,18273091117257169.webp,.webp,media\posts\202505\18273091117257169.webp,media\posts\202505,4
file,18281683534255327.webp,.webp,media\posts\202505\18281683534255327.webp,media\posts\202505,4
file,18313863367224123.webp,.webp,media\posts\202505\18313863367224123.webp,media\posts\202505,4
file,18314689312235519.webp,.webp,media\posts\202505\18314689312235519.webp,media\posts\202505,4
file,18342485656081397.webp,.webp,media\posts\202505\18342485656081397.webp,media\posts\202505,4
file,18342756379085540.webp,.webp,media\posts\202505\18342756379085540.webp,media\posts\202505,4
file,18348264559153716.webp,.webp,media\posts\202505\18348264559153716.webp,media\posts\202505,4
file,18348395182156149.webp,.webp,media\posts\202505\18348395182156149.webp,media\posts\202505,4
file,18369226366120842.webp,.webp,media\posts\202505\18369226366120842.webp,media\posts\202505,4
file,18371214673127474.webp,.webp,media\posts\202505\18371214673127474.webp,media\posts\202505,4
file,18371238841134264.webp,.webp,media\posts\202505\18371238841134264.webp,media\posts\202505,4
file,18372344200193997.webp,.webp,media\posts\202505\18372344200193997.webp,media\posts\202505,4
file,18396207967114566.webp,.webp,media\posts\202505\18396207967114566.webp,media\posts\202505,4
file,18497668363002584.webp,.webp,media\posts\202505\18497668363002584.webp,media\posts\202505,4
file,18509608837013108.webp,.webp,media\posts\202505\18509608837013108.webp,media\posts\202505,4
directory,202506,,media\posts\202506,media\posts,3
file,17859404718441571.webp,.webp,media\posts\202506\17859404718441571.webp,media\posts\202506,4
file,17876503749246037.webp,.webp,media\posts\202506\17876503749246037.webp,media\posts\202506,4
file,17879134329221095.webp,.webp,media\posts\202506\17879134329221095.webp,media\posts\202506,4
file,17885393781300856.webp,.webp,media\posts\202506\17885393781300856.webp,media\posts\202506,4
file,17885542254292691.webp,.webp,media\posts\202506\17885542254292691.webp,media\posts\202506,4
file,17886704121293559.webp,.webp,media\posts\202506\17886704121293559.webp,media\posts\202506,4
file,17888242746163597.webp,.webp,media\posts\202506\17888242746163597.webp,media\posts\202506,4
file,17903173254072346.webp,.webp,media\posts\202506\17903173254072346.webp,media\posts\202506,4
file,17930852589061711.webp,.webp,media\posts\202506\17930852589061711.webp,media\posts\202506,4
file,17931938055028011.webp,.webp,media\posts\202506\17931938055028011.webp,media\posts\202506,4
file,17951974310969483.webp,.webp,media\posts\202506\17951974310969483.webp,media\posts\202506,4
file,17959891736929159.jpg,.jpg,media\posts\202506\17959891736929159.jpg,media\posts\202506,4
file,17962356320940297.webp,.webp,media\posts\202506\17962356320940297.webp,media\posts\202506,4
file,17968092209763867.jpg,.jpg,media\posts\202506\17968092209763867.jpg,media\posts\202506,4
file,17969102195882443.webp,.webp,media\posts\202506\17969102195882443.webp,media\posts\202506,4
file,17974718753852173.webp,.webp,media\posts\202506\17974718753852173.webp,media\posts\202506,4
file,17983921013837305.webp,.webp,media\posts\202506\17983921013837305.webp,media\posts\202506,4
file,17984709464829237.webp,.webp,media\posts\202506\17984709464829237.webp,media\posts\202506,4
file,17985490421689117.webp,.webp,media\posts\202506\17985490421689117.webp,media\posts\202506,4
file,17986699448817484.webp,.webp,media\posts\202506\17986699448817484.webp,media\posts\202506,4
file,17989870175670577.webp,.webp,media\posts\202506\17989870175670577.webp,media\posts\202506,4
file,18015472367746275.webp,.webp,media\posts\202506\18015472367746275.webp,media\posts\202506,4
file,18016058159549599.webp,.webp,media\posts\202506\18016058159549599.webp,media\posts\202506,4
file,18031108157437880.jpg,.jpg,media\posts\202506\18031108157437880.jpg,media\posts\202506,4
file,18031334933430776.webp,.webp,media\posts\202506\18031334933430776.webp,media\posts\202506,4
file,18034870925396887.webp,.webp,media\posts\202506\18034870925396887.webp,media\posts\202506,4
file,18036153992653127.webp,.webp,media\posts\202506\18036153992653127.webp,media\posts\202506,4
file,18041489201317570.webp,.webp,media\posts\202506\18041489201317570.webp,media\posts\202506,4
file,18044754899562553.webp,.webp,media\posts\202506\18044754899562553.webp,media\posts\202506,4
file,18046268564431631.jpg,.jpg,media\posts\202506\18046268564431631.jpg,media\posts\202506,4
file,18048263180183747.webp,.webp,media\posts\202506\18048263180183747.webp,media\posts\202506,4
file,18048344885183775.webp,.webp,media\posts\202506\18048344885183775.webp,media\posts\202506,4
file,18051336773382487.webp,.webp,media\posts\202506\18051336773382487.webp,media\posts\202506,4
file,18051514244097361.webp,.webp,media\posts\202506\18051514244097361.webp,media\posts\202506,4
file,18051940961385921.webp,.webp,media\posts\202506\18051940961385921.webp,media\posts\202506,4
file,18053050754368738.webp,.webp,media\posts\202506\18053050754368738.webp,media\posts\202506,4
file,18060255904980790.webp,.webp,media\posts\202506\18060255904980790.webp,media\posts\202506,4
file,18062056295330693.webp,.webp,media\posts\202506\18062056295330693.webp,media\posts\202506,4
file,18062263541140763.webp,.webp,media\posts\202506\18062263541140763.webp,media\posts\202506,4
file,18065569718044908.webp,.webp,media\posts\202506\18065569718044908.webp,media\posts\202506,4
file,18066316487027329.webp,.webp,media\posts\202506\18066316487027329.webp,media\posts\202506,4
file,18069202121491486.webp,.webp,media\posts\202506\18069202121491486.webp,media\posts\202506,4
file,18069920380815095.webp,.webp,media\posts\202506\18069920380815095.webp,media\posts\202506,4
file,18070368353299980.webp,.webp,media\posts\202506\18070368353299980.webp,media\posts\202506,4
file,18070406171500505.webp,.webp,media\posts\202506\18070406171500505.webp,media\posts\202506,4
file,18070590932309013.webp,.webp,media\posts\202506\18070590932309013.webp,media\posts\202506,4
file,18070803668313675.webp,.webp,media\posts\202506\18070803668313675.webp,media\posts\202506,4
file,18073126546743849.webp,.webp,media\posts\202506\18073126546743849.webp,media\posts\202506,4
file,18080165116890765.webp,.webp,media\posts\202506\18080165116890765.webp,media\posts\202506,4
file,18082827835826686.webp,.webp,media\posts\202506\18082827835826686.webp,media\posts\202506,4
file,18083940805687050.webp,.webp,media\posts\202506\18083940805687050.webp,media\posts\202506,4
file,18087779839632197.webp,.webp,media\posts\202506\18087779839632197.webp,media\posts\202506,4
file,18096131854599161.mp4,.mp4,media\posts\202506\18096131854599161.mp4,media\posts\202506,4
file,18107848960465683.webp,.webp,media\posts\202506\18107848960465683.webp,media\posts\202506,4
file,18125351467451117.webp,.webp,media\posts\202506\18125351467451117.webp,media\posts\202506,4
file,18145953562388351.jpg,.jpg,media\posts\202506\18145953562388351.jpg,media\posts\202506,4
file,18147523099380412.webp,.webp,media\posts\202506\18147523099380412.webp,media\posts\202506,4
file,18147856564382910.srt,.srt,media\posts\202506\18147856564382910.srt,media\posts\202506,4
file,18176461144330535.webp,.webp,media\posts\202506\18176461144330535.webp,media\posts\202506,4
file,18189209590313313.webp,.webp,media\posts\202506\18189209590313313.webp,media\posts\202506,4
file,18253036576304631.webp,.webp,media\posts\202506\18253036576304631.webp,media\posts\202506,4
file,18274419505285283.webp,.webp,media\posts\202506\18274419505285283.webp,media\posts\202506,4
file,18276699598257775.jpg,.jpg,media\posts\202506\18276699598257775.jpg,media\posts\202506,4
file,18277855138256547.webp,.webp,media\posts\202506\18277855138256547.webp,media\posts\202506,4
file,18294661783220266.webp,.webp,media\posts\202506\18294661783220266.webp,media\posts\202506,4
file,18314449234236274.webp,.webp,media\posts\202506\18314449234236274.webp,media\posts\202506,4
file,18345149221094931.webp,.webp,media\posts\202506\18345149221094931.webp,media\posts\202506,4
file,18358642747197358.webp,.webp,media\posts\202506\18358642747197358.webp,media\posts\202506,4
file,18358884169199509.webp,.webp,media\posts\202506\18358884169199509.webp,media\posts\202506,4
file,18483996037066913.webp,.webp,media\posts\202506\18483996037066913.webp,media\posts\202506,4
file,18504298831027451.webp,.webp,media\posts\202506\18504298831027451.webp,media\posts\202506,4
file,18512754652049596.webp,.webp,media\posts\202506\18512754652049596.webp,media\posts\202506,4
directory,202507,,media\posts\202507,media\posts,3
file,17845432872538987.jpg,.jpg,media\posts\202507\17845432872538987.jpg,media\posts\202507,4
file,17846226087524544.jpg,.jpg,media\posts\202507\17846226087524544.jpg,media\posts\202507,4
file,17848154781518457.jpg,.jpg,media\posts\202507\17848154781518457.jpg,media\posts\202507,4
file,17849849670520345.jpg,.jpg,media\posts\202507\17849849670520345.jpg,media\posts\202507,4
file,17852170665447225.jpg,.jpg,media\posts\202507\17852170665447225.jpg,media\posts\202507,4
file,17855504025426611.jpg,.jpg,media\posts\202507\17855504025426611.jpg,media\posts\202507,4
file,17859706812446280.jpg,.jpg,media\posts\202507\17859706812446280.jpg,media\posts\202507,4
file,17885739222322111.jpg,.jpg,media\posts\202507\17885739222322111.jpg,media\posts\202507,4
file,17891041731274720.jpg,.jpg,media\posts\202507\17891041731274720.jpg,media\posts\202507,4
file,17902460367233331.jpg,.jpg,media\posts\202507\17902460367233331.jpg,media\posts\202507,4
file,17902778571229056.jpg,.jpg,media\posts\202507\17902778571229056.jpg,media\posts\202507,4
file,17904953760212413.jpg,.jpg,media\posts\202507\17904953760212413.jpg,media\posts\202507,4
file,17910364989172806.jpg,.jpg,media\posts\202507\17910364989172806.jpg,media\posts\202507,4
file,17913992070038829.jpg,.jpg,media\posts\202507\17913992070038829.jpg,media\posts\202507,4
file,17918721909106579.jpg,.jpg,media\posts\202507\17918721909106579.jpg,media\posts\202507,4
file,17925873672094979.jpg,.jpg,media\posts\202507\17925873672094979.jpg,media\posts\202507,4
file,17927879823094211.jpg,.jpg,media\posts\202507\17927879823094211.jpg,media\posts\202507,4
file,17931946257080475.jpg,.jpg,media\posts\202507\17931946257080475.jpg,media\posts\202507,4
file,17934892257059014.jpg,.jpg,media\posts\202507\17934892257059014.jpg,media\posts\202507,4
file,17936760252025403.jpg,.jpg,media\posts\202507\17936760252025403.jpg,media\posts\202507,4
file,17936846867925249.jpg,.jpg,media\posts\202507\17936846867925249.jpg,media\posts\202507,4
file,17939494500029057.jpg,.jpg,media\posts\202507\17939494500029057.jpg,media\posts\202507,4
file,17942007540009675.jpg,.jpg,media\posts\202507\17942007540009675.jpg,media\posts\202507,4
file,17954538779975659.jpg,.jpg,media\posts\202507\17954538779975659.jpg,media\posts\202507,4
file,17954874353841392.jpg,.jpg,media\posts\202507\17954874353841392.jpg,media\posts\202507,4
file,17973049700873178.jpg,.jpg,media\posts\202507\17973049700873178.jpg,media\posts\202507,4
file,17977917725734818.jpg,.jpg,media\posts\202507\17977917725734818.jpg,media\posts\202507,4
file,17992961561815947.jpg,.jpg,media\posts\202507\17992961561815947.jpg,media\posts\202507,4
file,18007594475613952.jpg,.jpg,media\posts\202507\18007594475613952.jpg,media\posts\202507,4
file,18010200869602130.jpg,.jpg,media\posts\202507\18010200869602130.jpg,media\posts\202507,4
file,18013784135768712.jpg,.jpg,media\posts\202507\18013784135768712.jpg,media\posts\202507,4
file,18014086685758549.jpg,.jpg,media\posts\202507\18014086685758549.jpg,media\posts\202507,4
file,18015386195773345.jpg,.jpg,media\posts\202507\18015386195773345.jpg,media\posts\202507,4
file,18016028597757089.jpg,.jpg,media\posts\202507\18016028597757089.jpg,media\posts\202507,4
file,18017418014732880.jpg,.jpg,media\posts\202507\18017418014732880.jpg,media\posts\202507,4
file,18017456906750448.jpg,.jpg,media\posts\202507\18017456906750448.jpg,media\posts\202507,4
file,18026860262697638.jpg,.jpg,media\posts\202507\18026860262697638.jpg,media\posts\202507,4
file,18027083960703251.jpg,.jpg,media\posts\202507\18027083960703251.jpg,media\posts\202507,4
file,18029767793692810.jpg,.jpg,media\posts\202507\18029767793692810.jpg,media\posts\202507,4
file,18034611377405960.jpg,.jpg,media\posts\202507\18034611377405960.jpg,media\posts\202507,4
file,18037446668653114.jpg,.jpg,media\posts\202507\18037446668653114.jpg,media\posts\202507,4
file,18039879791366596.jpg,.jpg,media\posts\202507\18039879791366596.jpg,media\posts\202507,4
file,18046112909289176.jpg,.jpg,media\posts\202507\18046112909289176.jpg,media\posts\202507,4
file,18046121585302343.jpg,.jpg,media\posts\202507\18046121585302343.jpg,media\posts\202507,4
file,18047020964555385.jpg,.jpg,media\posts\202507\18047020964555385.jpg,media\posts\202507,4
file,18049533044217860.jpg,.jpg,media\posts\202507\18049533044217860.jpg,media\posts\202507,4
file,18050729633411130.jpg,.jpg,media\posts\202507\18050729633411130.jpg,media\posts\202507,4
file,18052030262181286.jpg,.jpg,media\posts\202507\18052030262181286.jpg,media\posts\202507,4
file,18052708268160483.jpg,.jpg,media\posts\202507\18052708268160483.jpg,media\posts\202507,4
file,18052733135572260.jpg,.jpg,media\posts\202507\18052733135572260.jpg,media\posts\202507,4
file,18052881977569681.jpg,.jpg,media\posts\202507\18052881977569681.jpg,media\posts\202507,4
file,18054640952540653.jpg,.jpg,media\posts\202507\18054640952540653.jpg,media\posts\202507,4
file,18055377458105139.jpg,.jpg,media\posts\202507\18055377458105139.jpg,media\posts\202507,4
file,18057813164584258.jpg,.jpg,media\posts\202507\18057813164584258.jpg,media\posts\202507,4
file,18058598129049360.jpg,.jpg,media\posts\202507\18058598129049360.jpg,media\posts\202507,4
file,18059053823017838.jpg,.jpg,media\posts\202507\18059053823017838.jpg,media\posts\202507,4
file,18060979223022387.jpg,.jpg,media\posts\202507\18060979223022387.jpg,media\posts\202507,4
file,18062281091253358.jpg,.jpg,media\posts\202507\18062281091253358.jpg,media\posts\202507,4
file,18062800400230246.jpg,.jpg,media\posts\202507\18062800400230246.jpg,media\posts\202507,4
file,18064255042981312.jpg,.jpg,media\posts\202507\18064255042981312.jpg,media\posts\202507,4
file,18066803090140917.jpg,.jpg,media\posts\202507\18066803090140917.jpg,media\posts\202507,4
file,18067169230888157.jpg,.jpg,media\posts\202507\18067169230888157.jpg,media\posts\202507,4
file,18069811772485345.jpg,.jpg,media\posts\202507\18069811772485345.jpg,media\posts\202507,4
file,18069833107872748.jpg,.jpg,media\posts\202507\18069833107872748.jpg,media\posts\202507,4
file,18070649945096461.jpg,.jpg,media\posts\202507\18070649945096461.jpg,media\posts\202507,4
file,18071053184492745.jpg,.jpg,media\posts\202507\18071053184492745.jpg,media\posts\202507,4
file,18071153459107345.jpg,.jpg,media\posts\202507\18071153459107345.jpg,media\posts\202507,4
file,18071813704978275.jpg,.jpg,media\posts\202507\18071813704978275.jpg,media\posts\202507,4
file,18071874035300138.jpg,.jpg,media\posts\202507\18071874035300138.jpg,media\posts\202507,4
file,18072103699965428.jpg,.jpg,media\posts\202507\18072103699965428.jpg,media\posts\202507,4
file,18073829914978162.jpg,.jpg,media\posts\202507\18073829914978162.jpg,media\posts\202507,4
file,18075281489318242.jpg,.jpg,media\posts\202507\18075281489318242.jpg,media\posts\202507,4
file,18078973858917145.jpg,.jpg,media\posts\202507\18078973858917145.jpg,media\posts\202507,4
file,18080758939715064.jpg,.jpg,media\posts\202507\18080758939715064.jpg,media\posts\202507,4
file,18082797994675830.jpg,.jpg,media\posts\202507\18082797994675830.jpg,media\posts\202507,4
file,18083458600836937.jpg,.jpg,media\posts\202507\18083458600836937.jpg,media\posts\202507,4
file,18085098721777667.jpg,.jpg,media\posts\202507\18085098721777667.jpg,media\posts\202507,4
file,18087410503668364.jpg,.jpg,media\posts\202507\18087410503668364.jpg,media\posts\202507,4
file,18088526005778517.jpg,.jpg,media\posts\202507\18088526005778517.jpg,media\posts\202507,4
file,18088904014738330.jpg,.jpg,media\posts\202507\18088904014738330.jpg,media\posts\202507,4
file,18090640663645427.jpg,.jpg,media\posts\202507\18090640663645427.jpg,media\posts\202507,4
file,18090829621712456.jpg,.jpg,media\posts\202507\18090829621712456.jpg,media\posts\202507,4
file,18092297098631160.jpg,.jpg,media\posts\202507\18092297098631160.jpg,media\posts\202507,4
file,18093999889627569.jpg,.jpg,media\posts\202507\18093999889627569.jpg,media\posts\202507,4
file,18094011166627966.jpg,.jpg,media\posts\202507\18094011166627966.jpg,media\posts\202507,4
file,18096079048716577.jpg,.jpg,media\posts\202507\18096079048716577.jpg,media\posts\202507,4
file,18097032748613022.jpg,.jpg,media\posts\202507\18097032748613022.jpg,media\posts\202507,4
file,18102888856497387.jpg,.jpg,media\posts\202507\18102888856497387.jpg,media\posts\202507,4
file,18121963156468621.jpg,.jpg,media\posts\202507\18121963156468621.jpg,media\posts\202507,4
file,18123313057476015.jpg,.jpg,media\posts\202507\18123313057476015.jpg,media\posts\202507,4
file,18133760140384517.jpg,.jpg,media\posts\202507\18133760140384517.jpg,media\posts\202507,4
file,18134754013442772.jpg,.jpg,media\posts\202507\18134754013442772.jpg,media\posts\202507,4
file,18138513559424929.jpg,.jpg,media\posts\202507\18138513559424929.jpg,media\posts\202507,4
file,18141891730364598.jpg,.jpg,media\posts\202507\18141891730364598.jpg,media\posts\202507,4
file,18144318034398785.jpg,.jpg,media\posts\202507\18144318034398785.jpg,media\posts\202507,4
file,18168839158342444.jpg,.jpg,media\posts\202507\18168839158342444.jpg,media\posts\202507,4
file,18188294701318309.jpg,.jpg,media\posts\202507\18188294701318309.jpg,media\posts\202507,4
file,18232818265292557.jpg,.jpg,media\posts\202507\18232818265292557.jpg,media\posts\202507,4
file,18233148043294806.jpg,.jpg,media\posts\202507\18233148043294806.jpg,media\posts\202507,4
file,18283044985283826.jpg,.jpg,media\posts\202507\18283044985283826.jpg,media\posts\202507,4
file,18312983050213451.jpg,.jpg,media\posts\202507\18312983050213451.jpg,media\posts\202507,4
file,18315858910234392.jpg,.jpg,media\posts\202507\18315858910234392.jpg,media\posts\202507,4
file,18350139514080043.jpg,.jpg,media\posts\202507\18350139514080043.jpg,media\posts\202507,4
file,18366634192182833.heic,.heic,media\posts\202507\18366634192182833.heic,media\posts\202507,4
file,18381865951125363.jpg,.jpg,media\posts\202507\18381865951125363.jpg,media\posts\202507,4
file,18397699960138688.jpg,.jpg,media\posts\202507\18397699960138688.jpg,media\posts\202507,4
file,18411282142105419.jpg,.jpg,media\posts\202507\18411282142105419.jpg,media\posts\202507,4
file,18520196836058354.jpg,.jpg,media\posts\202507\18520196836058354.jpg,media\posts\202507,4
file,18524193634029919.jpg,.jpg,media\posts\202507\18524193634029919.jpg,media\posts\202507,4
directory,202508,,media\posts\202508,media\posts,3
file,17845322064556281.jpg,.jpg,media\posts\202508\17845322064556281.jpg,media\posts\202508,4
file,17850015438503525.jpg,.jpg,media\posts\202508\17850015438503525.jpg,media\posts\202508,4
file,17853005808460610.jpg,.jpg,media\posts\202508\17853005808460610.jpg,media\posts\202508,4
file,17853622842529941.jpg,.jpg,media\posts\202508\17853622842529941.jpg,media\posts\202508,4
file,17855098773503833.jpg,.jpg,media\posts\202508\17855098773503833.jpg,media\posts\202508,4
file,17856840246495942.jpg,.jpg,media\posts\202508\17856840246495942.jpg,media\posts\202508,4
file,17857128096433616.jpg,.jpg,media\posts\202508\17857128096433616.jpg,media\posts\202508,4
file,17860421382415756.jpg,.jpg,media\posts\202508\17860421382415756.jpg,media\posts\202508,4
file,17862382992446766.jpg,.jpg,media\posts\202508\17862382992446766.jpg,media\posts\202508,4
file,17862685392448455.jpg,.jpg,media\posts\202508\17862685392448455.jpg,media\posts\202508,4
file,17864810904448835.jpg,.jpg,media\posts\202508\17864810904448835.jpg,media\posts\202508,4
file,17865732186373956.jpg,.jpg,media\posts\202508\17865732186373956.jpg,media\posts\202508,4
file,17868021261351394.jpg,.jpg,media\posts\202508\17868021261351394.jpg,media\posts\202508,4
file,17870948046410408.jpg,.jpg,media\posts\202508\17870948046410408.jpg,media\posts\202508,4
file,17872043988333841.jpg,.jpg,media\posts\202508\17872043988333841.jpg,media\posts\202508,4
file,17877405288384794.jpg,.jpg,media\posts\202508\17877405288384794.jpg,media\posts\202508,4
file,17877807540391374.jpg,.jpg,media\posts\202508\17877807540391374.jpg,media\posts\202508,4
file,17883947775360849.jpg,.jpg,media\posts\202508\17883947775360849.jpg,media\posts\202508,4
file,17885536500357774.jpg,.jpg,media\posts\202508\17885536500357774.jpg,media\posts\202508,4
file,17891365593317617.jpg,.jpg,media\posts\202508\17891365593317617.jpg,media\posts\202508,4
file,17894033412161272.jpg,.jpg,media\posts\202508\17894033412161272.jpg,media\posts\202508,4
file,17895777471297739.jpg,.jpg,media\posts\202508\17895777471297739.jpg,media\posts\202508,4
file,17897018718146236.jpg,.jpg,media\posts\202508\17897018718146236.jpg,media\posts\202508,4
file,17909825022189334.jpg,.jpg,media\posts\202508\17909825022189334.jpg,media\posts\202508,4
file,17912365206193897.jpg,.jpg,media\posts\202508\17912365206193897.jpg,media\posts\202508,4
file,17913231636170895.jpg,.jpg,media\posts\202508\17913231636170895.jpg,media\posts\202508,4
file,17917452138176976.jpg,.jpg,media\posts\202508\17917452138176976.jpg,media\posts\202508,4
file,17917578522116238.jpg,.jpg,media\posts\202508\17917578522116238.jpg,media\posts\202508,4
file,17917829526035661.jpg,.jpg,media\posts\202508\17917829526035661.jpg,media\posts\202508,4
file,17919068217115853.jpg,.jpg,media\posts\202508\17919068217115853.jpg,media\posts\202508,4
file,17919525060120940.jpg,.jpg,media\posts\202508\17919525060120940.jpg,media\posts\202508,4
file,17920347942017248.jpg,.jpg,media\posts\202508\17920347942017248.jpg,media\posts\202508,4
file,17922274122135966.jpg,.jpg,media\posts\202508\17922274122135966.jpg,media\posts\202508,4
file,17925830574101412.jpg,.jpg,media\posts\202508\17925830574101412.jpg,media\posts\202508,4
file,17938098573049378.jpg,.jpg,media\posts\202508\17938098573049378.jpg,media\posts\202508,4
file,17939418399064778.jpg,.jpg,media\posts\202508\17939418399064778.jpg,media\posts\202508,4
file,17939796944917124.jpg,.jpg,media\posts\202508\17939796944917124.jpg,media\posts\202508,4
file,17941769099919408.jpg,.jpg,media\posts\202508\17941769099919408.jpg,media\posts\202508,4
file,17941943559045661.jpg,.jpg,media\posts\202508\17941943559045661.jpg,media\posts\202508,4
file,17943518178013776.jpg,.jpg,media\posts\202508\17943518178013776.jpg,media\posts\202508,4
file,17945605775902089.jpg,.jpg,media\posts\202508\17945605775902089.jpg,media\posts\202508,4
file,17948830802887879.jpg,.jpg,media\posts\202508\17948830802887879.jpg,media\posts\202508,4
file,17952817391858465.jpg,.jpg,media\posts\202508\17952817391858465.jpg,media\posts\202508,4
file,17953487231991641.jpg,.jpg,media\posts\202508\17953487231991641.jpg,media\posts\202508,4
file,17954370464990556.jpg,.jpg,media\posts\202508\17954370464990556.jpg,media\posts\202508,4
file,17956309265992863.jpg,.jpg,media\posts\202508\17956309265992863.jpg,media\posts\202508,4
file,17957510018985741.jpg,.jpg,media\posts\202508\17957510018985741.jpg,media\posts\202508,4
file,17958880151977598.jpg,.jpg,media\posts\202508\17958880151977598.jpg,media\posts\202508,4
file,17959462799826184.jpg,.jpg,media\posts\202508\17959462799826184.jpg,media\posts\202508,4
file,17963462324956681.jpg,.jpg,media\posts\202508\17963462324956681.jpg,media\posts\202508,4
file,17965398332955367.jpg,.jpg,media\posts\202508\17965398332955367.jpg,media\posts\202508,4
file,17968896161791159.jpg,.jpg,media\posts\202508\17968896161791159.jpg,media\posts\202508,4
file,17970892340930352.jpg,.jpg,media\posts\202508\17970892340930352.jpg,media\posts\202508,4
file,17971283015776808.jpg,.jpg,media\posts\202508\17971283015776808.jpg,media\posts\202508,4
file,17971988633930435.jpg,.jpg,media\posts\202508\17971988633930435.jpg,media\posts\202508,4
file,17973167360760922.jpg,.jpg,media\posts\202508\17973167360760922.jpg,media\posts\202508,4
file,17973981818766536.jpg,.jpg,media\posts\202508\17973981818766536.jpg,media\posts\202508,4
file,17975849963868738.jpg,.jpg,media\posts\202508\17975849963868738.jpg,media\posts\202508,4
file,17980206833886931.jpg,.jpg,media\posts\202508\17980206833886931.jpg,media\posts\202508,4
file,17987411882704812.jpg,.jpg,media\posts\202508\17987411882704812.jpg,media\posts\202508,4
file,17988417149693207.jpg,.jpg,media\posts\202508\17988417149693207.jpg,media\posts\202508,4
file,17988697844756038.jpg,.jpg,media\posts\202508\17988697844756038.jpg,media\posts\202508,4
file,17997491828810391.jpg,.jpg,media\posts\202508\17997491828810391.jpg,media\posts\202508,4
file,17998639313657565.jpg,.jpg,media\posts\202508\17998639313657565.jpg,media\posts\202508,4
file,18007616138794486.jpg,.jpg,media\posts\202508\18007616138794486.jpg,media\posts\202508,4
file,18012758687603011.jpg,.jpg,media\posts\202508\18012758687603011.jpg,media\posts\202508,4
file,18017160680761898.jpg,.jpg,media\posts\202508\18017160680761898.jpg,media\posts\202508,4
file,18017283722743143.jpg,.jpg,media\posts\202508\18017283722743143.jpg,media\posts\202508,4
file,18017407760771154.jpg,.jpg,media\posts\202508\18017407760771154.jpg,media\posts\202508,4
file,18022793999720572.jpg,.jpg,media\posts\202508\18022793999720572.jpg,media\posts\202508,4
file,18024553244524300.jpg,.jpg,media\posts\202508\18024553244524300.jpg,media\posts\202508,4
file,18026567057710649.jpg,.jpg,media\posts\202508\18026567057710649.jpg,media\posts\202508,4
file,18035857217466206.jpg,.jpg,media\posts\202508\18035857217466206.jpg,media\posts\202508,4
file,18036130841458101.jpg,.jpg,media\posts\202508\18036130841458101.jpg,media\posts\202508,4
file,18036381905425626.jpg,.jpg,media\posts\202508\18036381905425626.jpg,media\posts\202508,4
file,18037887521671139.jpg,.jpg,media\posts\202508\18037887521671139.jpg,media\posts\202508,4
file,18038304896444342.jpg,.jpg,media\posts\202508\18038304896444342.jpg,media\posts\202508,4
file,18038350970430867.jpg,.jpg,media\posts\202508\18038350970430867.jpg,media\posts\202508,4
file,18039203393419140.jpg,.jpg,media\posts\202508\18039203393419140.jpg,media\posts\202508,4
file,18039215717384212.jpg,.jpg,media\posts\202508\18039215717384212.jpg,media\posts\202508,4
file,18040591208354399.jpg,.jpg,media\posts\202508\18040591208354399.jpg,media\posts\202508,4
file,18041556926367188.jpg,.jpg,media\posts\202508\18041556926367188.jpg,media\posts\202508,4
file,18042416042350609.jpg,.jpg,media\posts\202508\18042416042350609.jpg,media\posts\202508,4
file,18042942740647654.jpg,.jpg,media\posts\202508\18042942740647654.jpg,media\posts\202508,4
file,18049854911258611.jpg,.jpg,media\posts\202508\18049854911258611.jpg,media\posts\202508,4
file,18050770994542906.jpg,.jpg,media\posts\202508\18050770994542906.jpg,media\posts\202508,4
file,18051170513239796.jpg,.jpg,media\posts\202508\18051170513239796.jpg,media\posts\202508,4
file,18051447545222885.jpg,.jpg,media\posts\202508\18051447545222885.jpg,media\posts\202508,4
file,18052217846636868.jpg,.jpg,media\posts\202508\18052217846636868.jpg,media\posts\202508,4
file,18052576235536081.jpg,.jpg,media\posts\202508\18052576235536081.jpg,media\posts\202508,4
file,18052689353566170.jpg,.jpg,media\posts\202508\18052689353566170.jpg,media\posts\202508,4
file,18053049149388291.jpg,.jpg,media\posts\202508\18053049149388291.jpg,media\posts\202508,4
file,18053206895439360.jpg,.jpg,media\posts\202508\18053206895439360.jpg,media\posts\202508,4
file,18053865185625252.jpg,.jpg,media\posts\202508\18053865185625252.jpg,media\posts\202508,4
file,18054140003431758.jpg,.jpg,media\posts\202508\18054140003431758.jpg,media\posts\202508,4
file,18054541235174125.jpg,.jpg,media\posts\202508\18054541235174125.jpg,media\posts\202508,4
file,18055927535413011.jpg,.jpg,media\posts\202508\18055927535413011.jpg,media\posts\202508,4
file,18056541596381614.jpg,.jpg,media\posts\202508\18056541596381614.jpg,media\posts\202508,4
file,18056844440120622.jpg,.jpg,media\posts\202508\18056844440120622.jpg,media\posts\202508,4
file,18057693407576693.jpg,.jpg,media\posts\202508\18057693407576693.jpg,media\posts\202508,4
file,18057736469613501.jpg,.jpg,media\posts\202508\18057736469613501.jpg,media\posts\202508,4
file,18057760496377366.jpg,.jpg,media\posts\202508\18057760496377366.jpg,media\posts\202508,4
file,18058000187455697.jpg,.jpg,media\posts\202508\18058000187455697.jpg,media\posts\202508,4
file,18058085486086399.jpg,.jpg,media\posts\202508\18058085486086399.jpg,media\posts\202508,4
file,18058098419110402.jpg,.jpg,media\posts\202508\18058098419110402.jpg,media\posts\202508,4
file,18058525640591516.jpg,.jpg,media\posts\202508\18058525640591516.jpg,media\posts\202508,4
file,18058778783095655.jpg,.jpg,media\posts\202508\18058778783095655.jpg,media\posts\202508,4
file,18061526243582309.jpg,.jpg,media\posts\202508\18061526243582309.jpg,media\posts\202508,4
file,18062214701198363.jpg,.jpg,media\posts\202508\18062214701198363.jpg,media\posts\202508,4
file,18063043976244724.jpg,.jpg,media\posts\202508\18063043976244724.jpg,media\posts\202508,4
file,18063265271350899.jpg,.jpg,media\posts\202508\18063265271350899.jpg,media\posts\202508,4
file,18063524927197592.jpg,.jpg,media\posts\202508\18063524927197592.jpg,media\posts\202508,4
file,18064653905213518.jpg,.jpg,media\posts\202508\18064653905213518.jpg,media\posts\202508,4
file,18066046379271238.jpg,.jpg,media\posts\202508\18066046379271238.jpg,media\posts\202508,4
file,18066557051239370.jpg,.jpg,media\posts\202508\18066557051239370.jpg,media\posts\202508,4
file,18067247879332320.jpg,.jpg,media\posts\202508\18067247879332320.jpg,media\posts\202508,4
file,18069821662925856.jpg,.jpg,media\posts\202508\18069821662925856.jpg,media\posts\202508,4
file,18071107634153112.jpg,.jpg,media\posts\202508\18071107634153112.jpg,media\posts\202508,4
file,18071621752887663.jpg,.jpg,media\posts\202508\18071621752887663.jpg,media\posts\202508,4
file,18071778161147355.jpg,.jpg,media\posts\202508\18071778161147355.jpg,media\posts\202508,4
file,18072082201877117.jpg,.jpg,media\posts\202508\18072082201877117.jpg,media\posts\202508,4
file,18072696554045865.jpg,.jpg,media\posts\202508\18072696554045865.jpg,media\posts\202508,4
file,18072793517037419.jpg,.jpg,media\posts\202508\18072793517037419.jpg,media\posts\202508,4
file,18073540084860316.jpg,.jpg,media\posts\202508\18073540084860316.jpg,media\posts\202508,4
file,18073959376859974.jpg,.jpg,media\posts\202508\18073959376859974.jpg,media\posts\202508,4
file,18074496236291713.jpg,.jpg,media\posts\202508\18074496236291713.jpg,media\posts\202508,4
file,18075649729839972.jpg,.jpg,media\posts\202508\18075649729839972.jpg,media\posts\202508,4
file,18075867203048239.jpg,.jpg,media\posts\202508\18075867203048239.jpg,media\posts\202508,4
file,18076161274987847.jpg,.jpg,media\posts\202508\18076161274987847.jpg,media\posts\202508,4
file,18076176070803887.jpg,.jpg,media\posts\202508\18076176070803887.jpg,media\posts\202508,4
file,18076699618791132.jpg,.jpg,media\posts\202508\18076699618791132.jpg,media\posts\202508,4
file,18077260780940888.jpg,.jpg,media\posts\202508\18077260780940888.jpg,media\posts\202508,4
file,18077627563947707.jpg,.jpg,media\posts\202508\18077627563947707.jpg,media\posts\202508,4
file,18077883385958283.jpg,.jpg,media\posts\202508\18077883385958283.jpg,media\posts\202508,4
file,18078034828777817.heic,.heic,media\posts\202508\18078034828777817.heic,media\posts\202508,4
file,18078409442500272.jpg,.jpg,media\posts\202508\18078409442500272.jpg,media\posts\202508,4
file,18079817260746875.jpg,.jpg,media\posts\202508\18079817260746875.jpg,media\posts\202508,4
file,18080244304910874.jpg,.jpg,media\posts\202508\18080244304910874.jpg,media\posts\202508,4
file,18082329724901731.jpg,.jpg,media\posts\202508\18082329724901731.jpg,media\posts\202508,4
file,18083869012853546.jpg,.jpg,media\posts\202508\18083869012853546.jpg,media\posts\202508,4
file,18084149659700958.jpg,.jpg,media\posts\202508\18084149659700958.jpg,media\posts\202508,4
file,18084420622861882.jpg,.jpg,media\posts\202508\18084420622861882.jpg,media\posts\202508,4
file,18085852420633233.jpg,.jpg,media\posts\202508\18085852420633233.jpg,media\posts\202508,4
file,18086444095835467.jpg,.jpg,media\posts\202508\18086444095835467.jpg,media\posts\202508,4
file,18087467566631052.jpg,.jpg,media\posts\202508\18087467566631052.jpg,media\posts\202508,4
file,18088058068824452.jpg,.jpg,media\posts\202508\18088058068824452.jpg,media\posts\202508,4
file,18088160053776054.jpg,.jpg,media\posts\202508\18088160053776054.jpg,media\posts\202508,4
file,18091320979682944.jpg,.jpg,media\posts\202508\18091320979682944.jpg,media\posts\202508,4
file,18091336813736742.jpg,.jpg,media\posts\202508\18091336813736742.jpg,media\posts\202508,4
file,18091564588736642.jpg,.jpg,media\posts\202508\18091564588736642.jpg,media\posts\202508,4
file,18092533663668415.jpg,.jpg,media\posts\202508\18092533663668415.jpg,media\posts\202508,4
file,18094431256657005.jpg,.jpg,media\posts\202508\18094431256657005.jpg,media\posts\202508,4
file,18094480186641965.jpg,.jpg,media\posts\202508\18094480186641965.jpg,media\posts\202508,4
file,18094855354655770.jpg,.jpg,media\posts\202508\18094855354655770.jpg,media\posts\202508,4
file,18096582601717246.jpg,.jpg,media\posts\202508\18096582601717246.jpg,media\posts\202508,4
file,18097005268615590.jpg,.jpg,media\posts\202508\18097005268615590.jpg,media\posts\202508,4
file,18099534760613376.jpg,.jpg,media\posts\202508\18099534760613376.jpg,media\posts\202508,4
file,18103794505561728.jpg,.jpg,media\posts\202508\18103794505561728.jpg,media\posts\202508,4
file,18104506354561566.jpg,.jpg,media\posts\202508\18104506354561566.jpg,media\posts\202508,4
file,18106961767493420.jpg,.jpg,media\posts\202508\18106961767493420.jpg,media\posts\202508,4
file,18111102820525503.jpg,.jpg,media\posts\202508\18111102820525503.jpg,media\posts\202508,4
file,18114013186503207.jpg,.jpg,media\posts\202508\18114013186503207.jpg,media\posts\202508,4
file,18118478983494508.jpg,.jpg,media\posts\202508\18118478983494508.jpg,media\posts\202508,4
file,18121423429433912.jpg,.jpg,media\posts\202508\18121423429433912.jpg,media\posts\202508,4
file,18122296219487740.jpg,.jpg,media\posts\202508\18122296219487740.jpg,media\posts\202508,4
file,18122876215473471.jpg,.jpg,media\posts\202508\18122876215473471.jpg,media\posts\202508,4
file,18124289959482236.jpg,.jpg,media\posts\202508\18124289959482236.jpg,media\posts\202508,4
file,18128159695412399.jpg,.jpg,media\posts\202508\18128159695412399.jpg,media\posts\202508,4
file,18128809450455025.jpg,.jpg,media\posts\202508\18128809450455025.jpg,media\posts\202508,4
file,18134442406431170.jpg,.jpg,media\posts\202508\18134442406431170.jpg,media\posts\202508,4
file,18135436117380180.jpg,.jpg,media\posts\202508\18135436117380180.jpg,media\posts\202508,4
file,18139238263420001.jpg,.jpg,media\posts\202508\18139238263420001.jpg,media\posts\202508,4
file,18147186082403721.jpg,.jpg,media\posts\202508\18147186082403721.jpg,media\posts\202508,4
file,18147264274400999.jpg,.jpg,media\posts\202508\18147264274400999.jpg,media\posts\202508,4
file,18152091016382209.jpg,.jpg,media\posts\202508\18152091016382209.jpg,media\posts\202508,4
file,18153607966386000.jpg,.jpg,media\posts\202508\18153607966386000.jpg,media\posts\202508,4
file,18159574384373068.jpg,.jpg,media\posts\202508\18159574384373068.jpg,media\posts\202508,4
file,18161073703371440.jpg,.jpg,media\posts\202508\18161073703371440.jpg,media\posts\202508,4
file,18170982556359218.jpg,.jpg,media\posts\202508\18170982556359218.jpg,media\posts\202508,4
file,18174463696346063.jpg,.jpg,media\posts\202508\18174463696346063.jpg,media\posts\202508,4
file,18177012136339552.jpg,.jpg,media\posts\202508\18177012136339552.jpg,media\posts\202508,4
file,18178402663339384.jpg,.jpg,media\posts\202508\18178402663339384.jpg,media\posts\202508,4
file,18180458143329522.jpg,.jpg,media\posts\202508\18180458143329522.jpg,media\posts\202508,4
file,18181611019332586.jpg,.jpg,media\posts\202508\18181611019332586.jpg,media\posts\202508,4
file,18185199508324680.jpg,.jpg,media\posts\202508\18185199508324680.jpg,media\posts\202508,4
file,18195880159315714.jpg,.jpg,media\posts\202508\18195880159315714.jpg,media\posts\202508,4
file,18233950060290719.jpg,.jpg,media\posts\202508\18233950060290719.jpg,media\posts\202508,4
file,18280452883287475.jpg,.jpg,media\posts\202508\18280452883287475.jpg,media\posts\202508,4
file,18284819818281387.jpg,.jpg,media\posts\202508\18284819818281387.jpg,media\posts\202508,4
file,18287168170261578.jpg,.jpg,media\posts\202508\18287168170261578.jpg,media\posts\202508,4
file,18293611051266265.jpg,.jpg,media\posts\202508\18293611051266265.jpg,media\posts\202508,4
file,18304580614220445.jpg,.jpg,media\posts\202508\18304580614220445.jpg,media\posts\202508,4
file,18307915825244576.jpg,.jpg,media\posts\202508\18307915825244576.jpg,media\posts\202508,4
file,18315837331242748.jpg,.jpg,media\posts\202508\18315837331242748.jpg,media\posts\202508,4
file,18317054683209001.jpg,.jpg,media\posts\202508\18317054683209001.jpg,media\posts\202508,4
file,18327030508232753.jpg,.jpg,media\posts\202508\18327030508232753.jpg,media\posts\202508,4
file,18332337430206192.jpg,.jpg,media\posts\202508\18332337430206192.jpg,media\posts\202508,4
file,18335138752202044.jpg,.jpg,media\posts\202508\18335138752202044.jpg,media\posts\202508,4
file,18335377690201071.jpg,.jpg,media\posts\202508\18335377690201071.jpg,media\posts\202508,4
file,18335666977205086.jpg,.jpg,media\posts\202508\18335666977205086.jpg,media\posts\202508,4
file,18340216369160506.jpg,.jpg,media\posts\202508\18340216369160506.jpg,media\posts\202508,4
file,18341843602166032.jpg,.jpg,media\posts\202508\18341843602166032.jpg,media\posts\202508,4
file,18352070260085247.jpg,.jpg,media\posts\202508\18352070260085247.jpg,media\posts\202508,4
file,18354950836081012.jpg,.jpg,media\posts\202508\18354950836081012.jpg,media\posts\202508,4
file,18355891039152231.jpg,.jpg,media\posts\202508\18355891039152231.jpg,media\posts\202508,4
file,18357444940155149.jpg,.jpg,media\posts\202508\18357444940155149.jpg,media\posts\202508,4
file,18360403081158988.jpg,.jpg,media\posts\202508\18360403081158988.jpg,media\posts\202508,4
file,18363939913159918.jpg,.jpg,media\posts\202508\18363939913159918.jpg,media\posts\202508,4
file,18366044878149774.jpg,.jpg,media\posts\202508\18366044878149774.jpg,media\posts\202508,4
file,18366843775144205.jpg,.jpg,media\posts\202508\18366843775144205.jpg,media\posts\202508,4
file,18368585404145604.jpg,.jpg,media\posts\202508\18368585404145604.jpg,media\posts\202508,4
file,18369813208176244.jpg,.jpg,media\posts\202508\18369813208176244.jpg,media\posts\202508,4
file,18371332783176298.jpg,.jpg,media\posts\202508\18371332783176298.jpg,media\posts\202508,4
file,18372912658182290.jpg,.jpg,media\posts\202508\18372912658182290.jpg,media\posts\202508,4
file,18373566262183503.jpg,.jpg,media\posts\202508\18373566262183503.jpg,media\posts\202508,4
file,18381640903120701.jpg,.jpg,media\posts\202508\18381640903120701.jpg,media\posts\202508,4
file,18382211074132512.jpg,.jpg,media\posts\202508\18382211074132512.jpg,media\posts\202508,4
file,18395210170140159.jpg,.jpg,media\posts\202508\18395210170140159.jpg,media\posts\202508,4
file,18396365773186570.jpg,.jpg,media\posts\202508\18396365773186570.jpg,media\posts\202508,4
file,18397877650191422.jpg,.jpg,media\posts\202508\18397877650191422.jpg,media\posts\202508,4
file,18414923011110115.jpg,.jpg,media\posts\202508\18414923011110115.jpg,media\posts\202508,4
file,18421977223103955.jpg,.jpg,media\posts\202508\18421977223103955.jpg,media\posts\202508,4
file,18472870462073055.jpg,.jpg,media\posts\202508\18472870462073055.jpg,media\posts\202508,4
file,18488946766071820.jpg,.jpg,media\posts\202508\18488946766071820.jpg,media\posts\202508,4
file,18518382088038672.jpg,.jpg,media\posts\202508\18518382088038672.jpg,media\posts\202508,4
file,18522186544016872.jpg,.jpg,media\posts\202508\18522186544016872.jpg,media\posts\202508,4
file,18522545032037359.jpg,.jpg,media\posts\202508\18522545032037359.jpg,media\posts\202508,4
file,18526706248006838.heic,.heic,media\posts\202508\18526706248006838.heic,media\posts\202508,4
directory,202509,,media\posts\202509,media\posts,3
file,17842579041572721.jpg,.jpg,media\posts\202509\17842579041572721.jpg,media\posts\202509,4
file,17842636374584860.jpg,.jpg,media\posts\202509\17842636374584860.jpg,media\posts\202509,4
file,17844249636575534.jpg,.jpg,media\posts\202509\17844249636575534.jpg,media\posts\202509,4
file,17846433618543937.heic,.heic,media\posts\202509\17846433618543937.heic,media\posts\202509,4
file,17847808482555675.jpg,.jpg,media\posts\202509\17847808482555675.jpg,media\posts\202509,4
file,17848304025557491.jpg,.jpg,media\posts\202509\17848304025557491.jpg,media\posts\202509,4
file,17854245843536176.jpg,.jpg,media\posts\202509\17854245843536176.jpg,media\posts\202509,4
file,17859608268497991.jpg,.jpg,media\posts\202509\17859608268497991.jpg,media\posts\202509,4
file,17860578186500018.jpg,.jpg,media\posts\202509\17860578186500018.jpg,media\posts\202509,4
file,17860711968434932.jpg,.jpg,media\posts\202509\17860711968434932.jpg,media\posts\202509,4
file,17862381918470921.jpg,.jpg,media\posts\202509\17862381918470921.jpg,media\posts\202509,4
file,17863544820470542.jpg,.jpg,media\posts\202509\17863544820470542.jpg,media\posts\202509,4
file,17864149008394495.jpg,.jpg,media\posts\202509\17864149008394495.jpg,media\posts\202509,4
file,17866606596449000.jpg,.jpg,media\posts\202509\17866606596449000.jpg,media\posts\202509,4
file,17867081736375131.jpg,.jpg,media\posts\202509\17867081736375131.jpg,media\posts\202509,4
file,17872125804429634.jpg,.jpg,media\posts\202509\17872125804429634.jpg,media\posts\202509,4
file,17872318818332907.jpg,.jpg,media\posts\202509\17872318818332907.jpg,media\posts\202509,4
file,17875348665407102.jpg,.jpg,media\posts\202509\17875348665407102.jpg,media\posts\202509,4
file,17875355457423295.jpg,.jpg,media\posts\202509\17875355457423295.jpg,media\posts\202509,4
file,17876415438406451.jpg,.jpg,media\posts\202509\17876415438406451.jpg,media\posts\202509,4
file,17876488113303723.jpg,.jpg,media\posts\202509\17876488113303723.jpg,media\posts\202509,4
file,17878890393400976.jpg,.jpg,media\posts\202509\17878890393400976.jpg,media\posts\202509,4
file,17879092761287718.jpg,.jpg,media\posts\202509\17879092761287718.jpg,media\posts\202509,4
file,17880846129388883.jpg,.jpg,media\posts\202509\17880846129388883.jpg,media\posts\202509,4
file,17881854072389969.jpg,.jpg,media\posts\202509\17881854072389969.jpg,media\posts\202509,4
file,17882625960388402.jpg,.jpg,media\posts\202509\17882625960388402.jpg,media\posts\202509,4
file,17884239288241805.jpg,.jpg,media\posts\202509\17884239288241805.jpg,media\posts\202509,4
file,17884252893382171.jpg,.jpg,media\posts\202509\17884252893382171.jpg,media\posts\202509,4
file,17886947472222224.jpg,.jpg,media\posts\202509\17886947472222224.jpg,media\posts\202509,4
file,17887004994349495.jpg,.jpg,media\posts\202509\17887004994349495.jpg,media\posts\202509,4
file,17887624536360235.jpg,.jpg,media\posts\202509\17887624536360235.jpg,media\posts\202509,4
file,17887729302351336.jpg,.jpg,media\posts\202509\17887729302351336.jpg,media\posts\202509,4
file,17888053173360579.jpg,.jpg,media\posts\202509\17888053173360579.jpg,media\posts\202509,4
file,17889799302343232.jpg,.jpg,media\posts\202509\17889799302343232.jpg,media\posts\202509,4
file,17890608987346650.jpg,.jpg,media\posts\202509\17890608987346650.jpg,media\posts\202509,4
file,17891965590201602.heic,.heic,media\posts\202509\17891965590201602.heic,media\posts\202509,4
file,17892343128300782.jpg,.jpg,media\posts\202509\17892343128300782.jpg,media\posts\202509,4
file,17892552129315596.jpg,.jpg,media\posts\202509\17892552129315596.jpg,media\posts\202509,4
file,17894233971316218.heic,.heic,media\posts\202509\17894233971316218.heic,media\posts\202509,4
file,17894592480320024.heic,.heic,media\posts\202509\17894592480320024.heic,media\posts\202509,4
file,17895273564162038.jpg,.jpg,media\posts\202509\17895273564162038.jpg,media\posts\202509,4
file,17895701205299983.jpg,.jpg,media\posts\202509\17895701205299983.jpg,media\posts\202509,4
file,17896695051162448.heic,.heic,media\posts\202509\17896695051162448.heic,media\posts\202509,4
file,17897656176167071.heic,.heic,media\posts\202509\17897656176167071.heic,media\posts\202509,4
file,17899231464147119.jpg,.jpg,media\posts\202509\17899231464147119.jpg,media\posts\202509,4
file,17899498746276378.jpg,.jpg,media\posts\202509\17899498746276378.jpg,media\posts\202509,4
file,17899735002259012.jpg,.jpg,media\posts\202509\17899735002259012.jpg,media\posts\202509,4
file,17903695719125066.jpg,.jpg,media\posts\202509\17903695719125066.jpg,media\posts\202509,4
file,17906708754213238.jpg,.jpg,media\posts\202509\17906708754213238.jpg,media\posts\202509,4
file,17906988441097344.jpg,.jpg,media\posts\202509\17906988441097344.jpg,media\posts\202509,4
file,17907053226237950.jpg,.jpg,media\posts\202509\17907053226237950.jpg,media\posts\202509,4
file,17907258981217314.jpg,.jpg,media\posts\202509\17907258981217314.jpg,media\posts\202509,4
file,17908260891211099.jpg,.jpg,media\posts\202509\17908260891211099.jpg,media\posts\202509,4
file,17909372184228060.heic,.heic,media\posts\202509\17909372184228060.heic,media\posts\202509,4
file,17909656743087456.jpg,.jpg,media\posts\202509\17909656743087456.jpg,media\posts\202509,4
file,17910479565211184.jpg,.jpg,media\posts\202509\17910479565211184.jpg,media\posts\202509,4
file,17912992155192680.jpg,.jpg,media\posts\202509\17912992155192680.jpg,media\posts\202509,4
file,17913520002189588.jpg,.jpg,media\posts\202509\17913520002189588.jpg,media\posts\202509,4
file,17913615081084325.jpg,.jpg,media\posts\202509\17913615081084325.jpg,media\posts\202509,4
file,17915000997056394.jpg,.jpg,media\posts\202509\17915000997056394.jpg,media\posts\202509,4
file,17915291403191642.jpg,.jpg,media\posts\202509\17915291403191642.jpg,media\posts\202509,4
file,17919652077149488.jpg,.jpg,media\posts\202509\17919652077149488.jpg,media\posts\202509,4
file,17921195481170887.jpg,.jpg,media\posts\202509\17921195481170887.jpg,media\posts\202509,4
file,17922211023143997.jpg,.jpg,media\posts\202509\17922211023143997.jpg,media\posts\202509,4
file,17923812576016010.heic,.heic,media\posts\202509\17923812576016010.heic,media\posts\202509,4
file,17925934254136673.jpg,.jpg,media\posts\202509\17925934254136673.jpg,media\posts\202509,4
file,17926008942131183.heic,.heic,media\posts\202509\17926008942131183.heic,media\posts\202509,4
file,17929715093980751.jpg,.jpg,media\posts\202509\17929715093980751.jpg,media\posts\202509,4
file,17931967016979397.jpg,.jpg,media\posts\202509\17931967016979397.jpg,media\posts\202509,4
file,17932287287965970.jpg,.jpg,media\posts\202509\17932287287965970.jpg,media\posts\202509,4
file,17933821866067932.jpg,.jpg,media\posts\202509\17933821866067932.jpg,media\posts\202509,4
file,17935185540094178.jpg,.jpg,media\posts\202509\17935185540094178.jpg,media\posts\202509,4
file,17935214145082737.jpg,.jpg,media\posts\202509\17935214145082737.jpg,media\posts\202509,4
file,17935448367082434.heic,.heic,media\posts\202509\17935448367082434.heic,media\posts\202509,4
file,17937428868080974.jpg,.jpg,media\posts\202509\17937428868080974.jpg,media\posts\202509,4
file,17940612440935317.jpg,.jpg,media\posts\202509\17940612440935317.jpg,media\posts\202509,4
file,17941032462062840.jpg,.jpg,media\posts\202509\17941032462062840.jpg,media\posts\202509,4
file,17941716648060271.jpg,.jpg,media\posts\202509\17941716648060271.jpg,media\posts\202509,4
file,17941737470934872.jpg,.jpg,media\posts\202509\17941737470934872.jpg,media\posts\202509,4
file,17942478756027890.jpg,.jpg,media\posts\202509\17942478756027890.jpg,media\posts\202509,4
file,17942895902922022.jpg,.jpg,media\posts\202509\17942895902922022.jpg,media\posts\202509,4
file,17946078053905402.jpg,.jpg,media\posts\202509\17946078053905402.jpg,media\posts\202509,4
file,17946625926025875.jpg,.jpg,media\posts\202509\17946625926025875.jpg,media\posts\202509,4
file,17946976113023139.jpg,.jpg,media\posts\202509\17946976113023139.jpg,media\posts\202509,4
file,17947083618030739.jpg,.jpg,media\posts\202509\17947083618030739.jpg,media\posts\202509,4
file,17949172860037380.heic,.heic,media\posts\202509\17949172860037380.heic,media\posts\202509,4
file,17953282781882654.jpg,.jpg,media\posts\202509\17953282781882654.jpg,media\posts\202509,4
file,17953784741862751.jpg,.jpg,media\posts\202509\17953784741862751.jpg,media\posts\202509,4
file,17953961435859149.jpg,.jpg,media\posts\202509\17953961435859149.jpg,media\posts\202509,4
file,17956325447859340.heic,.heic,media\posts\202509\17956325447859340.heic,media\posts\202509,4
file,17959706201989006.jpg,.jpg,media\posts\202509\17959706201989006.jpg,media\posts\202509,4
file,17959900145977254.jpg,.jpg,media\posts\202509\17959900145977254.jpg,media\posts\202509,4
file,17960670362969151.jpg,.jpg,media\posts\202509\17960670362969151.jpg,media\posts\202509,4
file,17961773528976182.jpg,.jpg,media\posts\202509\17961773528976182.jpg,media\posts\202509,4
file,17964938924975950.jpg,.jpg,media\posts\202509\17964938924975950.jpg,media\posts\202509,4
file,17965264040966674.jpg,.jpg,media\posts\202509\17965264040966674.jpg,media\posts\202509,4
file,17966150111970500.jpg,.jpg,media\posts\202509\17966150111970500.jpg,media\posts\202509,4
file,17970819119925844.jpg,.jpg,media\posts\202509\17970819119925844.jpg,media\posts\202509,4
file,17970902555944906.jpg,.jpg,media\posts\202509\17970902555944906.jpg,media\posts\202509,4
file,17971908728778324.jpg,.jpg,media\posts\202509\17971908728778324.jpg,media\posts\202509,4
file,17972079551948789.jpg,.jpg,media\posts\202509\17972079551948789.jpg,media\posts\202509,4
file,17972230088925840.jpg,.jpg,media\posts\202509\17972230088925840.jpg,media\posts\202509,4
file,17976497963869592.jpg,.jpg,media\posts\202509\17976497963869592.jpg,media\posts\202509,4
file,17977739558919346.jpg,.jpg,media\posts\202509\17977739558919346.jpg,media\posts\202509,4
file,17978257694865543.jpg,.jpg,media\posts\202509\17978257694865543.jpg,media\posts\202509,4
file,17979065321902948.jpg,.jpg,media\posts\202509\17979065321902948.jpg,media\posts\202509,4
file,17979578054752265.jpg,.jpg,media\posts\202509\17979578054752265.jpg,media\posts\202509,4
file,17980845344888121.jpg,.jpg,media\posts\202509\17980845344888121.jpg,media\posts\202509,4
file,17981149691894164.jpg,.jpg,media\posts\202509\17981149691894164.jpg,media\posts\202509,4
file,17982792797861737.jpg,.jpg,media\posts\202509\17982792797861737.jpg,media\posts\202509,4
file,17983089800728526.jpg,.jpg,media\posts\202509\17983089800728526.jpg,media\posts\202509,4
file,17983287233904709.jpg,.jpg,media\posts\202509\17983287233904709.jpg,media\posts\202509,4
file,17984521517853392.jpg,.jpg,media\posts\202509\17984521517853392.jpg,media\posts\202509,4
file,17984871566898287.jpg,.jpg,media\posts\202509\17984871566898287.jpg,media\posts\202509,4
file,17984953664894183.jpg,.jpg,media\posts\202509\17984953664894183.jpg,media\posts\202509,4
file,17984968616855121.jpg,.jpg,media\posts\202509\17984968616855121.jpg,media\posts\202509,4
file,17985124565896694.jpg,.jpg,media\posts\202509\17985124565896694.jpg,media\posts\202509,4
file,17986477799714789.jpg,.jpg,media\posts\202509\17986477799714789.jpg,media\posts\202509,4
file,17988677468849435.heic,.heic,media\posts\202509\17988677468849435.heic,media\posts\202509,4
file,17989542047704274.jpg,.jpg,media\posts\202509\17989542047704274.jpg,media\posts\202509,4
file,17992922690833236.jpg,.jpg,media\posts\202509\17992922690833236.jpg,media\posts\202509,4
file,17993644976684109.jpg,.jpg,media\posts\202509\17993644976684109.jpg,media\posts\202509,4
file,17993771573823916.jpg,.jpg,media\posts\202509\17993771573823916.jpg,media\posts\202509,4
file,17995098941833539.jpg,.jpg,media\posts\202509\17995098941833539.jpg,media\posts\202509,4
file,17996617544821450.jpg,.jpg,media\posts\202509\17996617544821450.jpg,media\posts\202509,4
file,17997194495832079.jpg,.jpg,media\posts\202509\17997194495832079.jpg,media\posts\202509,4
file,17998245056815484.jpg,.jpg,media\posts\202509\17998245056815484.jpg,media\posts\202509,4
file,17999598191815200.jpg,.jpg,media\posts\202509\17999598191815200.jpg,media\posts\202509,4
file,18004867121805117.heic,.heic,media\posts\202509\18004867121805117.heic,media\posts\202509,4
file,18005079848641155.jpg,.jpg,media\posts\202509\18005079848641155.jpg,media\posts\202509,4
file,18007938809797181.heic,.heic,media\posts\202509\18007938809797181.heic,media\posts\202509,4
file,18009789644619687.jpg,.jpg,media\posts\202509\18009789644619687.jpg,media\posts\202509,4
file,18011751161790792.jpg,.jpg,media\posts\202509\18011751161790792.jpg,media\posts\202509,4
file,18012700142787805.jpg,.jpg,media\posts\202509\18012700142787805.jpg,media\posts\202509,4
file,18013800029603671.jpg,.jpg,media\posts\202509\18013800029603671.jpg,media\posts\202509,4
file,18015000305658926.jpg,.jpg,media\posts\202509\18015000305658926.jpg,media\posts\202509,4
file,18015653609771730.jpg,.jpg,media\posts\202509\18015653609771730.jpg,media\posts\202509,4
file,18018443492590286.heic,.heic,media\posts\202509\18018443492590286.heic,media\posts\202509,4
file,18019970309581490.jpg,.jpg,media\posts\202509\18019970309581490.jpg,media\posts\202509,4
file,18020013233770488.jpg,.jpg,media\posts\202509\18020013233770488.jpg,media\posts\202509,4
file,18020650712563764.jpg,.jpg,media\posts\202509\18020650712563764.jpg,media\posts\202509,4
file,18022390385739745.jpg,.jpg,media\posts\202509\18022390385739745.jpg,media\posts\202509,4
file,18022843322556105.heic,.heic,media\posts\202509\18022843322556105.heic,media\posts\202509,4
file,18022911773756989.jpg,.jpg,media\posts\202509\18022911773756989.jpg,media\posts\202509,4
file,18024386348553145.jpg,.jpg,media\posts\202509\18024386348553145.jpg,media\posts\202509,4
file,18028411886516081.jpg,.jpg,media\posts\202509\18028411886516081.jpg,media\posts\202509,4
file,18030062417709347.heic,.heic,media\posts\202509\18030062417709347.heic,media\posts\202509,4
file,18038397128679530.jpg,.jpg,media\posts\202509\18038397128679530.jpg,media\posts\202509,4
file,18038405735443724.jpg,.jpg,media\posts\202509\18038405735443724.jpg,media\posts\202509,4
file,18039182234438102.jpg,.jpg,media\posts\202509\18039182234438102.jpg,media\posts\202509,4
file,18039299303470905.jpg,.jpg,media\posts\202509\18039299303470905.jpg,media\posts\202509,4
file,18039644546422815.jpg,.jpg,media\posts\202509\18039644546422815.jpg,media\posts\202509,4
file,18039748580422690.jpg,.jpg,media\posts\202509\18039748580422690.jpg,media\posts\202509,4
file,18040107248446645.jpg,.jpg,media\posts\202509\18040107248446645.jpg,media\posts\202509,4
file,18040974527392381.jpg,.jpg,media\posts\202509\18040974527392381.jpg,media\posts\202509,4
file,18041852084414421.jpg,.jpg,media\posts\202509\18041852084414421.jpg,media\posts\202509,4
file,18042643868654526.jpg,.jpg,media\posts\202509\18042643868654526.jpg,media\posts\202509,4
file,18042879269379544.jpg,.jpg,media\posts\202509\18042879269379544.jpg,media\posts\202509,4
file,18043007204364137.jpg,.jpg,media\posts\202509\18043007204364137.jpg,media\posts\202509,4
file,18043467536364408.jpg,.jpg,media\posts\202509\18043467536364408.jpg,media\posts\202509,4
file,18043557617392628.jpg,.jpg,media\posts\202509\18043557617392628.jpg,media\posts\202509,4
file,18043620479669361.jpg,.jpg,media\posts\202509\18043620479669361.jpg,media\posts\202509,4
file,18043705481348343.jpg,.jpg,media\posts\202509\18043705481348343.jpg,media\posts\202509,4
file,18044036561394877.jpg,.jpg,media\posts\202509\18044036561394877.jpg,media\posts\202509,4
file,18044859809354264.jpg,.jpg,media\posts\202509\18044859809354264.jpg,media\posts\202509,4
file,18047786348315937.jpg,.jpg,media\posts\202509\18047786348315937.jpg,media\posts\202509,4
file,18050681345312151.jpg,.jpg,media\posts\202509\18050681345312151.jpg,media\posts\202509,4
file,18050783156284650.jpg,.jpg,media\posts\202509\18050783156284650.jpg,media\posts\202509,4
file,18051163538264957.jpg,.jpg,media\posts\202509\18051163538264957.jpg,media\posts\202509,4
file,18051886313558930.jpg,.jpg,media\posts\202509\18051886313558930.jpg,media\posts\202509,4
file,18052119926226039.jpg,.jpg,media\posts\202509\18052119926226039.jpg,media\posts\202509,4
file,18052886288256163.jpg,.jpg,media\posts\202509\18052886288256163.jpg,media\posts\202509,4
file,18053004635541514.jpg,.jpg,media\posts\202509\18053004635541514.jpg,media\posts\202509,4
file,18053056232559116.heic,.heic,media\posts\202509\18053056232559116.heic,media\posts\202509,4
file,18053200745551852.jpg,.jpg,media\posts\202509\18053200745551852.jpg,media\posts\202509,4
file,18053254250229676.jpg,.jpg,media\posts\202509\18053254250229676.jpg,media\posts\202509,4
file,18053499560544314.jpg,.jpg,media\posts\202509\18053499560544314.jpg,media\posts\202509,4
file,18053653133543324.jpg,.jpg,media\posts\202509\18053653133543324.jpg,media\posts\202509,4
file,18053799863242347.heic,.heic,media\posts\202509\18053799863242347.heic,media\posts\202509,4
file,18053900237627699.jpg,.jpg,media\posts\202509\18053900237627699.jpg,media\posts\202509,4
file,18053934122439452.jpg,.jpg,media\posts\202509\18053934122439452.jpg,media\posts\202509,4
file,18053965415395845.jpg,.jpg,media\posts\202509\18053965415395845.jpg,media\posts\202509,4
file,18054705968413823.jpg,.jpg,media\posts\202509\18054705968413823.jpg,media\posts\202509,4
file,18054865508226474.jpg,.jpg,media\posts\202509\18054865508226474.jpg,media\posts\202509,4
file,18055017824616952.jpg,.jpg,media\posts\202509\18055017824616952.jpg,media\posts\202509,4
file,18055056788425773.jpg,.jpg,media\posts\202509\18055056788425773.jpg,media\posts\202509,4
file,18055406723433280.jpg,.jpg,media\posts\202509\18055406723433280.jpg,media\posts\202509,4
file,18056803661186790.jpg,.jpg,media\posts\202509\18056803661186790.jpg,media\posts\202509,4
file,18056818802437439.heic,.heic,media\posts\202509\18056818802437439.heic,media\posts\202509,4
file,18056972252164352.jpg,.jpg,media\posts\202509\18056972252164352.jpg,media\posts\202509,4
file,18057815579408248.jpg,.jpg,media\posts\202509\18057815579408248.jpg,media\posts\202509,4
file,18057997802170040.jpg,.jpg,media\posts\202509\18057997802170040.jpg,media\posts\202509,4
file,18058418219614358.jpg,.jpg,media\posts\202509\18058418219614358.jpg,media\posts\202509,4
file,18058422731111332.jpg,.jpg,media\posts\202509\18058422731111332.jpg,media\posts\202509,4
file,18058566155612947.jpg,.jpg,media\posts\202509\18058566155612947.jpg,media\posts\202509,4
file,18058835114114246.jpg,.jpg,media\posts\202509\18058835114114246.jpg,media\posts\202509,4
file,18060523490378373.jpg,.jpg,media\posts\202509\18060523490378373.jpg,media\posts\202509,4
file,18060542330593047.jpg,.jpg,media\posts\202509\18060542330593047.jpg,media\posts\202509,4
file,18060942506373523.jpg,.jpg,media\posts\202509\18060942506373523.jpg,media\posts\202509,4
file,18061213736366694.jpg,.jpg,media\posts\202509\18061213736366694.jpg,media\posts\202509,4
file,18061245452369877.jpg,.jpg,media\posts\202509\18061245452369877.jpg,media\posts\202509,4
file,18061769279522290.jpg,.jpg,media\posts\202509\18061769279522290.jpg,media\posts\202509,4
file,18062059637379142.jpg,.jpg,media\posts\202509\18062059637379142.jpg,media\posts\202509,4
file,18062374187584121.jpg,.jpg,media\posts\202509\18062374187584121.jpg,media\posts\202509,4
file,18063251648079003.heic,.heic,media\posts\202509\18063251648079003.heic,media\posts\202509,4
file,18064678454601973.jpg,.jpg,media\posts\202509\18064678454601973.jpg,media\posts\202509,4
file,18064697960462245.jpg,.jpg,media\posts\202509\18064697960462245.jpg,media\posts\202509,4
file,18065354582200722.jpg,.jpg,media\posts\202509\18065354582200722.jpg,media\posts\202509,4
file,18065404478261297.jpg,.jpg,media\posts\202509\18065404478261297.jpg,media\posts\202509,4
file,18065908571195427.jpg,.jpg,media\posts\202509\18065908571195427.jpg,media\posts\202509,4
file,18066561017584417.jpg,.jpg,media\posts\202509\18066561017584417.jpg,media\posts\202509,4
file,18066980566992415.jpg,.jpg,media\posts\202509\18066980566992415.jpg,media\posts\202509,4
file,18067699325220985.jpg,.jpg,media\posts\202509\18067699325220985.jpg,media\posts\202509,4
file,18068165054255375.jpg,.jpg,media\posts\202509\18068165054255375.jpg,media\posts\202509,4
file,18068168336240049.jpg,.jpg,media\posts\202509\18068168336240049.jpg,media\posts\202509,4
file,18068561918589438.jpg,.jpg,media\posts\202509\18068561918589438.jpg,media\posts\202509,4
file,18068691332328185.jpg,.jpg,media\posts\202509\18068691332328185.jpg,media\posts\202509,4
file,18068715332260506.jpg,.jpg,media\posts\202509\18068715332260506.jpg,media\posts\202509,4
file,18068956391516683.jpg,.jpg,media\posts\202509\18068956391516683.jpg,media\posts\202509,4
file,18068962571238799.jpg,.jpg,media\posts\202509\18068962571238799.jpg,media\posts\202509,4
file,18070380487901828.jpg,.jpg,media\posts\202509\18070380487901828.jpg,media\posts\202509,4
file,18070616995909645.jpg,.jpg,media\posts\202509\18070616995909645.jpg,media\posts\202509,4
file,18071755595140896.jpg,.jpg,media\posts\202509\18071755595140896.jpg,media\posts\202509,4
file,18071764051915364.jpg,.jpg,media\posts\202509\18071764051915364.jpg,media\posts\202509,4
file,18072024389028451.jpg,.jpg,media\posts\202509\18072024389028451.jpg,media\posts\202509,4
file,18072047467929374.heic,.heic,media\posts\202509\18072047467929374.heic,media\posts\202509,4
file,18072151667140413.jpg,.jpg,media\posts\202509\18072151667140413.jpg,media\posts\202509,4
file,18073207597890205.jpg,.jpg,media\posts\202509\18073207597890205.jpg,media\posts\202509,4
file,18073246157117261.jpg,.jpg,media\posts\202509\18073246157117261.jpg,media\posts\202509,4
file,18073468601025256.jpg,.jpg,media\posts\202509\18073468601025256.jpg,media\posts\202509,4
file,18073469615038044.jpg,.jpg,media\posts\202509\18073469615038044.jpg,media\posts\202509,4
file,18073619708320815.heic,.heic,media\posts\202509\18073619708320815.heic,media\posts\202509,4
file,18073826041890907.heic,.heic,media\posts\202509\18073826041890907.heic,media\posts\202509,4
file,18074055499841412.jpg,.jpg,media\posts\202509\18074055499841412.jpg,media\posts\202509,4
file,18074063513124069.jpg,.jpg,media\posts\202509\18074063513124069.jpg,media\posts\202509,4
file,18074384636116411.heic,.heic,media\posts\202509\18074384636116411.heic,media\posts\202509,4
file,18074885573028130.heic,.heic,media\posts\202509\18074885573028130.heic,media\posts\202509,4
file,18074944052009482.jpg,.jpg,media\posts\202509\18074944052009482.jpg,media\posts\202509,4
file,18075029387513174.jpg,.jpg,media\posts\202509\18075029387513174.jpg,media\posts\202509,4
file,18075075131287358.jpg,.jpg,media\posts\202509\18075075131287358.jpg,media\posts\202509,4
file,18075142909844540.jpg,.jpg,media\posts\202509\18075142909844540.jpg,media\posts\202509,4
file,18075356519512873.jpg,.jpg,media\posts\202509\18075356519512873.jpg,media\posts\202509,4
file,18075530402060559.jpg,.jpg,media\posts\202509\18075530402060559.jpg,media\posts\202509,4
file,18075824804044262.jpg,.jpg,media\posts\202509\18075824804044262.jpg,media\posts\202509,4
file,18075832232085386.jpg,.jpg,media\posts\202509\18075832232085386.jpg,media\posts\202509,4
file,18075850367097041.jpg,.jpg,media\posts\202509\18075850367097041.jpg,media\posts\202509,4
file,18075891665100517.heic,.heic,media\posts\202509\18075891665100517.heic,media\posts\202509,4
file,18076343567135762.jpg,.jpg,media\posts\202509\18076343567135762.jpg,media\posts\202509,4
file,18076448339117349.heic,.heic,media\posts\202509\18076448339117349.heic,media\posts\202509,4
file,18076499914829576.jpg,.jpg,media\posts\202509\18076499914829576.jpg,media\posts\202509,4
file,18076506656045371.jpg,.jpg,media\posts\202509\18076506656045371.jpg,media\posts\202509,4
file,18076532579319720.jpg,.jpg,media\posts\202509\18076532579319720.jpg,media\posts\202509,4
file,18076734392085286.jpg,.jpg,media\posts\202509\18076734392085286.jpg,media\posts\202509,4
file,18077038346094118.jpg,.jpg,media\posts\202509\18077038346094118.jpg,media\posts\202509,4
file,18077533192957828.jpg,.jpg,media\posts\202509\18077533192957828.jpg,media\posts\202509,4
file,18077846744287384.jpg,.jpg,media\posts\202509\18077846744287384.jpg,media\posts\202509,4
file,18078006769818971.jpg,.jpg,media\posts\202509\18078006769818971.jpg,media\posts\202509,4
file,18078418991486550.jpg,.jpg,media\posts\202509\18078418991486550.jpg,media\posts\202509,4
file,18078464198485712.jpg,.jpg,media\posts\202509\18078464198485712.jpg,media\posts\202509,4
file,18078489515095841.heic,.heic,media\posts\202509\18078489515095841.heic,media\posts\202509,4
file,18078552367998335.jpg,.jpg,media\posts\202509\18078552367998335.jpg,media\posts\202509,4
file,18078635477315510.jpg,.jpg,media\posts\202509\18078635477315510.jpg,media\posts\202509,4
file,18078653482787726.jpg,.jpg,media\posts\202509\18078653482787726.jpg,media\posts\202509,4
file,18078795301960184.jpg,.jpg,media\posts\202509\18078795301960184.jpg,media\posts\202509,4
file,18079052039293905.jpg,.jpg,media\posts\202509\18079052039293905.jpg,media\posts\202509,4
file,18079199672298978.jpg,.jpg,media\posts\202509\18079199672298978.jpg,media\posts\202509,4
file,18079213091314343.jpg,.jpg,media\posts\202509\18079213091314343.jpg,media\posts\202509,4
file,18079378601066892.jpg,.jpg,media\posts\202509\18079378601066892.jpg,media\posts\202509,4
file,18079537999961427.jpg,.jpg,media\posts\202509\18079537999961427.jpg,media\posts\202509,4
file,18079636741960147.jpg,.jpg,media\posts\202509\18079636741960147.jpg,media\posts\202509,4
file,18079690600817428.jpg,.jpg,media\posts\202509\18079690600817428.jpg,media\posts\202509,4
file,18079902688763042.jpg,.jpg,media\posts\202509\18079902688763042.jpg,media\posts\202509,4
file,18080721089482609.jpg,.jpg,media\posts\202509\18080721089482609.jpg,media\posts\202509,4
file,18080804008790924.jpg,.jpg,media\posts\202509\18080804008790924.jpg,media\posts\202509,4
file,18080896244506585.jpg,.jpg,media\posts\202509\18080896244506585.jpg,media\posts\202509,4
file,18080985988777243.jpg,.jpg,media\posts\202509\18080985988777243.jpg,media\posts\202509,4
file,18080987540492746.heic,.heic,media\posts\202509\18080987540492746.heic,media\posts\202509,4
file,18081215909497913.jpg,.jpg,media\posts\202509\18081215909497913.jpg,media\posts\202509,4
file,18081600895777710.heic,.heic,media\posts\202509\18081600895777710.heic,media\posts\202509,4
file,18081609016979828.heic,.heic,media\posts\202509\18081609016979828.heic,media\posts\202509,4
file,18081835381918215.jpg,.jpg,media\posts\202509\18081835381918215.jpg,media\posts\202509,4
file,18081914326982264.jpg,.jpg,media\posts\202509\18081914326982264.jpg,media\posts\202509,4
file,18082354483766505.jpg,.jpg,media\posts\202509\18082354483766505.jpg,media\posts\202509,4
file,18082482994917188.jpg,.jpg,media\posts\202509\18082482994917188.jpg,media\posts\202509,4
file,18082578319921219.jpg,.jpg,media\posts\202509\18082578319921219.jpg,media\posts\202509,4
file,18083056685506376.jpg,.jpg,media\posts\202509\18083056685506376.jpg,media\posts\202509,4
file,18084302278919492.jpg,.jpg,media\posts\202509\18084302278919492.jpg,media\posts\202509,4
file,18084500584912599.jpg,.jpg,media\posts\202509\18084500584912599.jpg,media\posts\202509,4
file,18085090399724729.jpg,.jpg,media\posts\202509\18085090399724729.jpg,media\posts\202509,4
file,18085269628879551.jpg,.jpg,media\posts\202509\18085269628879551.jpg,media\posts\202509,4
file,18085270408905603.jpg,.jpg,media\posts\202509\18085270408905603.jpg,media\posts\202509,4
file,18085551148733650.jpg,.jpg,media\posts\202509\18085551148733650.jpg,media\posts\202509,4
file,18085998604894337.jpg,.jpg,media\posts\202509\18085998604894337.jpg,media\posts\202509,4
file,18086818696856951.jpg,.jpg,media\posts\202509\18086818696856951.jpg,media\posts\202509,4
file,18087395776672258.jpg,.jpg,media\posts\202509\18087395776672258.jpg,media\posts\202509,4
file,18087933247799973.jpg,.jpg,media\posts\202509\18087933247799973.jpg,media\posts\202509,4
file,18088531300876557.jpg,.jpg,media\posts\202509\18088531300876557.jpg,media\posts\202509,4
file,18088961056845953.jpg,.jpg,media\posts\202509\18088961056845953.jpg,media\posts\202509,4
file,18089396434844266.jpg,.jpg,media\posts\202509\18089396434844266.jpg,media\posts\202509,4
file,18089669284839116.jpg,.jpg,media\posts\202509\18089669284839116.jpg,media\posts\202509,4
file,18090152380834415.jpg,.jpg,media\posts\202509\18090152380834415.jpg,media\posts\202509,4
file,18090852133688635.jpg,.jpg,media\posts\202509\18090852133688635.jpg,media\posts\202509,4
file,18090946765776925.jpg,.jpg,media\posts\202509\18090946765776925.jpg,media\posts\202509,4
file,18091841911691006.jpg,.jpg,media\posts\202509\18091841911691006.jpg,media\posts\202509,4
file,18092009542696977.jpg,.jpg,media\posts\202509\18092009542696977.jpg,media\posts\202509,4
file,18092106832742372.jpg,.jpg,media\posts\202509\18092106832742372.jpg,media\posts\202509,4
file,18093623506726171.jpg,.jpg,media\posts\202509\18093623506726171.jpg,media\posts\202509,4
file,18094555195781650.jpg,.jpg,media\posts\202509\18094555195781650.jpg,media\posts\202509,4
file,18095417215663765.jpg,.jpg,media\posts\202509\18095417215663765.jpg,media\posts\202509,4
file,18095891788732969.jpg,.jpg,media\posts\202509\18095891788732969.jpg,media\posts\202509,4
file,18095952259661361.jpg,.jpg,media\posts\202509\18095952259661361.jpg,media\posts\202509,4
file,18096331291709408.jpg,.jpg,media\posts\202509\18096331291709408.jpg,media\posts\202509,4
file,18097831669626595.jpg,.jpg,media\posts\202509\18097831669626595.jpg,media\posts\202509,4
file,18098147560653771.jpg,.jpg,media\posts\202509\18098147560653771.jpg,media\posts\202509,4
file,18098572633727647.jpg,.jpg,media\posts\202509\18098572633727647.jpg,media\posts\202509,4
file,18098794930721666.jpg,.jpg,media\posts\202509\18098794930721666.jpg,media\posts\202509,4
file,18099568060625300.jpg,.jpg,media\posts\202509\18099568060625300.jpg,media\posts\202509,4
file,18099715051653546.jpg,.jpg,media\posts\202509\18099715051653546.jpg,media\posts\202509,4
file,18100056490620983.jpg,.jpg,media\posts\202509\18100056490620983.jpg,media\posts\202509,4
file,18101605240537428.jpg,.jpg,media\posts\202509\18101605240537428.jpg,media\posts\202509,4
file,18102273382620971.jpg,.jpg,media\posts\202509\18102273382620971.jpg,media\posts\202509,4
file,18102575404613818.jpg,.jpg,media\posts\202509\18102575404613818.jpg,media\posts\202509,4
file,18103388419603608.jpg,.jpg,media\posts\202509\18103388419603608.jpg,media\posts\202509,4
file,18104250226609164.heic,.heic,media\posts\202509\18104250226609164.heic,media\posts\202509,4
file,18104272990593505.jpg,.jpg,media\posts\202509\18104272990593505.jpg,media\posts\202509,4
file,18104508427598981.jpg,.jpg,media\posts\202509\18104508427598981.jpg,media\posts\202509,4
file,18105416872571728.jpg,.jpg,media\posts\202509\18105416872571728.jpg,media\posts\202509,4
file,18105835339587098.heic,.heic,media\posts\202509\18105835339587098.heic,media\posts\202509,4
file,18106868761506528.jpg,.jpg,media\posts\202509\18106868761506528.jpg,media\posts\202509,4
file,18109219402538819.jpg,.jpg,media\posts\202509\18109219402538819.jpg,media\posts\202509,4
file,18109740604492845.jpg,.jpg,media\posts\202509\18109740604492845.jpg,media\posts\202509,4
file,18110212312555799.jpg,.jpg,media\posts\202509\18110212312555799.jpg,media\posts\202509,4
file,18110468269476914.jpg,.jpg,media\posts\202509\18110468269476914.jpg,media\posts\202509,4
file,18111136411532189.jpg,.jpg,media\posts\202509\18111136411532189.jpg,media\posts\202509,4
file,18111760495527677.heic,.heic,media\posts\202509\18111760495527677.heic,media\posts\202509,4
file,18112973026521865.jpg,.jpg,media\posts\202509\18112973026521865.jpg,media\posts\202509,4
file,18117191173512903.jpg,.jpg,media\posts\202509\18117191173512903.jpg,media\posts\202509,4
file,18117881326504571.jpg,.jpg,media\posts\202509\18117881326504571.jpg,media\posts\202509,4
file,18119307394502479.heic,.heic,media\posts\202509\18119307394502479.heic,media\posts\202509,4
file,18120449785493551.jpg,.jpg,media\posts\202509\18120449785493551.jpg,media\posts\202509,4
file,18126192517465704.jpg,.jpg,media\posts\202509\18126192517465704.jpg,media\posts\202509,4
file,18131599744455234.jpg,.jpg,media\posts\202509\18131599744455234.jpg,media\posts\202509,4
file,18135694876436248.jpg,.jpg,media\posts\202509\18135694876436248.jpg,media\posts\202509,4
file,18136333546432092.jpg,.jpg,media\posts\202509\18136333546432092.jpg,media\posts\202509,4
file,18137876404444294.jpg,.jpg,media\posts\202509\18137876404444294.jpg,media\posts\202509,4
file,18138043393435335.jpg,.jpg,media\posts\202509\18138043393435335.jpg,media\posts\202509,4
file,18138617764442561.jpg,.jpg,media\posts\202509\18138617764442561.jpg,media\posts\202509,4
file,18143476192410726.jpg,.jpg,media\posts\202509\18143476192410726.jpg,media\posts\202509,4
file,18149372908395231.heic,.heic,media\posts\202509\18149372908395231.heic,media\posts\202509,4
file,18149968528397728.jpg,.jpg,media\posts\202509\18149968528397728.jpg,media\posts\202509,4
file,18152155429395096.jpg,.jpg,media\posts\202509\18152155429395096.jpg,media\posts\202509,4
file,18154029868390422.jpg,.jpg,media\posts\202509\18154029868390422.jpg,media\posts\202509,4
file,18157103773383377.jpg,.jpg,media\posts\202509\18157103773383377.jpg,media\posts\202509,4
file,18166918186369661.heic,.heic,media\posts\202509\18166918186369661.heic,media\posts\202509,4
file,18169017427362454.jpg,.jpg,media\posts\202509\18169017427362454.jpg,media\posts\202509,4
file,18174136579359296.heic,.heic,media\posts\202509\18174136579359296.heic,media\posts\202509,4
file,18181619044335543.jpg,.jpg,media\posts\202509\18181619044335543.jpg,media\posts\202509,4
file,18182470636336724.jpg,.jpg,media\posts\202509\18182470636336724.jpg,media\posts\202509,4
file,18189195703321810.jpg,.jpg,media\posts\202509\18189195703321810.jpg,media\posts\202509,4
file,18189507013325306.heic,.heic,media\posts\202509\18189507013325306.heic,media\posts\202509,4
file,18202553620309581.jpg,.jpg,media\posts\202509\18202553620309581.jpg,media\posts\202509,4
file,18285020740279063.jpg,.jpg,media\posts\202509\18285020740279063.jpg,media\posts\202509,4
file,18289141993250556.jpg,.jpg,media\posts\202509\18289141993250556.jpg,media\posts\202509,4
file,18295357267249747.jpg,.jpg,media\posts\202509\18295357267249747.jpg,media\posts\202509,4
file,18305476396216806.jpg,.jpg,media\posts\202509\18305476396216806.jpg,media\posts\202509,4
file,18306536194217305.jpg,.jpg,media\posts\202509\18306536194217305.jpg,media\posts\202509,4
file,18309112699169824.jpg,.jpg,media\posts\202509\18309112699169824.jpg,media\posts\202509,4
file,18343340512163944.jpg,.jpg,media\posts\202509\18343340512163944.jpg,media\posts\202509,4
file,18366484033151397.jpg,.jpg,media\posts\202509\18366484033151397.jpg,media\posts\202509,4
file,18366651208155362.jpg,.jpg,media\posts\202509\18366651208155362.jpg,media\posts\202509,4
file,18368924749144011.heic,.heic,media\posts\202509\18368924749144011.heic,media\posts\202509,4
file,18369646339149244.jpg,.jpg,media\posts\202509\18369646339149244.jpg,media\posts\202509,4
file,18373911022195193.jpg,.jpg,media\posts\202509\18373911022195193.jpg,media\posts\202509,4
file,18377313349197412.jpg,.jpg,media\posts\202509\18377313349197412.jpg,media\posts\202509,4
file,18385469701125798.jpg,.jpg,media\posts\202509\18385469701125798.jpg,media\posts\202509,4
file,18401564770139957.heic,.heic,media\posts\202509\18401564770139957.heic,media\posts\202509,4
file,18420466255107918.jpg,.jpg,media\posts\202509\18420466255107918.jpg,media\posts\202509,4
file,18499033225071644.heic,.heic,media\posts\202509\18499033225071644.heic,media\posts\202509,4
file,18503117092066784.jpg,.jpg,media\posts\202509\18503117092066784.jpg,media\posts\202509,4
file,18525899854023190.jpg,.jpg,media\posts\202509\18525899854023190.jpg,media\posts\202509,4
file,18526751632028011.jpg,.jpg,media\posts\202509\18526751632028011.jpg,media\posts\202509,4
file,18529201384036018.jpg,.jpg,media\posts\202509\18529201384036018.jpg,media\posts\202509,4
file,18529245862021648.jpg,.jpg,media\posts\202509\18529245862021648.jpg,media\posts\202509,4
file,18530018101065016.jpg,.jpg,media\posts\202509\18530018101065016.jpg,media\posts\202509,4
directory,202510,,media\posts\202510,media\posts,3
file,17844830076583181.jpg,.jpg,media\posts\202510\17844830076583181.jpg,media\posts\202510,4
file,17847578781575378.jpg,.jpg,media\posts\202510\17847578781575378.jpg,media\posts\202510,4
file,17847581169548063.heic,.heic,media\posts\202510\17847581169548063.heic,media\posts\202510,4
file,17850788028577951.jpg,.jpg,media\posts\202510\17850788028577951.jpg,media\posts\202510,4
file,17851785579563318.jpg,.jpg,media\posts\202510\17851785579563318.jpg,media\posts\202510,4
file,17852672670555720.jpg,.jpg,media\posts\202510\17852672670555720.jpg,media\posts\202510,4
file,17855011083557628.jpg,.jpg,media\posts\202510\17855011083557628.jpg,media\posts\202510,4
file,17857329963544705.heic,.heic,media\posts\202510\17857329963544705.heic,media\posts\202510,4
file,17859070629516605.jpg,.jpg,media\posts\202510\17859070629516605.jpg,media\posts\202510,4
file,17859248055521763.jpg,.jpg,media\posts\202510\17859248055521763.jpg,media\posts\202510,4
file,17861314296506811.jpg,.jpg,media\posts\202510\17861314296506811.jpg,media\posts\202510,4
file,17861721702446153.jpg,.jpg,media\posts\202510\17861721702446153.jpg,media\posts\202510,4
file,17862896148506417.jpg,.jpg,media\posts\202510\17862896148506417.jpg,media\posts\202510,4
file,17863269858438512.jpg,.jpg,media\posts\202510\17863269858438512.jpg,media\posts\202510,4
file,17863517727483431.jpg,.jpg,media\posts\202510\17863517727483431.jpg,media\posts\202510,4
file,17863544748413485.jpg,.jpg,media\posts\202510\17863544748413485.jpg,media\posts\202510,4
file,17864558670494887.jpg,.jpg,media\posts\202510\17864558670494887.jpg,media\posts\202510,4
file,17864942292496394.jpg,.jpg,media\posts\202510\17864942292496394.jpg,media\posts\202510,4
file,17865325236477599.heic,.heic,media\posts\202510\17865325236477599.heic,media\posts\202510,4
file,17865904449418333.jpg,.jpg,media\posts\202510\17865904449418333.jpg,media\posts\202510,4
file,17867984097456498.jpg,.jpg,media\posts\202510\17867984097456498.jpg,media\posts\202510,4
file,17868056451456551.jpg,.jpg,media\posts\202510\17868056451456551.jpg,media\posts\202510,4
file,17868383943387006.jpg,.jpg,media\posts\202510\17868383943387006.jpg,media\posts\202510,4
file,17873585184436589.jpg,.jpg,media\posts\202510\17873585184436589.jpg,media\posts\202510,4
file,17875992987328674.jpg,.jpg,media\posts\202510\17875992987328674.jpg,media\posts\202510,4
file,17877243504332712.jpg,.jpg,media\posts\202510\17877243504332712.jpg,media\posts\202510,4
file,17878910001303869.jpg,.jpg,media\posts\202510\17878910001303869.jpg,media\posts\202510,4
file,17879914500415201.jpg,.jpg,media\posts\202510\17879914500415201.jpg,media\posts\202510,4
file,17880422238410738.jpg,.jpg,media\posts\202510\17880422238410738.jpg,media\posts\202510,4
file,17884433778263972.jpg,.jpg,media\posts\202510\17884433778263972.jpg,media\posts\202510,4
file,17888419266244722.jpg,.jpg,media\posts\202510\17888419266244722.jpg,media\posts\202510,4
file,17893334265345313.jpg,.jpg,media\posts\202510\17893334265345313.jpg,media\posts\202510,4
file,17895211353337729.jpg,.jpg,media\posts\202510\17895211353337729.jpg,media\posts\202510,4
file,17895951531322558.jpg,.jpg,media\posts\202510\17895951531322558.jpg,media\posts\202510,4
file,17897456937300571.jpg,.jpg,media\posts\202510\17897456937300571.jpg,media\posts\202510,4
file,17897987079180933.jpg,.jpg,media\posts\202510\17897987079180933.jpg,media\posts\202510,4
file,17899461414323943.jpg,.jpg,media\posts\202510\17899461414323943.jpg,media\posts\202510,4
file,17903184807146922.jpg,.jpg,media\posts\202510\17903184807146922.jpg,media\posts\202510,4
file,17905266585122346.jpg,.jpg,media\posts\202510\17905266585122346.jpg,media\posts\202510,4
file,17909046558249410.jpg,.jpg,media\posts\202510\17909046558249410.jpg,media\posts\202510,4
file,17910314199250040.jpg,.jpg,media\posts\202510\17910314199250040.jpg,media\posts\202510,4
file,17912434953226746.jpg,.jpg,media\posts\202510\17912434953226746.jpg,media\posts\202510,4
file,17913738570210042.jpg,.jpg,media\posts\202510\17913738570210042.jpg,media\posts\202510,4
file,17915262444211512.jpg,.jpg,media\posts\202510\17915262444211512.jpg,media\posts\202510,4
file,17915613321198652.jpg,.jpg,media\posts\202510\17915613321198652.jpg,media\posts\202510,4
file,17916531717194106.jpg,.jpg,media\posts\202510\17916531717194106.jpg,media\posts\202510,4
file,17916899958196630.heic,.heic,media\posts\202510\17916899958196630.heic,media\posts\202510,4
file,17918844957192700.jpg,.jpg,media\posts\202510\17918844957192700.jpg,media\posts\202510,4
file,17923113240167734.jpg,.jpg,media\posts\202510\17923113240167734.jpg,media\posts\202510,4
file,17923301976154869.jpg,.jpg,media\posts\202510\17923301976154869.jpg,media\posts\202510,4
file,17926450989014746.jpg,.jpg,media\posts\202510\17926450989014746.jpg,media\posts\202510,4
file,17934334715980816.jpg,.jpg,media\posts\202510\17934334715980816.jpg,media\posts\202510,4
file,17934557103102403.heic,.heic,media\posts\202510\17934557103102403.heic,media\posts\202510,4
file,17935718225965186.jpg,.jpg,media\posts\202510\17935718225965186.jpg,media\posts\202510,4
file,17937961365095280.jpg,.jpg,media\posts\202510\17937961365095280.jpg,media\posts\202510,4
file,17940548811079735.jpg,.jpg,media\posts\202510\17940548811079735.jpg,media\posts\202510,4
file,17940781314074455.jpg,.jpg,media\posts\202510\17940781314074455.jpg,media\posts\202510,4
file,17941803438080483.jpg,.jpg,media\posts\202510\17941803438080483.jpg,media\posts\202510,4
file,17942425200074621.jpg,.jpg,media\posts\202510\17942425200074621.jpg,media\posts\202510,4
file,17945189870917915.jpg,.jpg,media\posts\202510\17945189870917915.jpg,media\posts\202510,4
file,17945468969936068.jpg,.jpg,media\posts\202510\17945468969936068.jpg,media\posts\202510,4
file,17948058720061385.jpg,.jpg,media\posts\202510\17948058720061385.jpg,media\posts\202510,4
file,17948077998046106.heic,.heic,media\posts\202510\17948077998046106.heic,media\posts\202510,4
file,17948083086044222.jpg,.jpg,media\posts\202510\17948083086044222.jpg,media\posts\202510,4
file,17948553294028217.jpg,.jpg,media\posts\202510\17948553294028217.jpg,media\posts\202510,4
file,17949451833037485.jpg,.jpg,media\posts\202510\17949451833037485.jpg,media\posts\202510,4
file,17949754344021155.jpg,.jpg,media\posts\202510\17949754344021155.jpg,media\posts\202510,4
file,17951091690020294.jpg,.jpg,media\posts\202510\17951091690020294.jpg,media\posts\202510,4
file,17955826590009699.jpg,.jpg,media\posts\202510\17955826590009699.jpg,media\posts\202510,4
file,17955911493001830.jpg,.jpg,media\posts\202510\17955911493001830.jpg,media\posts\202510,4
file,17957919770862308.jpg,.jpg,media\posts\202510\17957919770862308.jpg,media\posts\202510,4
file,17961760064995806.jpg,.jpg,media\posts\202510\17961760064995806.jpg,media\posts\202510,4
file,17963502101973602.jpg,.jpg,media\posts\202510\17963502101973602.jpg,media\posts\202510,4
file,17963512820840404.jpg,.jpg,media\posts\202510\17963512820840404.jpg,media\posts\202510,4
file,17966362034822573.jpg,.jpg,media\posts\202510\17966362034822573.jpg,media\posts\202510,4
file,17967052382978077.jpg,.jpg,media\posts\202510\17967052382978077.jpg,media\posts\202510,4
file,17967509720811908.jpg,.jpg,media\posts\202510\17967509720811908.jpg,media\posts\202510,4
file,17967779774798191.heic,.heic,media\posts\202510\17967779774798191.heic,media\posts\202510,4
file,17968155209960696.jpg,.jpg,media\posts\202510\17968155209960696.jpg,media\posts\202510,4
file,17972315507955642.jpg,.jpg,media\posts\202510\17972315507955642.jpg,media\posts\202510,4
file,17974100612928756.jpg,.jpg,media\posts\202510\17974100612928756.jpg,media\posts\202510,4
file,17974127753941004.jpg,.jpg,media\posts\202510\17974127753941004.jpg,media\posts\202510,4
file,17975216588938089.jpg,.jpg,media\posts\202510\17975216588938089.jpg,media\posts\202510,4
file,17975711849928296.heic,.heic,media\posts\202510\17975711849928296.heic,media\posts\202510,4
file,17975932172928688.jpg,.jpg,media\posts\202510\17975932172928688.jpg,media\posts\202510,4
file,17977029809939809.jpg,.jpg,media\posts\202510\17977029809939809.jpg,media\posts\202510,4
file,17977076438779428.jpg,.jpg,media\posts\202510\17977076438779428.jpg,media\posts\202510,4
file,17978615285921704.jpg,.jpg,media\posts\202510\17978615285921704.jpg,media\posts\202510,4
file,17982416375913170.jpg,.jpg,media\posts\202510\17982416375913170.jpg,media\posts\202510,4
file,17983422944749102.jpg,.jpg,media\posts\202510\17983422944749102.jpg,media\posts\202510,4
file,17983915226866611.jpg,.jpg,media\posts\202510\17983915226866611.jpg,media\posts\202510,4
file,17984259887876837.jpg,.jpg,media\posts\202510\17984259887876837.jpg,media\posts\202510,4
file,17985404843747337.jpg,.jpg,media\posts\202510\17985404843747337.jpg,media\posts\202510,4
file,17986230953909588.heic,.heic,media\posts\202510\17986230953909588.heic,media\posts\202510,4
file,17986981385899981.jpg,.jpg,media\posts\202510\17986981385899981.jpg,media\posts\202510,4
file,17987075792905597.jpg,.jpg,media\posts\202510\17987075792905597.jpg,media\posts\202510,4
file,17987550272903715.heic,.heic,media\posts\202510\17987550272903715.heic,media\posts\202510,4
file,17988325331895875.jpg,.jpg,media\posts\202510\17988325331895875.jpg,media\posts\202510,4
file,17990663537718454.jpg,.jpg,media\posts\202510\17990663537718454.jpg,media\posts\202510,4
file,17994386021833162.jpg,.jpg,media\posts\202510\17994386021833162.jpg,media\posts\202510,4
file,17994705695700358.jpg,.jpg,media\posts\202510\17994705695700358.jpg,media\posts\202510,4
file,17996499539839326.heic,.heic,media\posts\202510\17996499539839326.heic,media\posts\202510,4
file,17997080831681059.jpg,.jpg,media\posts\202510\17997080831681059.jpg,media\posts\202510,4
file,18000067421832476.jpg,.jpg,media\posts\202510\18000067421832476.jpg,media\posts\202510,4
file,18003348344813788.jpg,.jpg,media\posts\202510\18003348344813788.jpg,media\posts\202510,4
file,18003720314652559.jpg,.jpg,media\posts\202510\18003720314652559.jpg,media\posts\202510,4
file,18007592492646822.jpg,.jpg,media\posts\202510\18007592492646822.jpg,media\posts\202510,4
file,18011086511801764.heic,.heic,media\posts\202510\18011086511801764.heic,media\posts\202510,4
file,18012119729798870.jpg,.jpg,media\posts\202510\18012119729798870.jpg,media\posts\202510,4
file,18014723603795610.jpg,.jpg,media\posts\202510\18014723603795610.jpg,media\posts\202510,4
file,18020609672780499.jpg,.jpg,media\posts\202510\18020609672780499.jpg,media\posts\202510,4
file,18021052073589864.jpg,.jpg,media\posts\202510\18021052073589864.jpg,media\posts\202510,4
file,18023412812767599.heic,.heic,media\posts\202510\18023412812767599.heic,media\posts\202510,4
file,18023459420566082.jpg,.jpg,media\posts\202510\18023459420566082.jpg,media\posts\202510,4
file,18024994952567927.jpg,.jpg,media\posts\202510\18024994952567927.jpg,media\posts\202510,4
file,18025124642571595.jpg,.jpg,media\posts\202510\18025124642571595.jpg,media\posts\202510,4
file,18026658809758248.jpg,.jpg,media\posts\202510\18026658809758248.jpg,media\posts\202510,4
file,18030970925521057.jpg,.jpg,media\posts\202510\18030970925521057.jpg,media\posts\202510,4
file,18031607888742415.jpg,.jpg,media\posts\202510\18031607888742415.jpg,media\posts\202510,4
file,18034172687706243.heic,.heic,media\posts\202510\18034172687706243.heic,media\posts\202510,4
file,18034664819722590.jpg,.jpg,media\posts\202510\18034664819722590.jpg,media\posts\202510,4
file,18037710239491179.jpg,.jpg,media\posts\202510\18037710239491179.jpg,media\posts\202510,4
file,18038239421492475.heic,.heic,media\posts\202510\18038239421492475.heic,media\posts\202510,4
file,18038445719485578.jpg,.jpg,media\posts\202510\18038445719485578.jpg,media\posts\202510,4
file,18041224772700711.jpg,.jpg,media\posts\202510\18041224772700711.jpg,media\posts\202510,4
file,18042556553444712.jpg,.jpg,media\posts\202510\18042556553444712.jpg,media\posts\202510,4
file,18042629651416396.jpg,.jpg,media\posts\202510\18042629651416396.jpg,media\posts\202510,4
file,18045375836401208.jpg,.jpg,media\posts\202510\18045375836401208.jpg,media\posts\202510,4
file,18045476936419084.jpg,.jpg,media\posts\202510\18045476936419084.jpg,media\posts\202510,4
file,18046102661397031.jpg,.jpg,media\posts\202510\18046102661397031.jpg,media\posts\202510,4
file,18046135847356488.heic,.heic,media\posts\202510\18046135847356488.heic,media\posts\202510,4
file,18046211096345197.jpg,.jpg,media\posts\202510\18046211096345197.jpg,media\posts\202510,4
file,18046286270418872.jpg,.jpg,media\posts\202510\18046286270418872.jpg,media\posts\202510,4
file,18047076812388748.jpg,.jpg,media\posts\202510\18047076812388748.jpg,media\posts\202510,4
file,18047907428649872.jpg,.jpg,media\posts\202510\18047907428649872.jpg,media\posts\202510,4
file,18048756653374758.jpg,.jpg,media\posts\202510\18048756653374758.jpg,media\posts\202510,4
file,18049084541371496.jpg,.jpg,media\posts\202510\18049084541371496.jpg,media\posts\202510,4
file,18051265076309733.jpg,.jpg,media\posts\202510\18051265076309733.jpg,media\posts\202510,4
file,18053117933320120.jpg,.jpg,media\posts\202510\18053117933320120.jpg,media\posts\202510,4
file,18054016415277163.jpg,.jpg,media\posts\202510\18054016415277163.jpg,media\posts\202510,4
file,18054258344290143.jpg,.jpg,media\posts\202510\18054258344290143.jpg,media\posts\202510,4
file,18054660965271766.jpg,.jpg,media\posts\202510\18054660965271766.jpg,media\posts\202510,4
file,18056162912276594.jpg,.jpg,media\posts\202510\18056162912276594.jpg,media\posts\202510,4
file,18056563196254936.jpg,.jpg,media\posts\202510\18056563196254936.jpg,media\posts\202510,4
file,18057834155550560.jpg,.jpg,media\posts\202510\18057834155550560.jpg,media\posts\202510,4
file,18057942695234703.jpg,.jpg,media\posts\202510\18057942695234703.jpg,media\posts\202510,4
file,18058113866536026.jpg,.jpg,media\posts\202510\18058113866536026.jpg,media\posts\202510,4
file,18059318573428746.jpg,.jpg,media\posts\202510\18059318573428746.jpg,media\posts\202510,4
file,18060054155545589.heic,.heic,media\posts\202510\18060054155545589.heic,media\posts\202510,4
file,18060280121452064.jpg,.jpg,media\posts\202510\18060280121452064.jpg,media\posts\202510,4
file,18060785297172334.heic,.heic,media\posts\202510\18060785297172334.heic,media\posts\202510,4
file,18061490378379331.jpg,.jpg,media\posts\202510\18061490378379331.jpg,media\posts\202510,4
file,18061953599145048.jpg,.jpg,media\posts\202510\18061953599145048.jpg,media\posts\202510,4
file,18063041756420647.jpg,.jpg,media\posts\202510\18063041756420647.jpg,media\posts\202510,4
file,18063147695420628.heic,.heic,media\posts\202510\18063147695420628.heic,media\posts\202510,4
file,18063221705112380.jpg,.jpg,media\posts\202510\18063221705112380.jpg,media\posts\202510,4
file,18063350081454951.jpg,.jpg,media\posts\202510\18063350081454951.jpg,media\posts\202510,4
file,18063494900617783.jpg,.jpg,media\posts\202510\18063494900617783.jpg,media\posts\202510,4
file,18063934016579415.jpg,.jpg,media\posts\202510\18063934016579415.jpg,media\posts\202510,4
file,18065031539368274.jpg,.jpg,media\posts\202510\18065031539368274.jpg,media\posts\202510,4
file,18066005657580288.jpg,.jpg,media\posts\202510\18066005657580288.jpg,media\posts\202510,4
file,18066408710523441.jpg,.jpg,media\posts\202510\18066408710523441.jpg,media\posts\202510,4
file,18066770699082068.jpg,.jpg,media\posts\202510\18066770699082068.jpg,media\posts\202510,4
file,18067812539599844.jpg,.jpg,media\posts\202510\18067812539599844.jpg,media\posts\202510,4
file,18067977089209355.jpg,.jpg,media\posts\202510\18067977089209355.jpg,media\posts\202510,4
file,18068489381586914.jpg,.jpg,media\posts\202510\18068489381586914.jpg,media\posts\202510,4
file,18068615048355799.jpg,.jpg,media\posts\202510\18068615048355799.jpg,media\posts\202510,4
file,18069399278220353.heic,.heic,media\posts\202510\18069399278220353.heic,media\posts\202510,4
file,18069750245203393.jpg,.jpg,media\posts\202510\18069750245203393.jpg,media\posts\202510,4
file,18070375097206044.jpg,.jpg,media\posts\202510\18070375097206044.jpg,media\posts\202510,4
file,18070453388237179.jpg,.jpg,media\posts\202510\18070453388237179.jpg,media\posts\202510,4
file,18071298548261912.jpg,.jpg,media\posts\202510\18071298548261912.jpg,media\posts\202510,4
file,18072193735961064.jpg,.jpg,media\posts\202510\18072193735961064.jpg,media\posts\202510,4
file,18072547301210209.jpg,.jpg,media\posts\202510\18072547301210209.jpg,media\posts\202510,4
file,18072937564965637.jpg,.jpg,media\posts\202510\18072937564965637.jpg,media\posts\202510,4
file,18074278913267372.jpg,.jpg,media\posts\202510\18074278913267372.jpg,media\posts\202510,4
file,18074300978243394.heic,.heic,media\posts\202510\18074300978243394.heic,media\posts\202510,4
file,18074434721162912.jpg,.jpg,media\posts\202510\18074434721162912.jpg,media\posts\202510,4
file,18075575584942209.heic,.heic,media\posts\202510\18075575584942209.heic,media\posts\202510,4
file,18076169917887354.jpg,.jpg,media\posts\202510\18076169917887354.jpg,media\posts\202510,4
file,18076225187120967.jpg,.jpg,media\posts\202510\18076225187120967.jpg,media\posts\202510,4
file,18076425953330711.jpg,.jpg,media\posts\202510\18076425953330711.jpg,media\posts\202510,4
file,18076497712919710.heic,.heic,media\posts\202510\18076497712919710.heic,media\posts\202510,4
file,18076565234131717.jpg,.jpg,media\posts\202510\18076565234131717.jpg,media\posts\202510,4
file,18076762361119868.jpg,.jpg,media\posts\202510\18076762361119868.jpg,media\posts\202510,4
file,18076767157907428.jpg,.jpg,media\posts\202510\18076767157907428.jpg,media\posts\202510,4
file,18077151560121643.jpg,.jpg,media\posts\202510\18077151560121643.jpg,media\posts\202510,4
file,18077209064283668.jpg,.jpg,media\posts\202510\18077209064283668.jpg,media\posts\202510,4
file,18077827970025943.jpg,.jpg,media\posts\202510\18077827970025943.jpg,media\posts\202510,4
file,18077874886887863.jpg,.jpg,media\posts\202510\18077874886887863.jpg,media\posts\202510,4
file,18078120272046695.jpg,.jpg,media\posts\202510\18078120272046695.jpg,media\posts\202510,4
file,18079626782472770.jpg,.jpg,media\posts\202510\18079626782472770.jpg,media\posts\202510,4
file,18079639868289813.heic,.heic,media\posts\202510\18079639868289813.heic,media\posts\202510,4
file,18079654910112860.heic,.heic,media\posts\202510\18079654910112860.heic,media\posts\202510,4
file,18079681730023047.jpg,.jpg,media\posts\202510\18079681730023047.jpg,media\posts\202510,4
file,18079838336079348.jpg,.jpg,media\posts\202510\18079838336079348.jpg,media\posts\202510,4
file,18080687618489086.jpg,.jpg,media\posts\202510\18080687618489086.jpg,media\posts\202510,4
file,18080982367831137.jpg,.jpg,media\posts\202510\18080982367831137.jpg,media\posts\202510,4
file,18081055868046993.jpg,.jpg,media\posts\202510\18081055868046993.jpg,media\posts\202510,4
file,18081666776282191.jpg,.jpg,media\posts\202510\18081666776282191.jpg,media\posts\202510,4
file,18081668620951450.jpg,.jpg,media\posts\202510\18081668620951450.jpg,media\posts\202510,4
file,18081833503969634.jpg,.jpg,media\posts\202510\18081833503969634.jpg,media\posts\202510,4
file,18082413401319297.jpg,.jpg,media\posts\202510\18082413401319297.jpg,media\posts\202510,4
file,18082627727067006.jpg,.jpg,media\posts\202510\18082627727067006.jpg,media\posts\202510,4
file,18082994860995270.jpg,.jpg,media\posts\202510\18082994860995270.jpg,media\posts\202510,4
file,18083171960053835.jpg,.jpg,media\posts\202510\18083171960053835.jpg,media\posts\202510,4
file,18083525344810720.jpg,.jpg,media\posts\202510\18083525344810720.jpg,media\posts\202510,4
file,18083910937958774.jpg,.jpg,media\posts\202510\18083910937958774.jpg,media\posts\202510,4
file,18084188477488273.jpg,.jpg,media\posts\202510\18084188477488273.jpg,media\posts\202510,4
file,18084254794816950.jpg,.jpg,media\posts\202510\18084254794816950.jpg,media\posts\202510,4
file,18084293266995344.heic,.heic,media\posts\202510\18084293266995344.heic,media\posts\202510,4
file,18084317989946302.jpg,.jpg,media\posts\202510\18084317989946302.jpg,media\posts\202510,4
file,18084826162799514.heic,.heic,media\posts\202510\18084826162799514.heic,media\posts\202510,4
file,18085115905945683.jpg,.jpg,media\posts\202510\18085115905945683.jpg,media\posts\202510,4
file,18085495288949535.jpg,.jpg,media\posts\202510\18085495288949535.jpg,media\posts\202510,4
file,18085900951763185.jpg,.jpg,media\posts\202510\18085900951763185.jpg,media\posts\202510,4
file,18085996523494538.jpg,.jpg,media\posts\202510\18085996523494538.jpg,media\posts\202510,4
file,18086885296934266.jpg,.jpg,media\posts\202510\18086885296934266.jpg,media\posts\202510,4
file,18087456385746157.heic,.heic,media\posts\202510\18087456385746157.heic,media\posts\202510,4
file,18087647563923165.jpg,.jpg,media\posts\202510\18087647563923165.jpg,media\posts\202510,4
file,18088060834922254.jpg,.jpg,media\posts\202510\18088060834922254.jpg,media\posts\202510,4
file,18089301823720783.jpg,.jpg,media\posts\202510\18089301823720783.jpg,media\posts\202510,4
file,18091168582877243.jpg,.jpg,media\posts\202510\18091168582877243.jpg,media\posts\202510,4
file,18091211170883954.jpg,.jpg,media\posts\202510\18091211170883954.jpg,media\posts\202510,4
file,18091503496896749.heic,.heic,media\posts\202510\18091503496896749.heic,media\posts\202510,4
file,18091539319667634.jpg,.jpg,media\posts\202510\18091539319667634.jpg,media\posts\202510,4
file,18091713298705096.heic,.heic,media\posts\202510\18091713298705096.heic,media\posts\202510,4
file,18093038596649412.jpg,.jpg,media\posts\202510\18093038596649412.jpg,media\posts\202510,4
file,18093887284867385.jpg,.jpg,media\posts\202510\18093887284867385.jpg,media\posts\202510,4
file,18093959875877733.jpg,.jpg,media\posts\202510\18093959875877733.jpg,media\posts\202510,4
file,18094117966843092.jpg,.jpg,media\posts\202510\18094117966843092.jpg,media\posts\202510,4
file,18094357315825440.jpg,.jpg,media\posts\202510\18094357315825440.jpg,media\posts\202510,4
file,18094583143796608.jpg,.jpg,media\posts\202510\18094583143796608.jpg,media\posts\202510,4
file,18095201974801087.jpg,.jpg,media\posts\202510\18095201974801087.jpg,media\posts\202510,4
file,18095314198752568.jpg,.jpg,media\posts\202510\18095314198752568.jpg,media\posts\202510,4
file,18095351344685750.jpg,.jpg,media\posts\202510\18095351344685750.jpg,media\posts\202510,4
file,18095749504698102.jpg,.jpg,media\posts\202510\18095749504698102.jpg,media\posts\202510,4
file,18096039706751121.jpg,.jpg,media\posts\202510\18096039706751121.jpg,media\posts\202510,4
file,18096047233777418.jpg,.jpg,media\posts\202510\18096047233777418.jpg,media\posts\202510,4
file,18096082246762031.jpg,.jpg,media\posts\202510\18096082246762031.jpg,media\posts\202510,4
file,18096350578759000.heic,.heic,media\posts\202510\18096350578759000.heic,media\posts\202510,4
file,18096492925755309.jpg,.jpg,media\posts\202510\18096492925755309.jpg,media\posts\202510,4
file,18096494764768418.jpg,.jpg,media\posts\202510\18096494764768418.jpg,media\posts\202510,4
file,18096856519782844.jpg,.jpg,media\posts\202510\18096856519782844.jpg,media\posts\202510,4
file,18097143016686009.jpg,.jpg,media\posts\202510\18097143016686009.jpg,media\posts\202510,4
file,18097826113740635.jpg,.jpg,media\posts\202510\18097826113740635.jpg,media\posts\202510,4
file,18097945534780082.jpg,.jpg,media\posts\202510\18097945534780082.jpg,media\posts\202510,4
file,18098235310759896.jpg,.jpg,media\posts\202510\18098235310759896.jpg,media\posts\202510,4
file,18098484274710885.heic,.heic,media\posts\202510\18098484274710885.heic,media\posts\202510,4
file,18099145057670564.jpg,.jpg,media\posts\202510\18099145057670564.jpg,media\posts\202510,4
file,18100096810662987.jpg,.jpg,media\posts\202510\18100096810662987.jpg,media\posts\202510,4
file,18100241251732470.jpg,.jpg,media\posts\202510\18100241251732470.jpg,media\posts\202510,4
file,18101634718637063.heic,.heic,media\posts\202510\18101634718637063.heic,media\posts\202510,4
file,18101737786581640.jpg,.jpg,media\posts\202510\18101737786581640.jpg,media\posts\202510,4
file,18103111180627440.jpg,.jpg,media\posts\202510\18103111180627440.jpg,media\posts\202510,4
file,18103284886566368.heic,.heic,media\posts\202510\18103284886566368.heic,media\posts\202510,4
file,18103438726639619.jpg,.jpg,media\posts\202510\18103438726639619.jpg,media\posts\202510,4
file,18103910452719208.jpg,.jpg,media\posts\202510\18103910452719208.jpg,media\posts\202510,4
file,18105197776621692.jpg,.jpg,media\posts\202510\18105197776621692.jpg,media\posts\202510,4
file,18105590830551494.jpg,.jpg,media\posts\202510\18105590830551494.jpg,media\posts\202510,4
file,18108106342596908.jpg,.jpg,media\posts\202510\18108106342596908.jpg,media\posts\202510,4
file,18108197089588742.jpg,.jpg,media\posts\202510\18108197089588742.jpg,media\posts\202510,4
file,18108630724508978.jpg,.jpg,media\posts\202510\18108630724508978.jpg,media\posts\202510,4
file,18108928672576507.jpg,.jpg,media\posts\202510\18108928672576507.jpg,media\posts\202510,4
file,18109120342604405.jpg,.jpg,media\posts\202510\18109120342604405.jpg,media\posts\202510,4
file,18109377841586832.jpg,.jpg,media\posts\202510\18109377841586832.jpg,media\posts\202510,4
file,18110510884602136.jpg,.jpg,media\posts\202510\18110510884602136.jpg,media\posts\202510,4
file,18110994838596823.jpg,.jpg,media\posts\202510\18110994838596823.jpg,media\posts\202510,4
file,18111273940516281.jpg,.jpg,media\posts\202510\18111273940516281.jpg,media\posts\202510,4
file,18111324472572475.jpg,.jpg,media\posts\202510\18111324472572475.jpg,media\posts\202510,4
file,18111393982565610.jpg,.jpg,media\posts\202510\18111393982565610.jpg,media\posts\202510,4
file,18111960088502749.jpg,.jpg,media\posts\202510\18111960088502749.jpg,media\posts\202510,4
file,18111965911497234.jpg,.jpg,media\posts\202510\18111965911497234.jpg,media\posts\202510,4
file,18112345276565407.jpg,.jpg,media\posts\202510\18112345276565407.jpg,media\posts\202510,4
file,18114092836480604.jpg,.jpg,media\posts\202510\18114092836480604.jpg,media\posts\202510,4
file,18115128253530702.jpg,.jpg,media\posts\202510\18115128253530702.jpg,media\posts\202510,4
file,18117548485552000.heic,.heic,media\posts\202510\18117548485552000.heic,media\posts\202510,4
file,18130822987481167.heic,.heic,media\posts\202510\18130822987481167.heic,media\posts\202510,4
file,18130866883471062.heic,.heic,media\posts\202510\18130866883471062.heic,media\posts\202510,4
file,18138010189448343.jpg,.jpg,media\posts\202510\18138010189448343.jpg,media\posts\202510,4
file,18139740196443363.jpg,.jpg,media\posts\202510\18139740196443363.jpg,media\posts\202510,4
file,18141146104450689.jpg,.jpg,media\posts\202510\18141146104450689.jpg,media\posts\202510,4
file,18141549631427491.jpg,.jpg,media\posts\202510\18141549631427491.jpg,media\posts\202510,4
file,18142588402434811.jpg,.jpg,media\posts\202510\18142588402434811.jpg,media\posts\202510,4
file,18142735918429652.jpg,.jpg,media\posts\202510\18142735918429652.jpg,media\posts\202510,4
file,18145885963422397.heic,.heic,media\posts\202510\18145885963422397.heic,media\posts\202510,4
file,18146908411426229.jpg,.jpg,media\posts\202510\18146908411426229.jpg,media\posts\202510,4
file,18148720753414568.jpg,.jpg,media\posts\202510\18148720753414568.jpg,media\posts\202510,4
file,18149293975420292.jpg,.jpg,media\posts\202510\18149293975420292.jpg,media\posts\202510,4
file,18152620081412943.heic,.heic,media\posts\202510\18152620081412943.heic,media\posts\202510,4
file,18153495541410225.jpg,.jpg,media\posts\202510\18153495541410225.jpg,media\posts\202510,4
file,18157092979387034.jpg,.jpg,media\posts\202510\18157092979387034.jpg,media\posts\202510,4
file,18157486081383242.jpg,.jpg,media\posts\202510\18157486081383242.jpg,media\posts\202510,4
file,18157826935391286.jpg,.jpg,media\posts\202510\18157826935391286.jpg,media\posts\202510,4
file,18160410064389292.jpg,.jpg,media\posts\202510\18160410064389292.jpg,media\posts\202510,4
file,18161145229385672.jpg,.jpg,media\posts\202510\18161145229385672.jpg,media\posts\202510,4
file,18168646096366140.heic,.heic,media\posts\202510\18168646096366140.heic,media\posts\202510,4
file,18174504859365231.jpg,.jpg,media\posts\202510\18174504859365231.jpg,media\posts\202510,4
file,18176709070350618.jpg,.jpg,media\posts\202510\18176709070350618.jpg,media\posts\202510,4
file,18187384777335274.jpg,.jpg,media\posts\202510\18187384777335274.jpg,media\posts\202510,4
file,18246147238290202.jpg,.jpg,media\posts\202510\18246147238290202.jpg,media\posts\202510,4
file,18264316780304558.jpg,.jpg,media\posts\202510\18264316780304558.jpg,media\posts\202510,4
file,18290532727285193.jpg,.jpg,media\posts\202510\18290532727285193.jpg,media\posts\202510,4
file,18296527681251920.jpg,.jpg,media\posts\202510\18296527681251920.jpg,media\posts\202510,4
file,18297915232264411.jpg,.jpg,media\posts\202510\18297915232264411.jpg,media\posts\202510,4
file,18298993591253076.jpg,.jpg,media\posts\202510\18298993591253076.jpg,media\posts\202510,4
file,18299415208248844.jpg,.jpg,media\posts\202510\18299415208248844.jpg,media\posts\202510,4
file,18315430336170217.jpg,.jpg,media\posts\202510\18315430336170217.jpg,media\posts\202510,4
file,18332579953237444.jpg,.jpg,media\posts\202510\18332579953237444.jpg,media\posts\202510,4
file,18344728924206900.jpg,.jpg,media\posts\202510\18344728924206900.jpg,media\posts\202510,4
file,18349535671164497.jpg,.jpg,media\posts\202510\18349535671164497.jpg,media\posts\202510,4
file,18359059222083315.heic,.heic,media\posts\202510\18359059222083315.heic,media\posts\202510,4
file,18360674803086016.jpg,.jpg,media\posts\202510\18360674803086016.jpg,media\posts\202510,4
file,18362720161086983.jpg,.jpg,media\posts\202510\18362720161086983.jpg,media\posts\202510,4
file,18362861635082811.jpg,.jpg,media\posts\202510\18362861635082811.jpg,media\posts\202510,4
file,18371421295197496.jpg,.jpg,media\posts\202510\18371421295197496.jpg,media\posts\202510,4
file,18372006796144366.jpg,.jpg,media\posts\202510\18372006796144366.jpg,media\posts\202510,4
file,18376207006146585.jpg,.jpg,media\posts\202510\18376207006146585.jpg,media\posts\202510,4
file,18404495299136615.heic,.heic,media\posts\202510\18404495299136615.heic,media\posts\202510,4
file,18406681726136544.jpg,.jpg,media\posts\202510\18406681726136544.jpg,media\posts\202510,4
file,18412866871118546.jpg,.jpg,media\posts\202510\18412866871118546.jpg,media\posts\202510,4
file,18482712697072329.jpg,.jpg,media\posts\202510\18482712697072329.jpg,media\posts\202510,4
file,18486613630077129.jpg,.jpg,media\posts\202510\18486613630077129.jpg,media\posts\202510,4
file,18491217865079654.jpg,.jpg,media\posts\202510\18491217865079654.jpg,media\posts\202510,4
file,18526805230054002.jpg,.jpg,media\posts\202510\18526805230054002.jpg,media\posts\202510,4
file,18531090421008767.jpg,.jpg,media\posts\202510\18531090421008767.jpg,media\posts\202510,4
file,18533078998021675.jpg,.jpg,media\posts\202510\18533078998021675.jpg,media\posts\202510,4
file,18533841712053882.jpg,.jpg,media\posts\202510\18533841712053882.jpg,media\posts\202510,4
file,18533886979036735.jpg,.jpg,media\posts\202510\18533886979036735.jpg,media\posts\202510,4
file,18534514855058623.jpg,.jpg,media\posts\202510\18534514855058623.jpg,media\posts\202510,4
file,18534660457039937.jpg,.jpg,media\posts\202510\18534660457039937.jpg,media\posts\202510,4
file,18538474441051900.heic,.heic,media\posts\202510\18538474441051900.heic,media\posts\202510,4
directory,202511,,media\posts\202511,media\posts,3
file,17846050107611414.jpg,.jpg,media\posts\202511\17846050107611414.jpg,media\posts\202511,4
file,17846064711614229.jpg,.jpg,media\posts\202511\17846064711614229.jpg,media\posts\202511,4
file,17847793896573081.heic,.heic,media\posts\202511\17847793896573081.heic,media\posts\202511,4
file,17851444074547254.heic,.heic,media\posts\202511\17851444074547254.heic,media\posts\202511,4
file,17851556226577734.jpg,.jpg,media\posts\202511\17851556226577734.jpg,media\posts\202511,4
file,17851845063580971.heic,.heic,media\posts\202511\17851845063580971.heic,media\posts\202511,4
file,17851857372583112.jpg,.jpg,media\posts\202511\17851857372583112.jpg,media\posts\202511,4
file,17852763375578172.jpg,.jpg,media\posts\202511\17852763375578172.jpg,media\posts\202511,4
file,17853293445569248.jpg,.jpg,media\posts\202511\17853293445569248.jpg,media\posts\202511,4
file,17854829220569540.heic,.heic,media\posts\202511\17854829220569540.heic,media\posts\202511,4
file,17855113083566176.heic,.heic,media\posts\202511\17855113083566176.heic,media\posts\202511,4
file,17858689257540250.jpg,.jpg,media\posts\202511\17858689257540250.jpg,media\posts\202511,4
file,17861156316539578.jpg,.jpg,media\posts\202511\17861156316539578.jpg,media\posts\202511,4
file,17862056364536019.jpg,.jpg,media\posts\202511\17862056364536019.jpg,media\posts\202511,4
file,17862888192459226.jpg,.jpg,media\posts\202511\17862888192459226.jpg,media\posts\202511,4
file,17863113897513180.heic,.heic,media\posts\202511\17863113897513180.heic,media\posts\202511,4
file,17864391273497844.heic,.heic,media\posts\202511\17864391273497844.heic,media\posts\202511,4
file,17865733854497775.jpg,.jpg,media\posts\202511\17865733854497775.jpg,media\posts\202511,4
file,17866389324494074.jpg,.jpg,media\posts\202511\17866389324494074.jpg,media\posts\202511,4
file,17874466062354661.heic,.heic,media\posts\202511\17874466062354661.heic,media\posts\202511,4
file,17876091537433342.jpg,.jpg,media\posts\202511\17876091537433342.jpg,media\posts\202511,4
file,17880414228302494.jpg,.jpg,media\posts\202511\17880414228302494.jpg,media\posts\202511,4
file,17883822363411012.jpg,.jpg,media\posts\202511\17883822363411012.jpg,media\posts\202511,4
file,17887535169383689.jpg,.jpg,media\posts\202511\17887535169383689.jpg,media\posts\202511,4
file,17888419173384063.jpg,.jpg,media\posts\202511\17888419173384063.jpg,media\posts\202511,4
file,17889666219243250.jpg,.jpg,media\posts\202511\17889666219243250.jpg,media\posts\202511,4
file,17893253361363224.jpg,.jpg,media\posts\202511\17893253361363224.jpg,media\posts\202511,4
file,17899299699181187.heic,.heic,media\posts\202511\17899299699181187.heic,media\posts\202511,4
file,17900744520326630.heic,.heic,media\posts\202511\17900744520326630.heic,media\posts\202511,4
file,17900767134302523.jpg,.jpg,media\posts\202511\17900767134302523.jpg,media\posts\202511,4
file,17904387192143170.jpg,.jpg,media\posts\202511\17904387192143170.jpg,media\posts\202511,4
file,17907106935254720.heic,.heic,media\posts\202511\17907106935254720.heic,media\posts\202511,4
file,17913554781087363.jpg,.jpg,media\posts\202511\17913554781087363.jpg,media\posts\202511,4
file,17915430279090275.jpg,.jpg,media\posts\202511\17915430279090275.jpg,media\posts\202511,4
file,17917177407070597.jpg,.jpg,media\posts\202511\17917177407070597.jpg,media\posts\202511,4
file,17918562168195063.jpg,.jpg,media\posts\202511\17918562168195063.jpg,media\posts\202511,4
file,17920335231191790.heic,.heic,media\posts\202511\17920335231191790.heic,media\posts\202511,4
file,17925802446152941.heic,.heic,media\posts\202511\17925802446152941.heic,media\posts\202511,4
file,17926984041152158.heic,.heic,media\posts\202511\17926984041152158.heic,media\posts\202511,4
file,17928667980139541.jpg,.jpg,media\posts\202511\17928667980139541.jpg,media\posts\202511,4
file,17929595679115703.jpg,.jpg,media\posts\202511\17929595679115703.jpg,media\posts\202511,4
file,17929813452032047.jpg,.jpg,media\posts\202511\17929813452032047.jpg,media\posts\202511,4
file,17930379333131333.jpg,.jpg,media\posts\202511\17930379333131333.jpg,media\posts\202511,4
file,17930484462133350.heic,.heic,media\posts\202511\17930484462133350.heic,media\posts\202511,4
file,17932247747998279.heic,.heic,media\posts\202511\17932247747998279.heic,media\posts\202511,4
file,17937033134973797.jpg,.jpg,media\posts\202511\17937033134973797.jpg,media\posts\202511,4
file,17939988933085068.heic,.heic,media\posts\202511\17939988933085068.heic,media\posts\202511,4
file,17941385799081043.jpg,.jpg,media\posts\202511\17941385799081043.jpg,media\posts\202511,4
file,17941634133077447.jpg,.jpg,media\posts\202511\17941634133077447.jpg,media\posts\202511,4
file,17943957021072441.heic,.heic,media\posts\202511\17943957021072441.heic,media\posts\202511,4
file,17955180452887901.heic,.heic,media\posts\202511\17955180452887901.heic,media\posts\202511,4
file,17966056058996439.jpg,.jpg,media\posts\202511\17966056058996439.jpg,media\posts\202511,4
file,17968562303971139.jpg,.jpg,media\posts\202511\17968562303971139.jpg,media\posts\202511,4
file,17978613122926966.jpg,.jpg,media\posts\202511\17978613122926966.jpg,media\posts\202511,4
file,17980865615925294.heic,.heic,media\posts\202511\17980865615925294.heic,media\posts\202511,4
file,17984153342836132.jpg,.jpg,media\posts\202511\17984153342836132.jpg,media\posts\202511,4
file,17985935444747408.jpg,.jpg,media\posts\202511\17985935444747408.jpg,media\posts\202511,4
file,17986409507910762.heic,.heic,media\posts\202511\17986409507910762.heic,media\posts\202511,4
file,17987727896906860.jpg,.jpg,media\posts\202511\17987727896906860.jpg,media\posts\202511,4
file,17991078188903629.jpg,.jpg,media\posts\202511\17991078188903629.jpg,media\posts\202511,4
file,17994718853848283.jpg,.jpg,media\posts\202511\17994718853848283.jpg,media\posts\202511,4
file,18007123004813191.heic,.heic,media\posts\202511\18007123004813191.heic,media\posts\202511,4
file,18024281468596359.jpg,.jpg,media\posts\202511\18024281468596359.jpg,media\posts\202511,4
file,18025629494767627.heic,.heic,media\posts\202511\18025629494767627.heic,media\posts\202511,4
file,18027491240557734.jpg,.jpg,media\posts\202511\18027491240557734.jpg,media\posts\202511,4
file,18027818666571427.jpg,.jpg,media\posts\202511\18027818666571427.jpg,media\posts\202511,4
file,18031433975736287.jpg,.jpg,media\posts\202511\18031433975736287.jpg,media\posts\202511,4
file,18034348049723093.heic,.heic,media\posts\202511\18034348049723093.heic,media\posts\202511,4
file,18040931573712846.jpg,.jpg,media\posts\202511\18040931573712846.jpg,media\posts\202511,4
file,18045441941455825.jpg,.jpg,media\posts\202511\18045441941455825.jpg,media\posts\202511,4
file,18045585974416643.jpg,.jpg,media\posts\202511\18045585974416643.jpg,media\posts\202511,4
file,18046695968416109.heic,.heic,media\posts\202511\18046695968416109.heic,media\posts\202511,4
file,18048797579405633.jpg,.jpg,media\posts\202511\18048797579405633.jpg,media\posts\202511,4
file,18048953828380277.jpg,.jpg,media\posts\202511\18048953828380277.jpg,media\posts\202511,4
file,18050012633347907.jpg,.jpg,media\posts\202511\18050012633347907.jpg,media\posts\202511,4
file,18050032862362638.jpg,.jpg,media\posts\202511\18050032862362638.jpg,media\posts\202511,4
file,18055902092301391.jpg,.jpg,media\posts\202511\18055902092301391.jpg,media\posts\202511,4
file,18058848389554022.heic,.heic,media\posts\202511\18058848389554022.heic,media\posts\202511,4
file,18059639273626055.jpg,.jpg,media\posts\202511\18059639273626055.jpg,media\posts\202511,4
file,18060172568213389.jpg,.jpg,media\posts\202511\18060172568213389.jpg,media\posts\202511,4
file,18061196573555079.jpg,.jpg,media\posts\202511\18061196573555079.jpg,media\posts\202511,4
file,18061293755532414.heic,.heic,media\posts\202511\18061293755532414.heic,media\posts\202511,4
file,18061429532180494.jpg,.jpg,media\posts\202511\18061429532180494.jpg,media\posts\202511,4
file,18062977061633008.jpg,.jpg,media\posts\202511\18062977061633008.jpg,media\posts\202511,4
file,18063007805530197.jpg,.jpg,media\posts\202511\18063007805530197.jpg,media\posts\202511,4
file,18063464036450451.heic,.heic,media\posts\202511\18063464036450451.heic,media\posts\202511,4
file,18063726626138543.jpg,.jpg,media\posts\202511\18063726626138543.jpg,media\posts\202511,4
file,18065874917152794.jpg,.jpg,media\posts\202511\18065874917152794.jpg,media\posts\202511,4
file,18066155708523107.jpg,.jpg,media\posts\202511\18066155708523107.jpg,media\posts\202511,4
file,18066898364080662.jpg,.jpg,media\posts\202511\18066898364080662.jpg,media\posts\202511,4
file,18067314863376365.jpg,.jpg,media\posts\202511\18067314863376365.jpg,media\posts\202511,4
file,18067906322580027.heic,.heic,media\posts\202511\18067906322580027.heic,media\posts\202511,4
file,18068148269605024.heic,.heic,media\posts\202511\18068148269605024.heic,media\posts\202511,4
file,18068761313523795.jpg,.jpg,media\posts\202511\18068761313523795.jpg,media\posts\202511,4
file,18069041927521468.heic,.heic,media\posts\202511\18069041927521468.heic,media\posts\202511,4
file,18070621577521454.jpg,.jpg,media\posts\202511\18070621577521454.jpg,media\posts\202511,4
file,18070919702526071.jpg,.jpg,media\posts\202511\18070919702526071.jpg,media\posts\202511,4
file,18072040919019795.jpg,.jpg,media\posts\202511\18072040919019795.jpg,media\posts\202511,4
file,18072473447356890.heic,.heic,media\posts\202511\18072473447356890.heic,media\posts\202511,4
file,18072496220036810.jpg,.jpg,media\posts\202511\18072496220036810.jpg,media\posts\202511,4
file,18073330853247621.jpg,.jpg,media\posts\202511\18073330853247621.jpg,media\posts\202511,4
file,18074403098235636.jpg,.jpg,media\posts\202511\18074403098235636.jpg,media\posts\202511,4
file,18075290716961042.jpg,.jpg,media\posts\202511\18075290716961042.jpg,media\posts\202511,4
file,18077359738897510.jpg,.jpg,media\posts\202511\18077359738897510.jpg,media\posts\202511,4
file,18077584402903754.heic,.heic,media\posts\202511\18077584402903754.heic,media\posts\202511,4
file,18077824012963817.jpg,.jpg,media\posts\202511\18077824012963817.jpg,media\posts\202511,4
file,18078210083154264.jpg,.jpg,media\posts\202511\18078210083154264.jpg,media\posts\202511,4
file,18078393305142249.jpg,.jpg,media\posts\202511\18078393305142249.jpg,media\posts\202511,4
file,18078522017470038.jpg,.jpg,media\posts\202511\18078522017470038.jpg,media\posts\202511,4
file,18078655418172952.jpg,.jpg,media\posts\202511\18078655418172952.jpg,media\posts\202511,4
file,18078972440515221.jpg,.jpg,media\posts\202511\18078972440515221.jpg,media\posts\202511,4
file,18079014380119941.jpg,.jpg,media\posts\202511\18079014380119941.jpg,media\posts\202511,4
file,18079019699169699.heic,.heic,media\posts\202511\18079019699169699.heic,media\posts\202511,4
file,18081179657114389.heic,.heic,media\posts\202511\18081179657114389.heic,media\posts\202511,4
file,18081206194871066.heic,.heic,media\posts\202511\18081206194871066.heic,media\posts\202511,4
file,18081269126027564.jpg,.jpg,media\posts\202511\18081269126027564.jpg,media\posts\202511,4
file,18081341800890538.jpg,.jpg,media\posts\202511\18081341800890538.jpg,media\posts\202511,4
file,18081403570886787.jpg,.jpg,media\posts\202511\18081403570886787.jpg,media\posts\202511,4
file,18082153100095098.jpg,.jpg,media\posts\202511\18082153100095098.jpg,media\posts\202511,4
file,18082297523003712.heic,.heic,media\posts\202511\18082297523003712.heic,media\posts\202511,4
file,18082355896869490.jpg,.jpg,media\posts\202511\18082355896869490.jpg,media\posts\202511,4
file,18082665614034155.heic,.heic,media\posts\202511\18082665614034155.heic,media\posts\202511,4
file,18082731241859008.jpg,.jpg,media\posts\202511\18082731241859008.jpg,media\posts\202511,4
file,18082870298032608.jpg,.jpg,media\posts\202511\18082870298032608.jpg,media\posts\202511,4
file,18083016505839551.jpg,.jpg,media\posts\202511\18083016505839551.jpg,media\posts\202511,4
file,18083307725064437.jpg,.jpg,media\posts\202511\18083307725064437.jpg,media\posts\202511,4
file,18083940062007403.jpg,.jpg,media\posts\202511\18083940062007403.jpg,media\posts\202511,4
file,18084274216961607.jpg,.jpg,media\posts\202511\18084274216961607.jpg,media\posts\202511,4
file,18084404789016357.jpg,.jpg,media\posts\202511\18084404789016357.jpg,media\posts\202511,4
file,18085089841821621.heic,.heic,media\posts\202511\18085089841821621.heic,media\posts\202511,4
file,18085702024801306.heic,.heic,media\posts\202511\18085702024801306.heic,media\posts\202511,4
file,18086073650480830.jpg,.jpg,media\posts\202511\18086073650480830.jpg,media\posts\202511,4
file,18086148545301979.heic,.heic,media\posts\202511\18086148545301979.heic,media\posts\202511,4
file,18086185414784523.jpg,.jpg,media\posts\202511\18086185414784523.jpg,media\posts\202511,4
file,18086271754782120.jpg,.jpg,media\posts\202511\18086271754782120.jpg,media\posts\202511,4
file,18087539413932815.jpg,.jpg,media\posts\202511\18087539413932815.jpg,media\posts\202511,4
file,18092083850499125.jpg,.jpg,media\posts\202511\18092083850499125.jpg,media\posts\202511,4
file,18092359537885779.jpg,.jpg,media\posts\202511\18092359537885779.jpg,media\posts\202511,4
file,18092463340920434.heic,.heic,media\posts\202511\18092463340920434.heic,media\posts\202511,4
file,18092509135686784.heic,.heic,media\posts\202511\18092509135686784.heic,media\posts\202511,4
file,18092770216892874.jpg,.jpg,media\posts\202511\18092770216892874.jpg,media\posts\202511,4
file,18094320601809971.heic,.heic,media\posts\202511\18094320601809971.heic,media\posts\202511,4
file,18094333117858194.jpg,.jpg,media\posts\202511\18094333117858194.jpg,media\posts\202511,4
file,18095732959772814.heic,.heic,media\posts\202511\18095732959772814.heic,media\posts\202511,4
file,18095941432697618.jpg,.jpg,media\posts\202511\18095941432697618.jpg,media\posts\202511,4
file,18096068806695736.heic,.heic,media\posts\202511\18096068806695736.heic,media\posts\202511,4
file,18096852121813649.heic,.heic,media\posts\202511\18096852121813649.heic,media\posts\202511,4
file,18097532146744334.heic,.heic,media\posts\202511\18097532146744334.heic,media\posts\202511,4
file,18097790077742712.jpg,.jpg,media\posts\202511\18097790077742712.jpg,media\posts\202511,4
file,18097994110805867.heic,.heic,media\posts\202511\18097994110805867.heic,media\posts\202511,4
file,18098009191811194.jpg,.jpg,media\posts\202511\18098009191811194.jpg,media\posts\202511,4
file,18098060701753956.jpg,.jpg,media\posts\202511\18098060701753956.jpg,media\posts\202511,4
file,18098104855802163.jpg,.jpg,media\posts\202511\18098104855802163.jpg,media\posts\202511,4
file,18098246965772410.jpg,.jpg,media\posts\202511\18098246965772410.jpg,media\posts\202511,4
file,18098421256699931.jpg,.jpg,media\posts\202511\18098421256699931.jpg,media\posts\202511,4
file,18099398848752875.heic,.heic,media\posts\202511\18099398848752875.heic,media\posts\202511,4
file,18100880071663658.heic,.heic,media\posts\202511\18100880071663658.heic,media\posts\202511,4
file,18101551744674943.jpg,.jpg,media\posts\202511\18101551744674943.jpg,media\posts\202511,4
file,18101835568680514.jpg,.jpg,media\posts\202511\18101835568680514.jpg,media\posts\202511,4
file,18102702247636961.jpg,.jpg,media\posts\202511\18102702247636961.jpg,media\posts\202511,4
file,18105834694713282.heic,.heic,media\posts\202511\18105834694713282.heic,media\posts\202511,4
file,18106315582528535.jpg,.jpg,media\posts\202511\18106315582528535.jpg,media\posts\202511,4
file,18106325566719625.heic,.heic,media\posts\202511\18106325566719625.heic,media\posts\202511,4
file,18106935229550924.jpg,.jpg,media\posts\202511\18106935229550924.jpg,media\posts\202511,4
file,18109947577514254.jpg,.jpg,media\posts\202511\18109947577514254.jpg,media\posts\202511,4
file,18113693686511714.jpg,.jpg,media\posts\202511\18113693686511714.jpg,media\posts\202511,4
file,18118794406544664.jpg,.jpg,media\posts\202511\18118794406544664.jpg,media\posts\202511,4
file,18119138800548793.jpg,.jpg,media\posts\202511\18119138800548793.jpg,media\posts\202511,4
file,18120156106476725.jpg,.jpg,media\posts\202511\18120156106476725.jpg,media\posts\202511,4
file,18123465694513823.jpg,.jpg,media\posts\202511\18123465694513823.jpg,media\posts\202511,4
file,18126024640496520.jpg,.jpg,media\posts\202511\18126024640496520.jpg,media\posts\202511,4
file,18133145539476141.heic,.heic,media\posts\202511\18133145539476141.heic,media\posts\202511,4
file,18133696858485571.heic,.heic,media\posts\202511\18133696858485571.heic,media\posts\202511,4
file,18138073117456908.jpg,.jpg,media\posts\202511\18138073117456908.jpg,media\posts\202511,4
file,18143340013441461.heic,.heic,media\posts\202511\18143340013441461.heic,media\posts\202511,4
file,18149788021423730.jpg,.jpg,media\posts\202511\18149788021423730.jpg,media\posts\202511,4
file,18159644869392462.jpg,.jpg,media\posts\202511\18159644869392462.jpg,media\posts\202511,4
file,18160312261391783.jpg,.jpg,media\posts\202511\18160312261391783.jpg,media\posts\202511,4
file,18161467804391500.jpg,.jpg,media\posts\202511\18161467804391500.jpg,media\posts\202511,4
file,18171334141369466.heic,.heic,media\posts\202511\18171334141369466.heic,media\posts\202511,4
file,18183904432354819.heic,.heic,media\posts\202511\18183904432354819.heic,media\posts\202511,4
file,18196159645324174.heic,.heic,media\posts\202511\18196159645324174.heic,media\posts\202511,4
file,18199658551318695.jpg,.jpg,media\posts\202511\18199658551318695.jpg,media\posts\202511,4
file,18209308087312331.heic,.heic,media\posts\202511\18209308087312331.heic,media\posts\202511,4
file,18271020274303631.jpg,.jpg,media\posts\202511\18271020274303631.jpg,media\posts\202511,4
file,18290170582278410.jpg,.jpg,media\posts\202511\18290170582278410.jpg,media\posts\202511,4
file,18298589569282677.heic,.heic,media\posts\202511\18298589569282677.heic,media\posts\202511,4
file,18304740622301764.jpg,.jpg,media\posts\202511\18304740622301764.jpg,media\posts\202511,4
file,18306268048271925.mp4,.mp4,media\posts\202511\18306268048271925.mp4,media\posts\202511,4
file,18313375786216575.heic,.heic,media\posts\202511\18313375786216575.heic,media\posts\202511,4
file,18331327120243341.jpg,.jpg,media\posts\202511\18331327120243341.jpg,media\posts\202511,4
file,18332324599226786.jpg,.jpg,media\posts\202511\18332324599226786.jpg,media\posts\202511,4
file,18436373650100786.heic,.heic,media\posts\202511\18436373650100786.heic,media\posts\202511,4
file,18438376918098578.jpg,.jpg,media\posts\202511\18438376918098578.jpg,media\posts\202511,4
file,18534375475053110.jpg,.jpg,media\posts\202511\18534375475053110.jpg,media\posts\202511,4
file,18535565578013489.jpg,.jpg,media\posts\202511\18535565578013489.jpg,media\posts\202511,4
file,18541055284006616.heic,.heic,media\posts\202511\18541055284006616.heic,media\posts\202511,4
file,18545201080020644.heic,.heic,media\posts\202511\18545201080020644.heic,media\posts\202511,4
file,18549306577039729.jpg,.jpg,media\posts\202511\18549306577039729.jpg,media\posts\202511,4
directory,202512,,media\posts\202512,media\posts,3
file,17842754754649138.jpg,.jpg,media\posts\202512\17842754754649138.jpg,media\posts\202512,4
file,17843296545639643.jpg,.jpg,media\posts\202512\17843296545639643.jpg,media\posts\202512,4
file,17843361615639555.jpg,.jpg,media\posts\202512\17843361615639555.jpg,media\posts\202512,4
file,17843614134634265.heic,.heic,media\posts\202512\17843614134634265.heic,media\posts\202512,4
file,17844559203612305.heic,.heic,media\posts\202512\17844559203612305.heic,media\posts\202512,4
file,17845877190622748.mp4,.mp4,media\posts\202512\17845877190622748.mp4,media\posts\202512,4
file,17850934083566213.jpg,.jpg,media\posts\202512\17850934083566213.jpg,media\posts\202512,4
file,17856902619566525.heic,.heic,media\posts\202512\17856902619566525.heic,media\posts\202512,4
file,17857083744574520.heic,.heic,media\posts\202512\17857083744574520.heic,media\posts\202512,4
file,17857773219563910.jpg,.jpg,media\posts\202512\17857773219563910.jpg,media\posts\202512,4
file,17858850594503996.heic,.heic,media\posts\202512\17858850594503996.heic,media\posts\202512,4
file,17864747514456134.jpg,.jpg,media\posts\202512\17864747514456134.jpg,media\posts\202512,4
file,17865251994516588.heic,.heic,media\posts\202512\17865251994516588.heic,media\posts\202512,4
file,17866644099433838.heic,.heic,media\posts\202512\17866644099433838.heic,media\posts\202512,4
file,17867532648509101.heic,.heic,media\posts\202512\17867532648509101.heic,media\posts\202512,4
file,17869308042480445.jpg,.jpg,media\posts\202512\17869308042480445.jpg,media\posts\202512,4
file,17870890269474566.heic,.heic,media\posts\202512\17870890269474566.heic,media\posts\202512,4
file,17871143838471156.jpg,.jpg,media\posts\202512\17871143838471156.jpg,media\posts\202512,4
file,17875060497375125.jpg,.jpg,media\posts\202512\17875060497375125.jpg,media\posts\202512,4
file,17875306794370972.heic,.heic,media\posts\202512\17875306794370972.heic,media\posts\202512,4
file,17875622688453406.srt,.srt,media\posts\202512\17875622688453406.srt,media\posts\202512,4
file,17876486592450367.heic,.heic,media\posts\202512\17876486592450367.heic,media\posts\202512,4
file,17878068360354003.jpg,.jpg,media\posts\202512\17878068360354003.jpg,media\posts\202512,4
file,17885437671283552.jpg,.jpg,media\posts\202512\17885437671283552.jpg,media\posts\202512,4
file,17891271675383903.heic,.heic,media\posts\202512\17891271675383903.heic,media\posts\202512,4
file,17892345402240571.jpg,.jpg,media\posts\202512\17892345402240571.jpg,media\posts\202512,4
file,17893605870365836.jpg,.jpg,media\posts\202512\17893605870365836.jpg,media\posts\202512,4
file,17900753505181848.jpg,.jpg,media\posts\202512\17900753505181848.jpg,media\posts\202512,4
file,17902368795182703.heic,.heic,media\posts\202512\17902368795182703.heic,media\posts\202512,4
file,17902479165336004.mp4,.mp4,media\posts\202512\17902479165336004.mp4,media\posts\202512,4
file,17903786697165508.jpg,.jpg,media\posts\202512\17903786697165508.jpg,media\posts\202512,4
file,17904325962164106.heic,.heic,media\posts\202512\17904325962164106.heic,media\posts\202512,4
file,17906084712142019.heic,.heic,media\posts\202512\17906084712142019.heic,media\posts\202512,4
file,17908438632273538.jpg,.jpg,media\posts\202512\17908438632273538.jpg,media\posts\202512,4
file,17928880971156705.heic,.heic,media\posts\202512\17928880971156705.heic,media\posts\202512,4
file,17929963710150065.jpg,.jpg,media\posts\202512\17929963710150065.jpg,media\posts\202512,4
file,17931614649012147.jpg,.jpg,media\posts\202512\17931614649012147.jpg,media\posts\202512,4
file,17932293330117219.heic,.heic,media\posts\202512\17932293330117219.heic,media\posts\202512,4
file,17935516122129962.heic,.heic,media\posts\202512\17935516122129962.heic,media\posts\202512,4
file,17935899360107312.heic,.heic,media\posts\202512\17935899360107312.heic,media\posts\202512,4
file,17937926126979777.heic,.heic,media\posts\202512\17937926126979777.heic,media\posts\202512,4
file,17939795070099662.jpg,.jpg,media\posts\202512\17939795070099662.jpg,media\posts\202512,4
file,17949125922064173.heic,.heic,media\posts\202512\17949125922064173.heic,media\posts\202512,4
file,17949268094932660.jpg,.jpg,media\posts\202512\17949268094932660.jpg,media\posts\202512,4
file,17950537125060485.heic,.heic,media\posts\202512\17950537125060485.heic,media\posts\202512,4
file,17953741707052592.heic,.heic,media\posts\202512\17953741707052592.heic,media\posts\202512,4
file,17955183267023423.jpg,.jpg,media\posts\202512\17955183267023423.jpg,media\posts\202512,4
file,17959772067001354.heic,.heic,media\posts\202512\17959772067001354.heic,media\posts\202512,4
file,17971747451825003.heic,.heic,media\posts\202512\17971747451825003.heic,media\posts\202512,4
file,17971785851966895.jpg,.jpg,media\posts\202512\17971785851966895.jpg,media\posts\202512,4
file,17973263306812331.heic,.heic,media\posts\202512\17973263306812331.heic,media\posts\202512,4
file,17974508651809258.jpg,.jpg,media\posts\202512\17974508651809258.jpg,media\posts\202512,4
file,17981667011929514.jpg,.jpg,media\posts\202512\17981667011929514.jpg,media\posts\202512,4
file,17984081579926758.mp4,.mp4,media\posts\202512\17984081579926758.mp4,media\posts\202512,4
file,17985591269761209.jpg,.jpg,media\posts\202512\17985591269761209.jpg,media\posts\202512,4
file,17988321368745010.jpg,.jpg,media\posts\202512\17988321368745010.jpg,media\posts\202512,4
file,17990949446736904.jpg,.jpg,media\posts\202512\17990949446736904.jpg,media\posts\202512,4
file,18002546312688559.heic,.heic,media\posts\202512\18002546312688559.heic,media\posts\202512,4
file,18011838098816981.jpg,.jpg,media\posts\202512\18011838098816981.jpg,media\posts\202512,4
file,18026304764716630.jpg,.jpg,media\posts\202512\18026304764716630.jpg,media\posts\202512,4
file,18027075518766696.heic,.heic,media\posts\202512\18027075518766696.heic,media\posts\202512,4
file,18030050342774934.heic,.heic,media\posts\202512\18030050342774934.heic,media\posts\202512,4
file,18030111023771577.jpg,.jpg,media\posts\202512\18030111023771577.jpg,media\posts\202512,4
file,18032752955534591.jpg,.jpg,media\posts\202512\18032752955534591.jpg,media\posts\202512,4
file,18035485736721217.jpg,.jpg,media\posts\202512\18035485736721217.jpg,media\posts\202512,4
file,18041189063503190.heic,.heic,media\posts\202512\18041189063503190.heic,media\posts\202512,4
file,18047319047693430.jpg,.jpg,media\posts\202512\18047319047693430.jpg,media\posts\202512,4
file,18048227897691386.jpg,.jpg,media\posts\202512\18048227897691386.jpg,media\posts\202512,4
file,18048576737441394.jpg,.jpg,media\posts\202512\18048576737441394.jpg,media\posts\202512,4
file,18051704771661128.jpg,.jpg,media\posts\202512\18051704771661128.jpg,media\posts\202512,4
file,18056929574662389.heic,.heic,media\posts\202512\18056929574662389.heic,media\posts\202512,4
file,18058601108311158.heic,.heic,media\posts\202512\18058601108311158.heic,media\posts\202512,4
file,18059078966290807.jpg,.jpg,media\posts\202512\18059078966290807.jpg,media\posts\202512,4
file,18060366551642345.jpg,.jpg,media\posts\202512\18060366551642345.jpg,media\posts\202512,4
file,18061438649230653.jpg,.jpg,media\posts\202512\18061438649230653.jpg,media\posts\202512,4
file,18061853879235038.jpg,.jpg,media\posts\202512\18061853879235038.jpg,media\posts\202512,4
file,18062006609535980.jpg,.jpg,media\posts\202512\18062006609535980.jpg,media\posts\202512,4
file,18064365002449277.heic,.heic,media\posts\202512\18064365002449277.heic,media\posts\202512,4
file,18065308040170122.heic,.heic,media\posts\202512\18065308040170122.heic,media\posts\202512,4
file,18065367746412947.heic,.heic,media\posts\202512\18065367746412947.heic,media\posts\202512,4
file,18066917540409869.jpg,.jpg,media\posts\202512\18066917540409869.jpg,media\posts\202512,4
file,18067700066120008.heic,.heic,media\posts\202512\18067700066120008.heic,media\posts\202512,4
file,18069586634108013.jpg,.jpg,media\posts\202512\18069586634108013.jpg,media\posts\202512,4
file,18070166156611052.srt,.srt,media\posts\202512\18070166156611052.srt,media\posts\202512,4
file,18070236983107974.heic,.heic,media\posts\202512\18070236983107974.heic,media\posts\202512,4
file,18070943534077458.jpg,.jpg,media\posts\202512\18070943534077458.jpg,media\posts\202512,4
file,18071129447590096.heic,.heic,media\posts\202512\18071129447590096.heic,media\posts\202512,4
file,18071353754062201.jpg,.jpg,media\posts\202512\18071353754062201.jpg,media\posts\202512,4
file,18072696596340408.jpg,.jpg,media\posts\202512\18072696596340408.jpg,media\posts\202512,4
file,18073160129048327.heic,.heic,media\posts\202512\18073160129048327.heic,media\posts\202512,4
file,18073738940584305.heic,.heic,media\posts\202512\18073738940584305.heic,media\posts\202512,4
file,18074188136249857.jpg,.jpg,media\posts\202512\18074188136249857.jpg,media\posts\202512,4
file,18074194427064012.heic,.heic,media\posts\202512\18074194427064012.heic,media\posts\202512,4
file,18075086924249630.jpg,.jpg,media\posts\202512\18075086924249630.jpg,media\posts\202512,4
file,18075212828588356.heic,.heic,media\posts\202512\18075212828588356.heic,media\posts\202512,4
file,18075358397211134.heic,.heic,media\posts\202512\18075358397211134.heic,media\posts\202512,4
file,18076167719348678.jpg,.jpg,media\posts\202512\18076167719348678.jpg,media\posts\202512,4
file,18077558765225952.heic,.heic,media\posts\202512\18077558765225952.heic,media\posts\202512,4
file,18078097787180730.jpg,.jpg,media\posts\202512\18078097787180730.jpg,media\posts\202512,4
file,18078491465270453.jpg,.jpg,media\posts\202512\18078491465270453.jpg,media\posts\202512,4
file,18080026967180039.jpg,.jpg,media\posts\202512\18080026967180039.jpg,media\posts\202512,4
file,18080565509181857.heic,.heic,media\posts\202512\18080565509181857.heic,media\posts\202512,4
file,18083090543035979.heic,.heic,media\posts\202512\18083090543035979.heic,media\posts\202512,4
file,18083565071040103.heic,.heic,media\posts\202512\18083565071040103.heic,media\posts\202512,4
file,18084502834846968.jpg,.jpg,media\posts\202512\18084502834846968.jpg,media\posts\202512,4
file,18084816425040309.heic,.heic,media\posts\202512\18084816425040309.heic,media\posts\202512,4
file,18084901814071928.jpg,.jpg,media\posts\202512\18084901814071928.jpg,media\posts\202512,4
file,18085132508004732.jpg,.jpg,media\posts\202512\18085132508004732.jpg,media\posts\202512,4
file,18085784168099330.jpg,.jpg,media\posts\202512\18085784168099330.jpg,media\posts\202512,4
file,18086213573057289.jpg,.jpg,media\posts\202512\18086213573057289.jpg,media\posts\202512,4
file,18086391530078513.jpg,.jpg,media\posts\202512\18086391530078513.jpg,media\posts\202512,4
file,18086959823104270.heic,.heic,media\posts\202512\18086959823104270.heic,media\posts\202512,4
file,18087500476820931.jpg,.jpg,media\posts\202512\18087500476820931.jpg,media\posts\202512,4
file,18088112423008227.jpg,.jpg,media\posts\202512\18088112423008227.jpg,media\posts\202512,4
file,18088319974951383.jpg,.jpg,media\posts\202512\18088319974951383.jpg,media\posts\202512,4
file,18088653169985142.jpg,.jpg,media\posts\202512\18088653169985142.jpg,media\posts\202512,4
file,18090733297938446.heic,.heic,media\posts\202512\18090733297938446.heic,media\posts\202512,4
file,18091289552507134.heic,.heic,media\posts\202512\18091289552507134.heic,media\posts\202512,4
file,18091684577491657.jpg,.jpg,media\posts\202512\18091684577491657.jpg,media\posts\202512,4
file,18093018328927331.jpg,.jpg,media\posts\202512\18093018328927331.jpg,media\posts\202512,4
file,18093533092931556.jpg,.jpg,media\posts\202512\18093533092931556.jpg,media\posts\202512,4
file,18094932763721970.heic,.heic,media\posts\202512\18094932763721970.heic,media\posts\202512,4
file,18094937203913121.heic,.heic,media\posts\202512\18094937203913121.heic,media\posts\202512,4
file,18095224990850528.heic,.heic,media\posts\202512\18095224990850528.heic,media\posts\202512,4
file,18096190003867103.jpg,.jpg,media\posts\202512\18096190003867103.jpg,media\posts\202512,4
file,18096904321871950.heic,.heic,media\posts\202512\18096904321871950.heic,media\posts\202512,4
file,18098559685828738.jpg,.jpg,media\posts\202512\18098559685828738.jpg,media\posts\202512,4
file,18099241168634587.jpg,.jpg,media\posts\202512\18099241168634587.jpg,media\posts\202512,4
file,18099302497696755.heic,.heic,media\posts\202512\18099302497696755.heic,media\posts\202512,4
file,18099593215768876.jpg,.jpg,media\posts\202512\18099593215768876.jpg,media\posts\202512,4
file,18099831691698075.jpg,.jpg,media\posts\202512\18099831691698075.jpg,media\posts\202512,4
file,18100889299739555.heic,.heic,media\posts\202512\18100889299739555.heic,media\posts\202512,4
file,18101352145786242.heic,.heic,media\posts\202512\18101352145786242.heic,media\posts\202512,4
file,18105363187737254.jpg,.jpg,media\posts\202512\18105363187737254.jpg,media\posts\202512,4
file,18108024055628558.jpg,.jpg,media\posts\202512\18108024055628558.jpg,media\posts\202512,4
file,18110141371625130.mp4,.mp4,media\posts\202512\18110141371625130.mp4,media\posts\202512,4
file,18111487807612274.heic,.heic,media\posts\202512\18111487807612274.heic,media\posts\202512,4
file,18113401150578028.jpg,.jpg,media\posts\202512\18113401150578028.jpg,media\posts\202512,4
file,18125144965513379.jpg,.jpg,media\posts\202512\18125144965513379.jpg,media\posts\202512,4
file,18129024580501347.heic,.heic,media\posts\202512\18129024580501347.heic,media\posts\202512,4
file,18137373277419599.heic,.heic,media\posts\202512\18137373277419599.heic,media\posts\202512,4
file,18143501611397350.jpg,.jpg,media\posts\202512\18143501611397350.jpg,media\posts\202512,4
file,18149190970381994.jpg,.jpg,media\posts\202512\18149190970381994.jpg,media\posts\202512,4
file,18157725661410100.heic,.heic,media\posts\202512\18157725661410100.heic,media\posts\202512,4
file,18171124414340005.jpg,.jpg,media\posts\202512\18171124414340005.jpg,media\posts\202512,4
file,18171317323373363.jpg,.jpg,media\posts\202512\18171317323373363.jpg,media\posts\202512,4
file,18186039661346683.jpg,.jpg,media\posts\202512\18186039661346683.jpg,media\posts\202512,4
file,18188046301354247.heic,.heic,media\posts\202512\18188046301354247.heic,media\posts\202512,4
file,18213927673310262.jpg,.jpg,media\posts\202512\18213927673310262.jpg,media\posts\202512,4
file,18216455272310214.heic,.heic,media\posts\202512\18216455272310214.heic,media\posts\202512,4
file,18246963991291634.jpg,.jpg,media\posts\202512\18246963991291634.jpg,media\posts\202512,4
file,18250970779290070.jpg,.jpg,media\posts\202512\18250970779290070.jpg,media\posts\202512,4
file,18296296960272539.heic,.heic,media\posts\202512\18296296960272539.heic,media\posts\202512,4
file,18302129860284337.jpg,.jpg,media\posts\202512\18302129860284337.jpg,media\posts\202512,4
file,18320190232216641.heic,.heic,media\posts\202512\18320190232216641.heic,media\posts\202512,4
file,18328611499209080.jpg,.jpg,media\posts\202512\18328611499209080.jpg,media\posts\202512,4
file,18336444052241365.jpg,.jpg,media\posts\202512\18336444052241365.jpg,media\posts\202512,4
file,18355738984164455.jpg,.jpg,media\posts\202512\18355738984164455.jpg,media\posts\202512,4
file,18367188157095130.heic,.heic,media\posts\202512\18367188157095130.heic,media\posts\202512,4
file,18376863946155342.heic,.heic,media\posts\202512\18376863946155342.heic,media\posts\202512,4
file,18394481323122412.jpg,.jpg,media\posts\202512\18394481323122412.jpg,media\posts\202512,4
file,18397324216120507.heic,.heic,media\posts\202512\18397324216120507.heic,media\posts\202512,4
file,18400122136192609.jpg,.jpg,media\posts\202512\18400122136192609.jpg,media\posts\202512,4
file,18413321437143283.jpg,.jpg,media\posts\202512\18413321437143283.jpg,media\posts\202512,4
file,18496351696073378.heic,.heic,media\posts\202512\18496351696073378.heic,media\posts\202512,4
file,18542154151031461.heic,.heic,media\posts\202512\18542154151031461.heic,media\posts\202512,4
file,18544948534012371.jpg,.jpg,media\posts\202512\18544948534012371.jpg,media\posts\202512,4
file,18546930898008770.jpg,.jpg,media\posts\202512\18546930898008770.jpg,media\posts\202512,4
file,18547590754001687.heic,.heic,media\posts\202512\18547590754001687.heic,media\posts\202512,4
file,18550045537003258.heic,.heic,media\posts\202512\18550045537003258.heic,media\posts\202512,4
file,18573243100032563.heic,.heic,media\posts\202512\18573243100032563.heic,media\posts\202512,4
directory,202601,,media\posts\202601,media\posts,3
file,17843974608671233.mp4,.mp4,media\posts\202601\17843974608671233.mp4,media\posts\202601,4
file,17855847267611040.heic,.heic,media\posts\202601\17855847267611040.heic,media\posts\202601,4
file,17864226645558497.heic,.heic,media\posts\202601\17864226645558497.heic,media\posts\202601,4
file,17866064328552743.jpg,.jpg,media\posts\202601\17866064328552743.jpg,media\posts\202601,4
file,17866182279545920.jpg,.jpg,media\posts\202601\17866182279545920.jpg,media\posts\202601,4
file,17869322652437256.jpg,.jpg,media\posts\202601\17869322652437256.jpg,media\posts\202601,4
file,17869597443436461.jpg,.jpg,media\posts\202601\17869597443436461.jpg,media\posts\202601,4
file,17871369033523986.heic,.heic,media\posts\202601\17871369033523986.heic,media\posts\202601,4
file,17882345787439085.jpg,.jpg,media\posts\202601\17882345787439085.jpg,media\posts\202601,4
file,17883162300331572.heic,.heic,media\posts\202601\17883162300331572.heic,media\posts\202601,4
file,17886053880424947.heic,.heic,media\posts\202601\17886053880424947.heic,media\posts\202601,4
file,17888150568424423.jpg,.jpg,media\posts\202601\17888150568424423.jpg,media\posts\202601,4
file,17892967107400068.jpg,.jpg,media\posts\202601\17892967107400068.jpg,media\posts\202601,4
file,17895322605245458.heic,.heic,media\posts\202601\17895322605245458.heic,media\posts\202601,4
file,17896773681389174.srt,.srt,media\posts\202601\17896773681389174.srt,media\posts\202601,4
file,17897203380381897.heic,.heic,media\posts\202601\17897203380381897.heic,media\posts\202601,4
file,17900449248202980.heic,.heic,media\posts\202601\17900449248202980.heic,media\posts\202601,4
file,17913682845268119.heic,.heic,media\posts\202601\17913682845268119.heic,media\posts\202601,4
file,17923090440069806.jpg,.jpg,media\posts\202601\17923090440069806.jpg,media\posts\202601,4
file,17929968615037159.heic,.heic,media\posts\202601\17929968615037159.heic,media\posts\202601,4
file,17932768146149784.jpg,.jpg,media\posts\202601\17932768146149784.jpg,media\posts\202601,4
file,17937938292114379.mp4,.mp4,media\posts\202601\17937938292114379.mp4,media\posts\202601,4
file,17938726074149308.jpg,.jpg,media\posts\202601\17938726074149308.jpg,media\posts\202601,4
file,17953587681062585.jpg,.jpg,media\posts\202601\17953587681062585.jpg,media\posts\202601,4
file,17954438709047167.jpg,.jpg,media\posts\202601\17954438709047167.jpg,media\posts\202601,4
file,17962360236001428.jpg,.jpg,media\posts\202601\17962360236001428.jpg,media\posts\202601,4
file,17973721919979075.jpg,.jpg,media\posts\202601\17973721919979075.jpg,media\posts\202601,4
file,17978372432936484.jpg,.jpg,media\posts\202601\17978372432936484.jpg,media\posts\202601,4
file,17979251876959924.jpg,.jpg,media\posts\202601\17979251876959924.jpg,media\posts\202601,4
file,17981422364789660.jpg,.jpg,media\posts\202601\17981422364789660.jpg,media\posts\202601,4
file,17992295000864508.jpg,.jpg,media\posts\202601\17992295000864508.jpg,media\posts\202601,4
file,17993260181865125.jpg,.jpg,media\posts\202601\17993260181865125.jpg,media\posts\202601,4
file,17993345093872562.jpg,.jpg,media\posts\202601\17993345093872562.jpg,media\posts\202601,4
file,17994024800736925.jpg,.jpg,media\posts\202601\17994024800736925.jpg,media\posts\202601,4
file,17995109540734494.heic,.heic,media\posts\202601\17995109540734494.heic,media\posts\202601,4
file,17995544876879941.jpg,.jpg,media\posts\202601\17995544876879941.jpg,media\posts\202601,4
file,17996203562860175.heic,.heic,media\posts\202601\17996203562860175.heic,media\posts\202601,4
file,18002379068846084.jpg,.jpg,media\posts\202601\18002379068846084.jpg,media\posts\202601,4
file,18012603026810323.jpg,.jpg,media\posts\202601\18012603026810323.jpg,media\posts\202601,4
file,18029793203592206.srt,.srt,media\posts\202601\18029793203592206.srt,media\posts\202601,4
file,18032519687685082.jpg,.jpg,media\posts\202601\18032519687685082.jpg,media\posts\202601,4
file,18038822057747846.jpg,.jpg,media\posts\202601\18038822057747846.jpg,media\posts\202601,4
file,18039320519722486.jpg,.jpg,media\posts\202601\18039320519722486.jpg,media\posts\202601,4
file,18050657309466321.jpg,.jpg,media\posts\202601\18050657309466321.jpg,media\posts\202601,4
file,18051026492453733.srt,.srt,media\posts\202601\18051026492453733.srt,media\posts\202601,4
file,18053577875679417.srt,.srt,media\posts\202601\18053577875679417.srt,media\posts\202601,4
file,18053849459382792.jpg,.jpg,media\posts\202601\18053849459382792.jpg,media\posts\202601,4
file,18054522395400770.heic,.heic,media\posts\202601\18054522395400770.heic,media\posts\202601,4
file,18056112665352510.heic,.heic,media\posts\202601\18056112665352510.heic,media\posts\202601,4
file,18065887658233070.heic,.heic,media\posts\202601\18065887658233070.heic,media\posts\202601,4
file,18067414568540144.jpg,.jpg,media\posts\202601\18067414568540144.jpg,media\posts\202601,4
file,18067696367533127.jpg,.jpg,media\posts\202601\18067696367533127.jpg,media\posts\202601,4
file,18068144237405766.jpg,.jpg,media\posts\202601\18068144237405766.jpg,media\posts\202601,4
file,18068218058168915.jpg,.jpg,media\posts\202601\18068218058168915.jpg,media\posts\202601,4
file,18068948693608831.heic,.heic,media\posts\202601\18068948693608831.heic,media\posts\202601,4
file,18073508369529870.heic,.heic,media\posts\202601\18073508369529870.heic,media\posts\202601,4
file,18073595717576154.jpg,.jpg,media\posts\202601\18073595717576154.jpg,media\posts\202601,4
file,18076346513593714.jpg,.jpg,media\posts\202601\18076346513593714.jpg,media\posts\202601,4
file,18077865767205912.heic,.heic,media\posts\202601\18077865767205912.heic,media\posts\202601,4
file,18078492419260917.jpg,.jpg,media\posts\202601\18078492419260917.jpg,media\posts\202601,4
file,18079207871262867.jpg,.jpg,media\posts\202601\18079207871262867.jpg,media\posts\202601,4
file,18079353356338234.jpg,.jpg,media\posts\202601\18079353356338234.jpg,media\posts\202601,4
file,18082370551966055.jpg,.jpg,media\posts\202601\18082370551966055.jpg,media\posts\202601,4
file,18083382616908248.jpg,.jpg,media\posts\202601\18083382616908248.jpg,media\posts\202601,4
file,18084310484162405.jpg,.jpg,media\posts\202601\18084310484162405.jpg,media\posts\202601,4
file,18086927150514059.jpg,.jpg,media\posts\202601\18086927150514059.jpg,media\posts\202601,4
file,18089563655088961.heic,.heic,media\posts\202601\18089563655088961.heic,media\posts\202601,4
file,18089825578828227.jpg,.jpg,media\posts\202601\18089825578828227.jpg,media\posts\202601,4
file,18090404371998817.heic,.heic,media\posts\202601\18090404371998817.heic,media\posts\202601,4
file,18090559258959797.jpg,.jpg,media\posts\202601\18090559258959797.jpg,media\posts\202601,4
file,18090677609070885.heic,.heic,media\posts\202601\18090677609070885.heic,media\posts\202601,4
file,18091635496808085.jpg,.jpg,media\posts\202601\18091635496808085.jpg,media\posts\202601,4
file,18092041417974075.jpg,.jpg,media\posts\202601\18092041417974075.jpg,media\posts\202601,4
file,18092240744302186.jpg,.jpg,media\posts\202601\18092240744302186.jpg,media\posts\202601,4
file,18092467508481779.mp4,.mp4,media\posts\202601\18092467508481779.mp4,media\posts\202601,4
file,18093279218510546.jpg,.jpg,media\posts\202601\18093279218510546.jpg,media\posts\202601,4
file,18094758530505119.jpg,.jpg,media\posts\202601\18094758530505119.jpg,media\posts\202601,4
file,18095175718748969.jpg,.jpg,media\posts\202601\18095175718748969.jpg,media\posts\202601,4
file,18095515751508539.heic,.heic,media\posts\202601\18095515751508539.heic,media\posts\202601,4
file,18096168770307151.jpg,.jpg,media\posts\202601\18096168770307151.jpg,media\posts\202601,4
file,18097136623937325.heic,.heic,media\posts\202601\18097136623937325.heic,media\posts\202601,4
file,18098554741683548.jpg,.jpg,media\posts\202601\18098554741683548.jpg,media\posts\202601,4
file,18100766563913547.heic,.heic,media\posts\202601\18100766563913547.heic,media\posts\202601,4
file,18101121826829579.heic,.heic,media\posts\202601\18101121826829579.heic,media\posts\202601,4
file,18102156592695587.jpg,.jpg,media\posts\202601\18102156592695587.jpg,media\posts\202601,4
file,18102189649891607.jpg,.jpg,media\posts\202601\18102189649891607.jpg,media\posts\202601,4
file,18104568982691387.heic,.heic,media\posts\202601\18104568982691387.heic,media\posts\202601,4
file,18106316164606397.heic,.heic,media\posts\202601\18106316164606397.heic,media\posts\202601,4
file,18107590846646832.jpg,.jpg,media\posts\202601\18107590846646832.jpg,media\posts\202601,4
file,18107870647679928.jpg,.jpg,media\posts\202601\18107870647679928.jpg,media\posts\202601,4
file,18109073470654700.jpg,.jpg,media\posts\202601\18109073470654700.jpg,media\posts\202601,4
file,18109811077642117.jpg,.jpg,media\posts\202601\18109811077642117.jpg,media\posts\202601,4
file,18113489473537655.jpg,.jpg,media\posts\202601\18113489473537655.jpg,media\posts\202601,4
file,18116743465588975.jpg,.jpg,media\posts\202601\18116743465588975.jpg,media\posts\202601,4
file,18117823219606355.jpg,.jpg,media\posts\202601\18117823219606355.jpg,media\posts\202601,4
file,18125474326539314.jpg,.jpg,media\posts\202601\18125474326539314.jpg,media\posts\202601,4
file,18128047006460741.jpg,.jpg,media\posts\202601\18128047006460741.jpg,media\posts\202601,4
file,18130713964458812.jpg,.jpg,media\posts\202601\18130713964458812.jpg,media\posts\202601,4
file,18131302123454645.mp4,.mp4,media\posts\202601\18131302123454645.mp4,media\posts\202601,4
file,18134933503495343.jpg,.jpg,media\posts\202601\18134933503495343.jpg,media\posts\202601,4
file,18138160774487259.heic,.heic,media\posts\202601\18138160774487259.heic,media\posts\202601,4
file,18150200845435017.heic,.heic,media\posts\202601\18150200845435017.heic,media\posts\202601,4
file,18169775698387804.jpg,.jpg,media\posts\202601\18169775698387804.jpg,media\posts\202601,4
file,18180875734364933.jpg,.jpg,media\posts\202601\18180875734364933.jpg,media\posts\202601,4
file,18187342651359018.mp4,.mp4,media\posts\202601\18187342651359018.mp4,media\posts\202601,4
file,18206001019319171.heic,.heic,media\posts\202601\18206001019319171.heic,media\posts\202601,4
file,18251931958288397.heic,.heic,media\posts\202601\18251931958288397.heic,media\posts\202601,4
file,18276981541304661.jpg,.jpg,media\posts\202601\18276981541304661.jpg,media\posts\202601,4
file,18309083422254656.jpg,.jpg,media\posts\202601\18309083422254656.jpg,media\posts\202601,4
file,18318454372301383.heic,.heic,media\posts\202601\18318454372301383.heic,media\posts\202601,4
file,18388433389181389.jpg,.jpg,media\posts\202601\18388433389181389.jpg,media\posts\202601,4
file,18388899997199637.jpg,.jpg,media\posts\202601\18388899997199637.jpg,media\posts\202601,4
file,18390467944147407.heic,.heic,media\posts\202601\18390467944147407.heic,media\posts\202601,4
file,18402199642127464.jpg,.jpg,media\posts\202601\18402199642127464.jpg,media\posts\202601,4
file,18418568470142579.jpg,.jpg,media\posts\202601\18418568470142579.jpg,media\posts\202601,4
file,18443944075097458.jpg,.jpg,media\posts\202601\18443944075097458.jpg,media\posts\202601,4
file,18449094847099890.jpg,.jpg,media\posts\202601\18449094847099890.jpg,media\posts\202601,4
file,18550230193012592.jpg,.jpg,media\posts\202601\18550230193012592.jpg,media\posts\202601,4
file,18550753234054235.jpg,.jpg,media\posts\202601\18550753234054235.jpg,media\posts\202601,4
file,18554620711031449.heic,.heic,media\posts\202601\18554620711031449.heic,media\posts\202601,4
file,18556044445004760.heic,.heic,media\posts\202601\18556044445004760.heic,media\posts\202601,4
directory,202602,,media\posts\202602,media\posts,3
file,17842926309690235.jpg,.jpg,media\posts\202602\17842926309690235.jpg,media\posts\202602,4
file,17856272604564812.jpg,.jpg,media\posts\202602\17856272604564812.jpg,media\posts\202602,4
file,17857072902617681.jpg,.jpg,media\posts\202602\17857072902617681.jpg,media\posts\202602,4
file,17858563098547893.heic,.heic,media\posts\202602\17858563098547893.heic,media\posts\202602,4
file,17859093135554678.mp4,.mp4,media\posts\202602\17859093135554678.mp4,media\posts\202602,4
file,17862094896523355.jpg,.jpg,media\posts\202602\17862094896523355.jpg,media\posts\202602,4
file,17875515264518521.jpg,.jpg,media\posts\202602\17875515264518521.jpg,media\posts\202602,4
file,17875582653498072.jpg,.jpg,media\posts\202602\17875582653498072.jpg,media\posts\202602,4
file,17875798143414074.jpg,.jpg,media\posts\202602\17875798143414074.jpg,media\posts\202602,4
file,17876748093503452.jpg,.jpg,media\posts\202602\17876748093503452.jpg,media\posts\202602,4
file,17883208617355435.jpg,.jpg,media\posts\202602\17883208617355435.jpg,media\posts\202602,4
file,17900043288222015.jpg,.jpg,media\posts\202602\17900043288222015.jpg,media\posts\202602,4
file,17909298897163333.jpg,.jpg,media\posts\202602\17909298897163333.jpg,media\posts\202602,4
file,17911684605297932.jpg,.jpg,media\posts\202602\17911684605297932.jpg,media\posts\202602,4
file,17921138520090771.heic,.heic,media\posts\202602\17921138520090771.heic,media\posts\202602,4
file,17923017618241643.heic,.heic,media\posts\202602\17923017618241643.heic,media\posts\202602,4
file,17928136005207846.jpg,.jpg,media\posts\202602\17928136005207846.jpg,media\posts\202602,4
file,17933455845176176.jpg,.jpg,media\posts\202602\17933455845176176.jpg,media\posts\202602,4
file,17934543666179351.jpg,.jpg,media\posts\202602\17934543666179351.jpg,media\posts\202602,4
file,17936269386173334.jpg,.jpg,media\posts\202602\17936269386173334.jpg,media\posts\202602,4
file,17943181034985211.mp4,.mp4,media\posts\202602\17943181034985211.mp4,media\posts\202602,4
file,17947006026108033.jpg,.jpg,media\posts\202602\17947006026108033.jpg,media\posts\202602,4
file,17953307636938630.heic,.heic,media\posts\202602\17953307636938630.heic,media\posts\202602,4
file,17953734044934566.heic,.heic,media\posts\202602\17953734044934566.heic,media\posts\202602,4
file,17955245355064684.heic,.heic,media\posts\202602\17955245355064684.heic,media\posts\202602,4
file,17958114443922912.jpg,.jpg,media\posts\202602\17958114443922912.jpg,media\posts\202602,4
file,17972169438004694.jpg,.jpg,media\posts\202602\17972169438004694.jpg,media\posts\202602,4
file,17973458475002264.jpg,.jpg,media\posts\202602\17973458475002264.jpg,media\posts\202602,4
file,17973519398844163.jpg,.jpg,media\posts\202602\17973519398844163.jpg,media\posts\202602,4
file,17976676625973445.jpg,.jpg,media\posts\202602\17976676625973445.jpg,media\posts\202602,4
file,17979249293976499.jpg,.jpg,media\posts\202602\17979249293976499.jpg,media\posts\202602,4
file,17984327255790962.srt,.srt,media\posts\202602\17984327255790962.srt,media\posts\202602,4
file,17986052960782912.srt,.srt,media\posts\202602\17986052960782912.srt,media\posts\202602,4
file,17988671924776511.jpg,.jpg,media\posts\202602\17988671924776511.jpg,media\posts\202602,4
file,17989674527928643.jpg,.jpg,media\posts\202602\17989674527928643.jpg,media\posts\202602,4
file,17992883834860480.heic,.heic,media\posts\202602\17992883834860480.heic,media\posts\202602,4
file,17994673571912226.jpg,.jpg,media\posts\202602\17994673571912226.jpg,media\posts\202602,4
file,17998539551855251.jpg,.jpg,media\posts\202602\17998539551855251.jpg,media\posts\202602,4
file,18003129824847936.jpg,.jpg,media\posts\202602\18003129824847936.jpg,media\posts\202602,4
file,18015954677815827.jpg,.jpg,media\posts\202602\18015954677815827.jpg,media\posts\202602,4
file,18019923518815776.jpg,.jpg,media\posts\202602\18019923518815776.jpg,media\posts\202602,4
file,18025243706612178.jpg,.jpg,media\posts\202602\18025243706612178.jpg,media\posts\202602,4
file,18028853351607137.jpg,.jpg,media\posts\202602\18028853351607137.jpg,media\posts\202602,4
file,18031054622589885.heic,.heic,media\posts\202602\18031054622589885.heic,media\posts\202602,4
file,18032650592589579.jpg,.jpg,media\posts\202602\18032650592589579.jpg,media\posts\202602,4
file,18032814458771764.jpg,.jpg,media\posts\202602\18032814458771764.jpg,media\posts\202602,4
file,18033011381775890.heic,.heic,media\posts\202602\18033011381775890.heic,media\posts\202602,4
file,18038147543770577.jpg,.jpg,media\posts\202602\18038147543770577.jpg,media\posts\202602,4
file,18038235080780193.jpg,.jpg,media\posts\202602\18038235080780193.jpg,media\posts\202602,4
file,18040774868740000.jpg,.jpg,media\posts\202602\18040774868740000.jpg,media\posts\202602,4
file,18041645780730001.jpg,.jpg,media\posts\202602\18041645780730001.jpg,media\posts\202602,4
file,18048541151711196.jpg,.jpg,media\posts\202602\18048541151711196.jpg,media\posts\202602,4
file,18051002036493410.jpg,.jpg,media\posts\202602\18051002036493410.jpg,media\posts\202602,4
file,18053097650687629.mp4,.mp4,media\posts\202602\18053097650687629.mp4,media\posts\202602,4
file,18056583311437256.mp4,.mp4,media\posts\202602\18056583311437256.mp4,media\posts\202602,4
file,18059224094668268.jpg,.jpg,media\posts\202602\18059224094668268.jpg,media\posts\202602,4
file,18059761928669650.jpg,.jpg,media\posts\202602\18059761928669650.jpg,media\posts\202602,4
file,18063781832322643.jpg,.jpg,media\posts\202602\18063781832322643.jpg,media\posts\202602,4
file,18063906191640959.jpg,.jpg,media\posts\202602\18063906191640959.jpg,media\posts\202602,4
file,18065294516269822.jpg,.jpg,media\posts\202602\18065294516269822.jpg,media\posts\202602,4
file,18066385394265835.heic,.heic,media\posts\202602\18066385394265835.heic,media\posts\202602,4
file,18068042603246928.mp4,.mp4,media\posts\202602\18068042603246928.mp4,media\posts\202602,4
file,18069380765201135.jpg,.jpg,media\posts\202602\18069380765201135.jpg,media\posts\202602,4
file,18071220029571805.srt,.srt,media\posts\202602\18071220029571805.srt,media\posts\202602,4
file,18071632946449623.heic,.heic,media\posts\202602\18071632946449623.heic,media\posts\202602,4
file,18071766107393662.jpg,.jpg,media\posts\202602\18071766107393662.jpg,media\posts\202602,4
file,18073192493153310.heic,.heic,media\posts\202602\18073192493153310.heic,media\posts\202602,4
file,18073351994619855.jpg,.jpg,media\posts\202602\18073351994619855.jpg,media\posts\202602,4
file,18080292200048522.mp4,.mp4,media\posts\202602\18080292200048522.mp4,media\posts\202602,4
file,18081191627209641.jpg,.jpg,media\posts\202602\18081191627209641.jpg,media\posts\202602,4
file,18081659650998190.heic,.heic,media\posts\202602\18081659650998190.heic,media\posts\202602,4
file,18082149755247680.jpg,.jpg,media\posts\202602\18082149755247680.jpg,media\posts\202602,4
file,18082997465245002.jpg,.jpg,media\posts\202602\18082997465245002.jpg,media\posts\202602,4
file,18084328402959018.heic,.heic,media\posts\202602\18084328402959018.heic,media\posts\202602,4
file,18085146619917650.heic,.heic,media\posts\202602\18085146619917650.heic,media\posts\202602,4
file,18085741168924310.heic,.heic,media\posts\202602\18085741168924310.heic,media\posts\202602,4
file,18087057794167593.jpg,.jpg,media\posts\202602\18087057794167593.jpg,media\posts\202602,4
file,18088210658325057.jpg,.jpg,media\posts\202602\18088210658325057.jpg,media\posts\202602,4
file,18088818167034381.heic,.heic,media\posts\202602\18088818167034381.heic,media\posts\202602,4
file,18089364674111247.mp4,.mp4,media\posts\202602\18089364674111247.mp4,media\posts\202602,4
file,18090412535026311.srt,.srt,media\posts\202602\18090412535026311.srt,media\posts\202602,4
file,18090898436172696.srt,.srt,media\posts\202602\18090898436172696.srt,media\posts\202602,4
file,18091774840844720.mp4,.mp4,media\posts\202602\18091774840844720.mp4,media\posts\202602,4
file,18092374741819700.heic,.heic,media\posts\202602\18092374741819700.heic,media\posts\202602,4
file,18092973551051042.jpg,.jpg,media\posts\202602\18092973551051042.jpg,media\posts\202602,4
file,18093071708515131.jpg,.jpg,media\posts\202602\18093071708515131.jpg,media\posts\202602,4
file,18093490682043995.jpg,.jpg,media\posts\202602\18093490682043995.jpg,media\posts\202602,4
file,18093536545995562.jpg,.jpg,media\posts\202602\18093536545995562.jpg,media\posts\202602,4
file,18094803965009322.mp4,.mp4,media\posts\202602\18094803965009322.mp4,media\posts\202602,4
file,18095096389802771.mp4,.mp4,media\posts\202602\18095096389802771.mp4,media\posts\202602,4
file,18095296249980451.jpg,.jpg,media\posts\202602\18095296249980451.jpg,media\posts\202602,4
file,18097947907731349.jpg,.jpg,media\posts\202602\18097947907731349.jpg,media\posts\202602,4
file,18098418613909759.heic,.heic,media\posts\202602\18098418613909759.heic,media\posts\202602,4
file,18098460764510315.jpg,.jpg,media\posts\202602\18098460764510315.jpg,media\posts\202602,4
file,18098534044910409.heic,.heic,media\posts\202602\18098534044910409.heic,media\posts\202602,4
file,18099260500930148.jpg,.jpg,media\posts\202602\18099260500930148.jpg,media\posts\202602,4
file,18102413059698360.jpg,.jpg,media\posts\202602\18102413059698360.jpg,media\posts\202602,4
file,18106454263836733.srt,.srt,media\posts\202602\18106454263836733.srt,media\posts\202602,4
file,18107172094699155.jpg,.jpg,media\posts\202602\18107172094699155.jpg,media\posts\202602,4
file,18108060496689896.jpg,.jpg,media\posts\202602\18108060496689896.jpg,media\posts\202602,4
file,18108167188759306.jpg,.jpg,media\posts\202602\18108167188759306.jpg,media\posts\202602,4
file,18108436945624236.srt,.srt,media\posts\202602\18108436945624236.srt,media\posts\202602,4
file,18110351557635675.heic,.heic,media\posts\202602\18110351557635675.heic,media\posts\202602,4
file,18112263274632336.heic,.heic,media\posts\202602\18112263274632336.heic,media\posts\202602,4
file,18113070997646303.jpg,.jpg,media\posts\202602\18113070997646303.jpg,media\posts\202602,4
file,18113366977653536.mp4,.mp4,media\posts\202602\18113366977653536.mp4,media\posts\202602,4
file,18114042346635126.srt,.srt,media\posts\202602\18114042346635126.srt,media\posts\202602,4
file,18115248034559331.jpg,.jpg,media\posts\202602\18115248034559331.jpg,media\posts\202602,4
file,18115997368619178.jpg,.jpg,media\posts\202602\18115997368619178.jpg,media\posts\202602,4
file,18116465476723055.jpg,.jpg,media\posts\202602\18116465476723055.jpg,media\posts\202602,4
file,18119000770608987.jpg,.jpg,media\posts\202602\18119000770608987.jpg,media\posts\202602,4
file,18119205862581912.heic,.heic,media\posts\202602\18119205862581912.heic,media\posts\202602,4
file,18119412298523963.heic,.heic,media\posts\202602\18119412298523963.heic,media\posts\202602,4
file,18120093742605875.heic,.heic,media\posts\202602\18120093742605875.heic,media\posts\202602,4
file,18120699760590658.jpg,.jpg,media\posts\202602\18120699760590658.jpg,media\posts\202602,4
file,18124831522483778.jpg,.jpg,media\posts\202602\18124831522483778.jpg,media\posts\202602,4
file,18125123962489956.mp4,.mp4,media\posts\202602\18125123962489956.mp4,media\posts\202602,4
file,18126803824481420.jpg,.jpg,media\posts\202602\18126803824481420.jpg,media\posts\202602,4
file,18132664552517980.jpg,.jpg,media\posts\202602\18132664552517980.jpg,media\posts\202602,4
file,18133154743513619.heic,.heic,media\posts\202602\18133154743513619.heic,media\posts\202602,4
file,18141864406466618.mp4,.mp4,media\posts\202602\18141864406466618.mp4,media\posts\202602,4
file,18142640803479701.jpg,.jpg,media\posts\202602\18142640803479701.jpg,media\posts\202602,4
file,18154953127432799.jpg,.jpg,media\posts\202602\18154953127432799.jpg,media\posts\202602,4
file,18159154372421024.heic,.heic,media\posts\202602\18159154372421024.heic,media\posts\202602,4
file,18159954448416406.heic,.heic,media\posts\202602\18159954448416406.heic,media\posts\202602,4
file,18160419118422038.jpg,.jpg,media\posts\202602\18160419118422038.jpg,media\posts\202602,4
file,18171195949383942.mp4,.mp4,media\posts\202602\18171195949383942.mp4,media\posts\202602,4
file,18171678499380952.jpg,.jpg,media\posts\202602\18171678499380952.jpg,media\posts\202602,4
file,18174063598377546.mp4,.mp4,media\posts\202602\18174063598377546.mp4,media\posts\202602,4
file,18184628491367775.jpg,.jpg,media\posts\202602\18184628491367775.jpg,media\posts\202602,4
file,18188607673309979.jpg,.jpg,media\posts\202602\18188607673309979.jpg,media\posts\202602,4
file,18189690979352653.heic,.heic,media\posts\202602\18189690979352653.heic,media\posts\202602,4
file,18192946624345382.heic,.heic,media\posts\202602\18192946624345382.heic,media\posts\202602,4
file,18195322045340765.srt,.srt,media\posts\202602\18195322045340765.srt,media\posts\202602,4
file,18206347102326167.heic,.heic,media\posts\202602\18206347102326167.heic,media\posts\202602,4
file,18207063691321399.heic,.heic,media\posts\202602\18207063691321399.heic,media\posts\202602,4
file,18300762604272570.heic,.heic,media\posts\202602\18300762604272570.heic,media\posts\202602,4
file,18313492540249175.jpg,.jpg,media\posts\202602\18313492540249175.jpg,media\posts\202602,4
file,18321456817301692.jpg,.jpg,media\posts\202602\18321456817301692.jpg,media\posts\202602,4
file,18342617260242557.jpg,.jpg,media\posts\202602\18342617260242557.jpg,media\posts\202602,4
file,18361145575207568.jpg,.jpg,media\posts\202602\18361145575207568.jpg,media\posts\202602,4
file,18379831207095817.jpg,.jpg,media\posts\202602\18379831207095817.jpg,media\posts\202602,4
file,18380212810091128.srt,.srt,media\posts\202602\18380212810091128.srt,media\posts\202602,4
file,18404301970135228.jpg,.jpg,media\posts\202602\18404301970135228.jpg,media\posts\202602,4
file,18449318266105100.jpg,.jpg,media\posts\202602\18449318266105100.jpg,media\posts\202602,4
file,18550556371004841.jpg,.jpg,media\posts\202602\18550556371004841.jpg,media\posts\202602,4
file,18556617556027012.jpg,.jpg,media\posts\202602\18556617556027012.jpg,media\posts\202602,4
file,18561823513043464.heic,.heic,media\posts\202602\18561823513043464.heic,media\posts\202602,4
file,18563830912010593.jpg,.jpg,media\posts\202602\18563830912010593.jpg,media\posts\202602,4
file,18564201520027812.jpg,.jpg,media\posts\202602\18564201520027812.jpg,media\posts\202602,4
directory,202603,,media\posts\202603,media\posts,3
file,17844142494694120.jpg,.jpg,media\posts\202603\17844142494694120.jpg,media\posts\202603,4
file,17846227365679014.jpg,.jpg,media\posts\202603\17846227365679014.jpg,media\posts\202603,4
file,17855006811688108.heic,.heic,media\posts\202603\17855006811688108.heic,media\posts\202603,4
file,17855622195623512.jpg,.jpg,media\posts\202603\17855622195623512.jpg,media\posts\202603,4
file,17858273493625959.heic,.heic,media\posts\202603\17858273493625959.heic,media\posts\202603,4
file,17859372261572905.heic,.heic,media\posts\202603\17859372261572905.heic,media\posts\202603,4
file,17862928344553982.heic,.heic,media\posts\202603\17862928344553982.heic,media\posts\202603,4
file,17863450935599531.heic,.heic,media\posts\202603\17863450935599531.heic,media\posts\202603,4
file,17863836750533734.heic,.heic,media\posts\202603\17863836750533734.heic,media\posts\202603,4
file,17865621957608791.jpg,.jpg,media\posts\202603\17865621957608791.jpg,media\posts\202603,4
file,17866956927590126.jpg,.jpg,media\posts\202603\17866956927590126.jpg,media\posts\202603,4
file,17868762399488309.heic,.heic,media\posts\202603\17868762399488309.heic,media\posts\202603,4
file,17870212440596897.jpg,.jpg,media\posts\202603\17870212440596897.jpg,media\posts\202603,4
file,17874084696551336.heic,.heic,media\posts\202603\17874084696551336.heic,media\posts\202603,4
file,17878401813515558.heic,.heic,media\posts\202603\17878401813515558.heic,media\posts\202603,4
file,17878517061507281.jpg,.jpg,media\posts\202603\17878517061507281.jpg,media\posts\202603,4
file,17881863492498898.jpg,.jpg,media\posts\202603\17881863492498898.jpg,media\posts\202603,4
file,17882092449372531.heic,.heic,media\posts\202603\17882092449372531.heic,media\posts\202603,4
file,17882105898377288.heic,.heic,media\posts\202603\17882105898377288.heic,media\posts\202603,4
file,17882225703508010.heic,.heic,media\posts\202603\17882225703508010.heic,media\posts\202603,4
file,17882763294496401.heic,.heic,media\posts\202603\17882763294496401.heic,media\posts\202603,4
file,17888356281445149.mp4,.mp4,media\posts\202603\17888356281445149.mp4,media\posts\202603,4
file,17890221015331408.heic,.heic,media\posts\202603\17890221015331408.heic,media\posts\202603,4
file,17890537485445611.heic,.heic,media\posts\202603\17890537485445611.heic,media\posts\202603,4
file,17891085309442271.heic,.heic,media\posts\202603\17891085309442271.heic,media\posts\202603,4
file,17895907839413284.heic,.heic,media\posts\202603\17895907839413284.heic,media\posts\202603,4
file,17898001734263978.jpg,.jpg,media\posts\202603\17898001734263978.jpg,media\posts\202603,4
file,17901483084383403.heic,.heic,media\posts\202603\17901483084383403.heic,media\posts\202603,4
file,17903779692384328.heic,.heic,media\posts\202603\17903779692384328.heic,media\posts\202603,4
file,17904434496221483.jpg,.jpg,media\posts\202603\17904434496221483.jpg,media\posts\202603,4
file,17914513344147769.heic,.heic,media\posts\202603\17914513344147769.heic,media\posts\202603,4
file,17915946861144743.jpg,.jpg,media\posts\202603\17915946861144743.jpg,media\posts\202603,4
file,17917556328333589.jpg,.jpg,media\posts\202603\17917556328333589.jpg,media\posts\202603,4
file,17917582623127837.mp4,.mp4,media\posts\202603\17917582623127837.mp4,media\posts\202603,4
file,17918021016122125.heic,.heic,media\posts\202603\17918021016122125.heic,media\posts\202603,4
file,17920985010295497.jpg,.jpg,media\posts\202603\17920985010295497.jpg,media\posts\202603,4
file,17921893971278760.heic,.heic,media\posts\202603\17921893971278760.heic,media\posts\202603,4
file,17922821769270284.jpg,.jpg,media\posts\202603\17922821769270284.jpg,media\posts\202603,4
file,17926847118249547.heic,.heic,media\posts\202603\17926847118249547.heic,media\posts\202603,4
file,17930381127223619.heic,.heic,media\posts\202603\17930381127223619.heic,media\posts\202603,4
file,17931260712211283.heic,.heic,media\posts\202603\17931260712211283.heic,media\posts\202603,4
file,17934529128191352.mp4,.mp4,media\posts\202603\17934529128191352.mp4,media\posts\202603,4
file,17937212259196420.heic,.heic,media\posts\202603\17937212259196420.heic,media\posts\202603,4
file,17938785861172842.jpg,.jpg,media\posts\202603\17938785861172842.jpg,media\posts\202603,4
file,17939095329013957.heic,.heic,media\posts\202603\17939095329013957.heic,media\posts\202603,4
file,17939146635171689.heic,.heic,media\posts\202603\17939146635171689.heic,media\posts\202603,4
file,17940120801158953.heic,.heic,media\posts\202603\17940120801158953.heic,media\posts\202603,4
file,17942162604170520.heic,.heic,media\posts\202603\17942162604170520.heic,media\posts\202603,4
file,17945183081984105.jpg,.jpg,media\posts\202603\17945183081984105.jpg,media\posts\202603,4
file,17946533388137949.heic,.heic,media\posts\202603\17946533388137949.heic,media\posts\202603,4
file,17948895815963326.heic,.heic,media\posts\202603\17948895815963326.heic,media\posts\202603,4
file,17952825239949152.jpg,.jpg,media\posts\202603\17952825239949152.jpg,media\posts\202603,4
file,17953606692099597.heic,.heic,media\posts\202603\17953606692099597.heic,media\posts\202603,4
file,17956054749078598.jpg,.jpg,media\posts\202603\17956054749078598.jpg,media\posts\202603,4
file,17956366599088907.heic,.heic,media\posts\202603\17956366599088907.heic,media\posts\202603,4
file,17957454021075962.jpg,.jpg,media\posts\202603\17957454021075962.jpg,media\posts\202603,4
file,17961691437068534.srt,.srt,media\posts\202603\17961691437068534.srt,media\posts\202603,4
file,17962381167046746.heic,.heic,media\posts\202603\17962381167046746.heic,media\posts\202603,4
file,17964961193901650.jpg,.jpg,media\posts\202603\17964961193901650.jpg,media\posts\202603,4
file,17965153386021651.heic,.heic,media\posts\202603\17965153386021651.heic,media\posts\202603,4
file,17969850329877203.jpg,.jpg,media\posts\202603\17969850329877203.jpg,media\posts\202603,4
file,17976119519992658.jpg,.jpg,media\posts\202603\17976119519992658.jpg,media\posts\202603,4
file,17979316040825360.jpg,.jpg,media\posts\202603\17979316040825360.jpg,media\posts\202603,4
file,17979711303004978.heic,.heic,media\posts\202603\17979711303004978.heic,media\posts\202603,4
file,17984058971975211.heic,.heic,media\posts\202603\17984058971975211.heic,media\posts\202603,4
file,17984236316958333.jpg,.jpg,media\posts\202603\17984236316958333.jpg,media\posts\202603,4
file,17985919154959593.heic,.heic,media\posts\202603\17985919154959593.heic,media\posts\202603,4
file,17993548160763470.heic,.heic,media\posts\202603\17993548160763470.heic,media\posts\202603,4
file,17996050973866560.heic,.heic,media\posts\202603\17996050973866560.heic,media\posts\202603,4
file,17996089406876395.heic,.heic,media\posts\202603\17996089406876395.heic,media\posts\202603,4
file,18003930677899231.jpg,.jpg,media\posts\202603\18003930677899231.jpg,media\posts\202603,4
file,18004643120717973.heic,.heic,media\posts\202603\18004643120717973.heic,media\posts\202603,4
file,18005849696852162.jpg,.jpg,media\posts\202603\18005849696852162.jpg,media\posts\202603,4
file,18007792373893138.heic,.heic,media\posts\202603\18007792373893138.heic,media\posts\202603,4
file,18012976052684657.jpg,.jpg,media\posts\202603\18012976052684657.jpg,media\posts\202603,4
file,18016744322824501.heic,.heic,media\posts\202603\18016744322824501.heic,media\posts\202603,4
file,18023286146811414.jpg,.jpg,media\posts\202603\18023286146811414.jpg,media\posts\202603,4
file,18028717814799518.jpg,.jpg,media\posts\202603\18028717814799518.jpg,media\posts\202603,4
file,18033945395666312.heic,.heic,media\posts\202603\18033945395666312.heic,media\posts\202603,4
file,18035876999591633.heic,.heic,media\posts\202603\18035876999591633.heic,media\posts\202603,4
file,18042008195546969.jpg,.jpg,media\posts\202603\18042008195546969.jpg,media\posts\202603,4
file,18042131411749129.jpg,.jpg,media\posts\202603\18042131411749129.jpg,media\posts\202603,4
file,18049132022509860.heic,.heic,media\posts\202603\18049132022509860.heic,media\posts\202603,4
file,18051296312715996.heic,.heic,media\posts\202603\18051296312715996.heic,media\posts\202603,4
file,18052175717495287.jpg,.jpg,media\posts\202603\18052175717495287.jpg,media\posts\202603,4
file,18059684078410324.jpg,.jpg,media\posts\202603\18059684078410324.jpg,media\posts\202603,4
file,18060929900677985.jpg,.jpg,media\posts\202603\18060929900677985.jpg,media\posts\202603,4
file,18061057976683003.heic,.heic,media\posts\202603\18061057976683003.heic,media\posts\202603,4
file,18061356938479439.heic,.heic,media\posts\202603\18061356938479439.heic,media\posts\202603,4
file,18064344434423824.heic,.heic,media\posts\202603\18064344434423824.heic,media\posts\202603,4
file,18067687673656118.heic,.heic,media\posts\202603\18067687673656118.heic,media\posts\202603,4
file,18070745174645324.jpg,.jpg,media\posts\202603\18070745174645324.jpg,media\posts\202603,4
file,18073174040631529.jpg,.jpg,media\posts\202603\18073174040631529.jpg,media\posts\202603,4
file,18073702013539665.jpg,.jpg,media\posts\202603\18073702013539665.jpg,media\posts\202603,4
file,18074421296410671.heic,.heic,media\posts\202603\18074421296410671.heic,media\posts\202603,4
file,18074447993170333.heic,.heic,media\posts\202603\18074447993170333.heic,media\posts\202603,4
file,18076529024411781.heic,.heic,media\posts\202603\18076529024411781.heic,media\posts\202603,4
file,18076906076396157.jpg,.jpg,media\posts\202603\18076906076396157.jpg,media\posts\202603,4
file,18077050643414349.jpg,.jpg,media\posts\202603\18077050643414349.jpg,media\posts\202603,4
file,18077461490078179.heic,.heic,media\posts\202603\18077461490078179.heic,media\posts\202603,4
file,18078512033599447.heic,.heic,media\posts\202603\18078512033599447.heic,media\posts\202603,4
file,18078761486109550.jpg,.jpg,media\posts\202603\18078761486109550.jpg,media\posts\202603,4
file,18079382453456051.jpg,.jpg,media\posts\202603\18079382453456051.jpg,media\posts\202603,4
file,18079937474616178.mp4,.mp4,media\posts\202603\18079937474616178.mp4,media\posts\202603,4
file,18080185502565989.heic,.heic,media\posts\202603\18080185502565989.heic,media\posts\202603,4
file,18082296062613771.heic,.heic,media\posts\202603\18082296062613771.heic,media\posts\202603,4
file,18082672685614259.heic,.heic,media\posts\202603\18082672685614259.heic,media\posts\202603,4
file,18083460077458346.jpg,.jpg,media\posts\202603\18083460077458346.jpg,media\posts\202603,4
file,18083872454007522.heic,.heic,media\posts\202603\18083872454007522.heic,media\posts\202603,4
file,18084414461186261.heic,.heic,media\posts\202603\18084414461186261.heic,media\posts\202603,4
file,18084433568263975.heic,.heic,media\posts\202603\18084433568263975.heic,media\posts\202603,4
file,18084621986210938.heic,.heic,media\posts\202603\18084621986210938.heic,media\posts\202603,4
file,18084664889351904.heic,.heic,media\posts\202603\18084664889351904.heic,media\posts\202603,4
file,18085305680521675.jpg,.jpg,media\posts\202603\18085305680521675.jpg,media\posts\202603,4
file,18085731875016477.jpg,.jpg,media\posts\202603\18085731875016477.jpg,media\posts\202603,4
file,18086174402596412.heic,.heic,media\posts\202603\18086174402596412.heic,media\posts\202603,4
file,18087722072245145.jpg,.jpg,media\posts\202603\18087722072245145.jpg,media\posts\202603,4
file,18088794683182846.heic,.heic,media\posts\202603\18088794683182846.heic,media\posts\202603,4
file,18089204254909118.heic,.heic,media\posts\202603\18089204254909118.heic,media\posts\202603,4
file,18090481279934470.jpg,.jpg,media\posts\202603\18090481279934470.jpg,media\posts\202603,4
file,18090975553937796.jpg,.jpg,media\posts\202603\18090975553937796.jpg,media\posts\202603,4
file,18091617371155189.heic,.heic,media\posts\202603\18091617371155189.heic,media\posts\202603,4
file,18091851173122047.jpg,.jpg,media\posts\202603\18091851173122047.jpg,media\posts\202603,4
file,18092479445014839.srt,.srt,media\posts\202603\18092479445014839.srt,media\posts\202603,4
file,18092711837318493.heic,.heic,media\posts\202603\18092711837318493.heic,media\posts\202603,4
file,18093088057884946.jpg,.jpg,media\posts\202603\18093088057884946.jpg,media\posts\202603,4
file,18093393214845339.jpg,.jpg,media\posts\202603\18093393214845339.jpg,media\posts\202603,4
file,18093431897096197.jpg,.jpg,media\posts\202603\18093431897096197.jpg,media\posts\202603,4
file,18093938756091126.jpg,.jpg,media\posts\202603\18093938756091126.jpg,media\posts\202603,4
file,18094213553471294.heic,.heic,media\posts\202603\18094213553471294.heic,media\posts\202603,4
file,18094334327062689.heic,.heic,media\posts\202603\18094334327062689.heic,media\posts\202603,4
file,18094710203003186.srt,.srt,media\posts\202603\18094710203003186.srt,media\posts\202603,4
file,18095182462858910.heic,.heic,media\posts\202603\18095182462858910.heic,media\posts\202603,4
file,18095572244082368.heic,.heic,media\posts\202603\18095572244082368.heic,media\posts\202603,4
file,18095582374816045.heic,.heic,media\posts\202603\18095582374816045.heic,media\posts\202603,4
file,18096481346084996.heic,.heic,media\posts\202603\18096481346084996.heic,media\posts\202603,4
file,18096772942970788.heic,.heic,media\posts\202603\18096772942970788.heic,media\posts\202603,4
file,18097581757943267.heic,.heic,media\posts\202603\18097581757943267.heic,media\posts\202603,4
file,18098168669317998.jpg,.jpg,media\posts\202603\18098168669317998.jpg,media\posts\202603,4
file,18098568919814800.heic,.heic,media\posts\202603\18098568919814800.heic,media\posts\202603,4
file,18099494323960598.jpg,.jpg,media\posts\202603\18099494323960598.jpg,media\posts\202603,4
file,18099827399293922.srt,.srt,media\posts\202603\18099827399293922.srt,media\posts\202603,4
file,18100533079733709.srt,.srt,media\posts\202603\18100533079733709.srt,media\posts\202603,4
file,18100734796754800.heic,.heic,media\posts\202603\18100734796754800.heic,media\posts\202603,4
file,18101061859911270.heic,.heic,media\posts\202603\18101061859911270.heic,media\posts\202603,4
file,18101907101496456.heic,.heic,media\posts\202603\18101907101496456.heic,media\posts\202603,4
file,18103882451506788.mp4,.mp4,media\posts\202603\18103882451506788.mp4,media\posts\202603,4
file,18104918182851579.heic,.heic,media\posts\202603\18104918182851579.heic,media\posts\202603,4
file,18104974825859072.heic,.heic,media\posts\202603\18104974825859072.heic,media\posts\202603,4
file,18105027148661995.jpg,.jpg,media\posts\202603\18105027148661995.jpg,media\posts\202603,4
file,18107301247830807.heic,.heic,media\posts\202603\18107301247830807.heic,media\posts\202603,4
file,18107965984865193.heic,.heic,media\posts\202603\18107965984865193.heic,media\posts\202603,4
file,18108295738841737.heic,.heic,media\posts\202603\18108295738841737.heic,media\posts\202603,4
file,18109762633681905.mp4,.mp4,media\posts\202603\18109762633681905.mp4,media\posts\202603,4
file,18109915882694852.heic,.heic,media\posts\202603\18109915882694852.heic,media\posts\202603,4
file,18110292526838705.jpg,.jpg,media\posts\202603\18110292526838705.jpg,media\posts\202603,4
file,18111042979806425.srt,.srt,media\posts\202603\18111042979806425.srt,media\posts\202603,4
file,18111057772773021.heic,.heic,media\posts\202603\18111057772773021.heic,media\posts\202603,4
file,18111075670748646.heic,.heic,media\posts\202603\18111075670748646.heic,media\posts\202603,4
file,18111883084705204.heic,.heic,media\posts\202603\18111883084705204.heic,media\posts\202603,4
file,18112135165735512.srt,.srt,media\posts\202603\18112135165735512.srt,media\posts\202603,4
file,18112617589612481.jpg,.jpg,media\posts\202603\18112617589612481.jpg,media\posts\202603,4
file,18112658413606961.jpg,.jpg,media\posts\202603\18112658413606961.jpg,media\posts\202603,4
file,18112802842732062.heic,.heic,media\posts\202603\18112802842732062.heic,media\posts\202603,4
file,18113211469638344.heic,.heic,media\posts\202603\18113211469638344.heic,media\posts\202603,4
file,18114560311632160.heic,.heic,media\posts\202603\18114560311632160.heic,media\posts\202603,4
file,18118442866561394.jpg,.jpg,media\posts\202603\18118442866561394.jpg,media\posts\202603,4
file,18123858952586795.heic,.heic,media\posts\202603\18123858952586795.heic,media\posts\202603,4
file,18125482417560536.heic,.heic,media\posts\202603\18125482417560536.heic,media\posts\202603,4
file,18130828957534233.jpg,.jpg,media\posts\202603\18130828957534233.jpg,media\posts\202603,4
file,18133297477537765.jpg,.jpg,media\posts\202603\18133297477537765.jpg,media\posts\202603,4
file,18134965381513946.jpg,.jpg,media\posts\202603\18134965381513946.jpg,media\posts\202603,4
file,18135622567513879.jpg,.jpg,media\posts\202603\18135622567513879.jpg,media\posts\202603,4
file,18136347721458665.heic,.heic,media\posts\202603\18136347721458665.heic,media\posts\202603,4
file,18137550634509743.jpg,.jpg,media\posts\202603\18137550634509743.jpg,media\posts\202603,4
file,18146994994461762.heic,.heic,media\posts\202603\18146994994461762.heic,media\posts\202603,4
file,18153386020455918.jpg,.jpg,media\posts\202603\18153386020455918.jpg,media\posts\202603,4
file,18156292789440093.heic,.heic,media\posts\202603\18156292789440093.heic,media\posts\202603,4
file,18157663801451709.jpg,.jpg,media\posts\202603\18157663801451709.jpg,media\posts\202603,4
file,18157848949437320.heic,.heic,media\posts\202603\18157848949437320.heic,media\posts\202603,4
file,18159222349433754.jpg,.jpg,media\posts\202603\18159222349433754.jpg,media\posts\202603,4
file,18160542202420584.jpg,.jpg,media\posts\202603\18160542202420584.jpg,media\posts\202603,4
file,18182718244371828.heic,.heic,media\posts\202603\18182718244371828.heic,media\posts\202603,4
file,18186478915367372.heic,.heic,media\posts\202603\18186478915367372.heic,media\posts\202603,4
file,18189261358365309.jpg,.jpg,media\posts\202603\18189261358365309.jpg,media\posts\202603,4
file,18200084221356320.mp4,.mp4,media\posts\202603\18200084221356320.mp4,media\posts\202603,4
file,18224671801310706.jpg,.jpg,media\posts\202603\18224671801310706.jpg,media\posts\202603,4
file,18308167213285020.mp4,.mp4,media\posts\202603\18308167213285020.mp4,media\posts\202603,4
file,18308356177259384.heic,.heic,media\posts\202603\18308356177259384.heic,media\posts\202603,4
file,18329816794219157.jpg,.jpg,media\posts\202603\18329816794219157.jpg,media\posts\202603,4
file,18330295795222983.heic,.heic,media\posts\202603\18330295795222983.heic,media\posts\202603,4
file,18344844472210455.jpg,.jpg,media\posts\202603\18344844472210455.jpg,media\posts\202603,4
file,18354044008237788.jpg,.jpg,media\posts\202603\18354044008237788.jpg,media\posts\202603,4
file,18366317521207429.mp4,.mp4,media\posts\202603\18366317521207429.mp4,media\posts\202603,4
file,18367219936160986.mp4,.mp4,media\posts\202603\18367219936160986.mp4,media\posts\202603,4
file,18368371366164826.jpg,.jpg,media\posts\202603\18368371366164826.jpg,media\posts\202603,4
file,18415191799124420.jpg,.jpg,media\posts\202603\18415191799124420.jpg,media\posts\202603,4
file,18433169803137435.heic,.heic,media\posts\202603\18433169803137435.heic,media\posts\202603,4
file,18450383044106476.jpg,.jpg,media\posts\202603\18450383044106476.jpg,media\posts\202603,4
file,18450662464107151.heic,.heic,media\posts\202603\18450662464107151.heic,media\posts\202603,4
file,18454415035101858.jpg,.jpg,media\posts\202603\18454415035101858.jpg,media\posts\202603,4
file,18569384635001176.heic,.heic,media\posts\202603\18569384635001176.heic,media\posts\202603,4
file,18570011833050277.heic,.heic,media\posts\202603\18570011833050277.heic,media\posts\202603,4
file,18571600075009565.jpg,.jpg,media\posts\202603\18571600075009565.jpg,media\posts\202603,4
file,18574932961028174.heic,.heic,media\posts\202603\18574932961028174.heic,media\posts\202603,4
directory,202604,,media\posts\202604,media\posts,3
file,17853222051644339.heic,.heic,media\posts\202604\17853222051644339.heic,media\posts\202604,4
file,17858031993684948.heic,.heic,media\posts\202604\17858031993684948.heic,media\posts\202604,4
file,17859985875573898.heic,.heic,media\posts\202604\17859985875573898.heic,media\posts\202604,4
file,17883380118527997.heic,.heic,media\posts\202604\17883380118527997.heic,media\posts\202604,4
file,17891061960452262.heic,.heic,media\posts\202604\17891061960452262.heic,media\posts\202604,4
file,17919469386325842.heic,.heic,media\posts\202604\17919469386325842.heic,media\posts\202604,4
file,17928685116252180.heic,.heic,media\posts\202604\17928685116252180.heic,media\posts\202604,4
file,17986238078971070.heic,.heic,media\posts\202604\17986238078971070.heic,media\posts\202604,4
file,18020875544818868.heic,.heic,media\posts\202604\18020875544818868.heic,media\posts\202604,4
file,18042645803781814.heic,.heic,media\posts\202604\18042645803781814.heic,media\posts\202604,4
file,18072512519233560.jpg,.jpg,media\posts\202604\18072512519233560.jpg,media\posts\202604,4
file,18089022332607207.mp4,.mp4,media\posts\202604\18089022332607207.mp4,media\posts\202604,4
file,18093999239275046.heic,.heic,media\posts\202604\18093999239275046.heic,media\posts\202604,4
file,18094849838111080.jpg,.jpg,media\posts\202604\18094849838111080.jpg,media\posts\202604,4
file,18095997413021975.heic,.heic,media\posts\202604\18095997413021975.heic,media\posts\202604,4
file,18098109569052443.heic,.heic,media\posts\202604\18098109569052443.heic,media\posts\202604,4
file,18098768908806377.jpg,.jpg,media\posts\202604\18098768908806377.jpg,media\posts\202604,4
file,18099496138965148.heic,.heic,media\posts\202604\18099496138965148.heic,media\posts\202604,4
file,18101716682308013.jpg,.jpg,media\posts\202604\18101716682308013.jpg,media\posts\202604,4
file,18115252048732291.heic,.heic,media\posts\202604\18115252048732291.heic,media\posts\202604,4
file,18118046836630909.srt,.srt,media\posts\202604\18118046836630909.srt,media\posts\202604,4
file,18118181191726205.jpg,.jpg,media\posts\202604\18118181191726205.jpg,media\posts\202604,4
file,18120488950555002.jpg,.jpg,media\posts\202604\18120488950555002.jpg,media\posts\202604,4
file,18120759340623699.heic,.heic,media\posts\202604\18120759340623699.heic,media\posts\202604,4
file,18176938354386216.heic,.heic,media\posts\202604\18176938354386216.heic,media\posts\202604,4
file,18180289468382679.jpg,.jpg,media\posts\202604\18180289468382679.jpg,media\posts\202604,4
file,18335874562174855.mp4,.mp4,media\posts\202604\18335874562174855.mp4,media\posts\202604,4
file,18347544862210852.heic,.heic,media\posts\202604\18347544862210852.heic,media\posts\202604,4
file,18409095241176078.jpg,.jpg,media\posts\202604\18409095241176078.jpg,media\posts\202604,4
file,18523275964077855.jpg,.jpg,media\posts\202604\18523275964077855.jpg,media\posts\202604,4
file,18579313540056839.jpg,.jpg,media\posts\202604\18579313540056839.jpg,media\posts\202604,4
directory,recently_deleted,,media\recently_deleted,media,2
directory,202603,,media\recently_deleted\202603,media\recently_deleted,3
file,17844373743694033.heic,.heic,media\recently_deleted\202603\17844373743694033.heic,media\recently_deleted\202603,4
file,17859077424572734.jpg,.jpg,media\recently_deleted\202603\17859077424572734.jpg,media\recently_deleted\202603,4
file,17860422708654659.heic,.heic,media\recently_deleted\202603\17860422708654659.heic,media\recently_deleted\202603,4
file,17879729430538696.heic,.heic,media\recently_deleted\202603\17879729430538696.heic,media\recently_deleted\202603,4
file,17892448911307037.jpg,.jpg,media\recently_deleted\202603\17892448911307037.jpg,media\recently_deleted\202603,4
file,17916193158148116.jpg,.jpg,media\recently_deleted\202603\17916193158148116.jpg,media\recently_deleted\202603,4
file,17919552636307484.jpg,.jpg,media\recently_deleted\202603\17919552636307484.jpg,media\recently_deleted\202603,4
file,17920547856293520.jpg,.jpg,media\recently_deleted\202603\17920547856293520.jpg,media\recently_deleted\202603,4
file,17923298364268070.jpg,.jpg,media\recently_deleted\202603\17923298364268070.jpg,media\recently_deleted\202603,4
file,17943739781996660.jpg,.jpg,media\recently_deleted\202603\17943739781996660.jpg,media\recently_deleted\202603,4
file,17953899033106234.mp4,.mp4,media\recently_deleted\202603\17953899033106234.mp4,media\recently_deleted\202603,4
file,17956100667107234.jpg,.jpg,media\recently_deleted\202603\17956100667107234.jpg,media\recently_deleted\202603,4
file,17981430521820710.jpg,.jpg,media\recently_deleted\202603\17981430521820710.jpg,media\recently_deleted\202603,4
file,17994249635946026.jpg,.jpg,media\recently_deleted\202603\17994249635946026.jpg,media\recently_deleted\202603,4
file,18017731232663901.jpg,.jpg,media\recently_deleted\202603\18017731232663901.jpg,media\recently_deleted\202603,4
file,18032510681607031.jpg,.jpg,media\recently_deleted\202603\18032510681607031.jpg,media\recently_deleted\202603,4
file,18037662095580935.jpg,.jpg,media\recently_deleted\202603\18037662095580935.jpg,media\recently_deleted\202603,4
file,18046987367513628.jpg,.jpg,media\recently_deleted\202603\18046987367513628.jpg,media\recently_deleted\202603,4
file,18063844382339303.jpg,.jpg,media\recently_deleted\202603\18063844382339303.jpg,media\recently_deleted\202603,4
file,18072221696638504.heic,.heic,media\recently_deleted\202603\18072221696638504.heic,media\recently_deleted\202603,4
file,18073520027207615.jpg,.jpg,media\recently_deleted\202603\18073520027207615.jpg,media\recently_deleted\202603,4
file,18078747137104165.heic,.heic,media\recently_deleted\202603\18078747137104165.heic,media\recently_deleted\202603,4
file,18080087885099905.jpg,.jpg,media\recently_deleted\202603\18080087885099905.jpg,media\recently_deleted\202603,4
file,18084713699366908.jpg,.jpg,media\recently_deleted\202603\18084713699366908.jpg,media\recently_deleted\202603,4
file,18087129221265513.heic,.heic,media\recently_deleted\202603\18087129221265513.heic,media\recently_deleted\202603,4
file,18091887833162188.jpg,.jpg,media\recently_deleted\202603\18091887833162188.jpg,media\recently_deleted\202603,4
file,18092926463327737.jpg,.jpg,media\recently_deleted\202603\18092926463327737.jpg,media\recently_deleted\202603,4
file,18093018320154227.jpg,.jpg,media\recently_deleted\202603\18093018320154227.jpg,media\recently_deleted\202603,4
file,18096512735090015.heic,.heic,media\recently_deleted\202603\18096512735090015.heic,media\recently_deleted\202603,4
file,18099216553794613.mp4,.mp4,media\recently_deleted\202603\18099216553794613.mp4,media\recently_deleted\202603,4
file,18100763131753018.jpg,.jpg,media\recently_deleted\202603\18100763131753018.jpg,media\recently_deleted\202603,4
file,18101092240754981.jpg,.jpg,media\recently_deleted\202603\18101092240754981.jpg,media\recently_deleted\202603,4
file,18112059736743148.jpg,.jpg,media\recently_deleted\202603\18112059736743148.jpg,media\recently_deleted\202603,4
file,18120011419621995.jpg,.jpg,media\recently_deleted\202603\18120011419621995.jpg,media\recently_deleted\202603,4
file,18128624500560957.jpg,.jpg,media\recently_deleted\202603\18128624500560957.jpg,media\recently_deleted\202603,4
file,18150907486465843.jpg,.jpg,media\recently_deleted\202603\18150907486465843.jpg,media\recently_deleted\202603,4
file,18317304655254684.heic,.heic,media\recently_deleted\202603\18317304655254684.heic,media\recently_deleted\202603,4
file,18319220689265209.jpg,.jpg,media\recently_deleted\202603\18319220689265209.jpg,media\recently_deleted\202603,4
file,18385216963080203.heic,.heic,media\recently_deleted\202603\18385216963080203.heic,media\recently_deleted\202603,4
file,18566314651020376.srt,.srt,media\recently_deleted\202603\18566314651020376.srt,media\recently_deleted\202603,4
file,18572598307013669.mp4,.mp4,media\recently_deleted\202603\18572598307013669.mp4,media\recently_deleted\202603,4
file,18574264075047743.jpg,.jpg,media\recently_deleted\202603\18574264075047743.jpg,media\recently_deleted\202603,4
directory,202604,,media\recently_deleted\202604,media\recently_deleted,3
file,17871957732594534.mp4,.mp4,media\recently_deleted\202604\17871957732594534.mp4,media\recently_deleted\202604,4
file,17957512532939971.heic,.heic,media\recently_deleted\202604\17957512532939971.heic,media\recently_deleted\202604,4
file,17981967207003836.mp4,.mp4,media\recently_deleted\202604\17981967207003836.mp4,media\recently_deleted\202604,4
file,18080806235628276.mp4,.mp4,media\recently_deleted\202604\18080806235628276.mp4,media\recently_deleted\202604,4
file,18093393332122990.mp4,.mp4,media\recently_deleted\202604\18093393332122990.mp4,media\recently_deleted\202604,4
file,18101986106487916.mp4,.mp4,media\recently_deleted\202604\18101986106487916.mp4,media\recently_deleted\202604,4
file,18202076662340844.mp4,.mp4,media\recently_deleted\202604\18202076662340844.mp4,media\recently_deleted\202604,4
file,18310870708286738.srt,.srt,media\recently_deleted\202604\18310870708286738.srt,media\recently_deleted\202604,4
directory,reels,,media\reels,media,2
directory,202505,,media\reels\202505,media\reels,3
file,17921971538970119.srt,.srt,media\reels\202505\17921971538970119.srt,media\reels\202505,4
file,18046456913177257.mp4,.mp4,media\reels\202505\18046456913177257.mp4,media\reels\202505,4
file,18068150455999566.srt,.srt,media\reels\202505\18068150455999566.srt,media\reels\202505,4
file,18315611818228616.mp4,.mp4,media\reels\202505\18315611818228616.mp4,media\reels\202505,4
directory,202506,,media\reels\202506,media\reels,3
file,17849650839458633.mp4,.mp4,media\reels\202506\17849650839458633.mp4,media\reels\202506,4
file,17914954284017975.mp4,.mp4,media\reels\202506\17914954284017975.mp4,media\reels\202506,4
file,18052693598120216.mp4,.mp4,media\reels\202506\18052693598120216.mp4,media\reels\202506,4
file,18058742738195025.mp4,.mp4,media\reels\202506\18058742738195025.mp4,media\reels\202506,4
file,18068852726052869.mp4,.mp4,media\reels\202506\18068852726052869.mp4,media\reels\202506,4
file,18069154088055956.mp4,.mp4,media\reels\202506\18069154088055956.mp4,media\reels\202506,4
file,18083493622779336.mp4,.mp4,media\reels\202506\18083493622779336.mp4,media\reels\202506,4
file,18102973219549003.srt,.srt,media\reels\202506\18102973219549003.srt,media\reels\202506,4
file,18178774084325762.mp4,.mp4,media\reels\202506\18178774084325762.mp4,media\reels\202506,4
directory,202507,,media\reels\202507,media\reels,3
file,17848424151486432.srt,.srt,media\reels\202507\17848424151486432.srt,media\reels\202507,4
file,17851115241503149.mp4,.mp4,media\reels\202507\17851115241503149.mp4,media\reels\202507,4
file,17890600752164153.srt,.srt,media\reels\202507\17890600752164153.srt,media\reels\202507,4
file,17942767544905610.srt,.srt,media\reels\202507\17942767544905610.srt,media\reels\202507,4
file,17942963291899307.mp4,.mp4,media\reels\202507\17942963291899307.mp4,media\reels\202507,4
file,18019628453538414.mp4,.mp4,media\reels\202507\18019628453538414.mp4,media\reels\202507,4
file,18027904859499920.mp4,.mp4,media\reels\202507\18027904859499920.mp4,media\reels\202507,4
file,18035110673427030.mp4,.mp4,media\reels\202507\18035110673427030.mp4,media\reels\202507,4
file,18035428883670303.mp4,.mp4,media\reels\202507\18035428883670303.mp4,media\reels\202507,4
file,18047342102637591.srt,.srt,media\reels\202507\18047342102637591.srt,media\reels\202507,4
file,18064478548965687.srt,.srt,media\reels\202507\18064478548965687.srt,media\reels\202507,4
file,18071043992001326.mp4,.mp4,media\reels\202507\18071043992001326.mp4,media\reels\202507,4
file,18090445006661440.mp4,.mp4,media\reels\202507\18090445006661440.mp4,media\reels\202507,4
file,18091902799653804.mp4,.mp4,media\reels\202507\18091902799653804.mp4,media\reels\202507,4
file,18188510584319739.srt,.srt,media\reels\202507\18188510584319739.srt,media\reels\202507,4
file,18335089978161947.mp4,.mp4,media\reels\202507\18335089978161947.mp4,media\reels\202507,4
file,18390077461139189.srt,.srt,media\reels\202507\18390077461139189.srt,media\reels\202507,4
directory,202508,,media\reels\202508,media\reels,3
file,17843794926553399.mp4,.mp4,media\reels\202508\17843794926553399.mp4,media\reels\202508,4
file,17870748378409747.mp4,.mp4,media\reels\202508\17870748378409747.mp4,media\reels\202508,4
file,17881397631364771.mp4,.mp4,media\reels\202508\17881397631364771.mp4,media\reels\202508,4
file,17915207115119028.srt,.srt,media\reels\202508\17915207115119028.srt,media\reels\202508,4
file,17917528698136955.mp4,.mp4,media\reels\202508\17917528698136955.mp4,media\reels\202508,4
file,17955083447992364.mp4,.mp4,media\reels\202508\17955083447992364.mp4,media\reels\202508,4
file,17967047417793006.mp4,.mp4,media\reels\202508\17967047417793006.mp4,media\reels\202508,4
file,17978086325751375.mp4,.mp4,media\reels\202508\17978086325751375.mp4,media\reels\202508,4
file,18007342790620037.srt,.srt,media\reels\202508\18007342790620037.srt,media\reels\202508,4
file,18037598315418520.mp4,.mp4,media\reels\202508\18037598315418520.mp4,media\reels\202508,4
file,18037927817397703.mp4,.mp4,media\reels\202508\18037927817397703.mp4,media\reels\202508,4
file,18075314116955500.srt,.srt,media\reels\202508\18075314116955500.srt,media\reels\202508,4
file,18078391922496211.srt,.srt,media\reels\202508\18078391922496211.srt,media\reels\202508,4
file,18079562329929248.srt,.srt,media\reels\202508\18079562329929248.srt,media\reels\202508,4
file,18086029516830202.srt,.srt,media\reels\202508\18086029516830202.srt,media\reels\202508,4
file,18261566896304945.srt,.srt,media\reels\202508\18261566896304945.srt,media\reels\202508,4
directory,202509,,media\reels\202509,media\reels,3
file,17869974444440981.mp4,.mp4,media\reels\202509\17869974444440981.mp4,media\reels\202509,4
file,17882189499374402.mp4,.mp4,media\reels\202509\17882189499374402.mp4,media\reels\202509,4
file,17923029114017768.srt,.srt,media\reels\202509\17923029114017768.srt,media\reels\202509,4
file,17929302155984876.srt,.srt,media\reels\202509\17929302155984876.srt,media\reels\202509,4
file,18039352292426164.srt,.srt,media\reels\202509\18039352292426164.srt,media\reels\202509,4
file,18056623160409161.mp4,.mp4,media\reels\202509\18056623160409161.mp4,media\reels\202509,4
file,18057693521142834.srt,.srt,media\reels\202509\18057693521142834.srt,media\reels\202509,4
file,18078103451062425.mp4,.mp4,media\reels\202509\18078103451062425.mp4,media\reels\202509,4
file,18098006680655982.mp4,.mp4,media\reels\202509\18098006680655982.mp4,media\reels\202509,4
file,18110080381534301.srt,.srt,media\reels\202509\18110080381534301.srt,media\reels\202509,4
file,18115540813513605.mp4,.mp4,media\reels\202509\18115540813513605.mp4,media\reels\202509,4
file,18136062130442067.mp4,.mp4,media\reels\202509\18136062130442067.mp4,media\reels\202509,4
directory,202510,,media\reels\202510,media\reels,3
file,17924005959140007.mp4,.mp4,media\reels\202510\17924005959140007.mp4,media\reels\202510,4
file,17952886259889499.mp4,.mp4,media\reels\202510\17952886259889499.mp4,media\reels\202510,4
file,17988214280731172.mp4,.mp4,media\reels\202510\17988214280731172.mp4,media\reels\202510,4
file,18078145282883810.srt,.srt,media\reels\202510\18078145282883810.srt,media\reels\202510,4
file,18153682798394223.mp4,.mp4,media\reels\202510\18153682798394223.mp4,media\reels\202510,4
file,18287382886278550.mp4,.mp4,media\reels\202510\18287382886278550.mp4,media\reels\202510,4
directory,202511,,media\reels\202511,media\reels,3
file,17844734235607787.srt,.srt,media\reels\202511\17844734235607787.srt,media\reels\202511,4
file,17852069103578832.srt,.srt,media\reels\202511\17852069103578832.srt,media\reels\202511,4
file,17864609019437858.mp4,.mp4,media\reels\202511\17864609019437858.mp4,media\reels\202511,4
file,17873329812375303.srt,.srt,media\reels\202511\17873329812375303.srt,media\reels\202511,4
file,17905205607280104.srt,.srt,media\reels\202511\17905205607280104.srt,media\reels\202511,4
file,17934192276103162.srt,.srt,media\reels\202511\17934192276103162.srt,media\reels\202511,4
file,17949846033027779.srt,.srt,media\reels\202511\17949846033027779.srt,media\reels\202511,4
file,17953823967033515.mp4,.mp4,media\reels\202511\17953823967033515.mp4,media\reels\202511,4
file,17995511903847081.mp4,.mp4,media\reels\202511\17995511903847081.mp4,media\reels\202511,4
file,18003446165670058.mp4,.mp4,media\reels\202511\18003446165670058.mp4,media\reels\202511,4
file,18027903623566986.srt,.srt,media\reels\202511\18027903623566986.srt,media\reels\202511,4
file,18029151488557140.mp4,.mp4,media\reels\202511\18029151488557140.mp4,media\reels\202511,4
file,18029219471769328.mp4,.mp4,media\reels\202511\18029219471769328.mp4,media\reels\202511,4
file,18047483726449527.mp4,.mp4,media\reels\202511\18047483726449527.mp4,media\reels\202511,4
file,18069728393613647.srt,.srt,media\reels\202511\18069728393613647.srt,media\reels\202511,4
file,18085067852282685.mp4,.mp4,media\reels\202511\18085067852282685.mp4,media\reels\202511,4
file,18085481569970605.srt,.srt,media\reels\202511\18085481569970605.srt,media\reels\202511,4
file,18085706776984895.mp4,.mp4,media\reels\202511\18085706776984895.mp4,media\reels\202511,4
file,18087098014799565.srt,.srt,media\reels\202511\18087098014799565.srt,media\reels\202511,4
file,18094325626850596.mp4,.mp4,media\reels\202511\18094325626850596.mp4,media\reels\202511,4
file,18100411159784992.mp4,.mp4,media\reels\202511\18100411159784992.mp4,media\reels\202511,4
file,18102707965635332.mp4,.mp4,media\reels\202511\18102707965635332.mp4,media\reels\202511,4
file,18191995636334150.mp4,.mp4,media\reels\202511\18191995636334150.mp4,media\reels\202511,4
file,18244312756293434.srt,.srt,media\reels\202511\18244312756293434.srt,media\reels\202511,4
file,18327664627240706.srt,.srt,media\reels\202511\18327664627240706.srt,media\reels\202511,4
file,18540841312021646.srt,.srt,media\reels\202511\18540841312021646.srt,media\reels\202511,4
directory,202512,,media\reels\202512,media\reels,3
file,17847917571606183.mp4,.mp4,media\reels\202512\17847917571606183.mp4,media\reels\202512,4
file,17858763525560701.mp4,.mp4,media\reels\202512\17858763525560701.mp4,media\reels\202512,4
file,17863482867540993.srt,.srt,media\reels\202512\17863482867540993.srt,media\reels\202512,4
file,17866089969520984.srt,.srt,media\reels\202512\17866089969520984.srt,media\reels\202512,4
file,17927535531160479.srt,.srt,media\reels\202512\17927535531160479.srt,media\reels\202512,4
file,17927817984174527.mp4,.mp4,media\reels\202512\17927817984174527.mp4,media\reels\202512,4
file,17930360604165634.srt,.srt,media\reels\202512\17930360604165634.srt,media\reels\202512,4
file,17954738922028132.mp4,.mp4,media\reels\202512\17954738922028132.mp4,media\reels\202512,4
file,17974560497956529.srt,.srt,media\reels\202512\17974560497956529.srt,media\reels\202512,4
file,17988265865877542.srt,.srt,media\reels\202512\17988265865877542.srt,media\reels\202512,4
file,18052371332354426.mp4,.mp4,media\reels\202512\18052371332354426.mp4,media\reels\202512,4
file,18065591234544676.srt,.srt,media\reels\202512\18065591234544676.srt,media\reels\202512,4
file,18068393474617169.mp4,.mp4,media\reels\202512\18068393474617169.mp4,media\reels\202512,4
file,18073815554209156.mp4,.mp4,media\reels\202512\18073815554209156.mp4,media\reels\202512,4
file,18078685076231428.mp4,.mp4,media\reels\202512\18078685076231428.mp4,media\reels\202512,4
file,18080148724903722.mp4,.mp4,media\reels\202512\18080148724903722.mp4,media\reels\202512,4
file,18080818928516543.mp4,.mp4,media\reels\202512\18080818928516543.mp4,media\reels\202512,4
file,18081318473172589.srt,.srt,media\reels\202512\18081318473172589.srt,media\reels\202512,4
file,18091284766903177.mp4,.mp4,media\reels\202512\18091284766903177.mp4,media\reels\202512,4
file,18093680876505360.mp4,.mp4,media\reels\202512\18093680876505360.mp4,media\reels\202512,4
file,18095618938718574.mp4,.mp4,media\reels\202512\18095618938718574.mp4,media\reels\202512,4
file,18097769638877319.mp4,.mp4,media\reels\202512\18097769638877319.mp4,media\reels\202512,4
file,18120691708547912.mp4,.mp4,media\reels\202512\18120691708547912.mp4,media\reels\202512,4
file,18121173829526674.srt,.srt,media\reels\202512\18121173829526674.srt,media\reels\202512,4
file,18125381992509865.mp4,.mp4,media\reels\202512\18125381992509865.mp4,media\reels\202512,4
file,18138501271412633.srt,.srt,media\reels\202512\18138501271412633.srt,media\reels\202512,4
file,18155892964416148.srt,.srt,media\reels\202512\18155892964416148.srt,media\reels\202512,4
directory,202601,,media\reels\202601,media\reels,3
file,17997162296889797.mp4,.mp4,media\reels\202601\17997162296889797.mp4,media\reels\202601,4
file,18067856516163427.mp4,.mp4,media\reels\202601\18067856516163427.mp4,media\reels\202601,4
directory,202602,,media\reels\202602,media\reels,3
file,17877868635497532.mp4,.mp4,media\reels\202602\17877868635497532.mp4,media\reels\202602,4
file,17925465363072173.mp4,.mp4,media\reels\202602\17925465363072173.mp4,media\reels\202602,4
file,17991359747763380.mp4,.mp4,media\reels\202602\17991359747763380.mp4,media\reels\202602,4
file,18035017160566790.srt,.srt,media\reels\202602\18035017160566790.srt,media\reels\202602,4
file,18063878576657921.srt,.srt,media\reels\202602\18063878576657921.srt,media\reels\202602,4
file,18071337944638187.srt,.srt,media\reels\202602\18071337944638187.srt,media\reels\202602,4
file,18073706771160586.mp4,.mp4,media\reels\202602\18073706771160586.mp4,media\reels\202602,4
file,18078010877458131.mp4,.mp4,media\reels\202602\18078010877458131.mp4,media\reels\202602,4
file,18089301668327739.mp4,.mp4,media\reels\202602\18089301668327739.mp4,media\reels\202602,4
file,18089313947137426.srt,.srt,media\reels\202602\18089313947137426.srt,media\reels\202602,4
file,18347976286236572.mp4,.mp4,media\reels\202602\18347976286236572.mp4,media\reels\202602,4
directory,202603,,media\reels\202603,media\reels,3
file,17855853834625143.mp4,.mp4,media\reels\202603\17855853834625143.mp4,media\reels\202603,4
file,17857853313654229.srt,.srt,media\reels\202603\17857853313654229.srt,media\reels\202603,4
file,17915620704325055.mp4,.mp4,media\reels\202603\17915620704325055.mp4,media\reels\202603,4
file,17949741171129629.mp4,.mp4,media\reels\202603\17949741171129629.mp4,media\reels\202603,4
file,17966776263030017.srt,.srt,media\reels\202603\17966776263030017.srt,media\reels\202603,4
file,18094925573051074.mp4,.mp4,media\reels\202603\18094925573051074.mp4,media\reels\202603,4
file,18095822848990122.srt,.srt,media\reels\202603\18095822848990122.srt,media\reels\202603,4
file,18096413920823158.mp4,.mp4,media\reels\202603\18096413920823158.mp4,media\reels\202603,4
file,18098285497945185.srt,.srt,media\reels\202603\18098285497945185.srt,media\reels\202603,4
file,18106108270686679.srt,.srt,media\reels\202603\18106108270686679.srt,media\reels\202603,4
file,18131124223480956.mp4,.mp4,media\reels\202603\18131124223480956.mp4,media\reels\202603,4
directory,202604,,media\reels\202604,media\reels,3
file,18088664795231351.srt,.srt,media\reels\202604\18088664795231351.srt,media\reels\202604,4
file,18100477814055918.mp4,.mp4,media\reels\202604\18100477814055918.mp4,media\reels\202604,4
file,18228131263309774.mp4,.mp4,media\reels\202604\18228131263309774.mp4,media\reels\202604,4
file,18400945870198061.srt,.srt,media\reels\202604\18400945870198061.srt,media\reels\202604,4
directory,stories,,media\stories,media,2
directory,202504,,media\stories\202504,media\stories,3
file,17849653002407117.webp,.webp,media\stories\202504\17849653002407117.webp,media\stories\202504,4
file,17855344767367964.jpg,.jpg,media\stories\202504\17855344767367964.jpg,media\stories\202504,4
file,17858282025352054.mp4,.mp4,media\stories\202504\17858282025352054.mp4,media\stories\202504,4
file,17858513676350836.jpg,.jpg,media\stories\202504\17858513676350836.jpg,media\stories\202504,4
file,17858722905406528.mp4,.mp4,media\stories\202504\17858722905406528.mp4,media\stories\202504,4
file,17864405748369733.mp4,.mp4,media\stories\202504\17864405748369733.mp4,media\stories\202504,4
file,17866685022286557.jpg,.jpg,media\stories\202504\17866685022286557.jpg,media\stories\202504,4
file,17879885169291582.jpg,.jpg,media\stories\202504\17879885169291582.jpg,media\stories\202504,4
file,17886945312255097.mp4,.mp4,media\stories\202504\17886945312255097.mp4,media\stories\202504,4
file,17895192363197423.mp4,.mp4,media\stories\202504\17895192363197423.mp4,media\stories\202504,4
file,17897415894191770.mp4,.mp4,media\stories\202504\17897415894191770.mp4,media\stories\202504,4
file,17902763652156660.mp4,.mp4,media\stories\202504\17902763652156660.mp4,media\stories\202504,4
file,17906223528038799.jpg,.jpg,media\stories\202504\17906223528038799.jpg,media\stories\202504,4
file,17920756313963567.mp4,.mp4,media\stories\202504\17920756313963567.mp4,media\stories\202504,4
file,17935190601010993.jpg,.jpg,media\stories\202504\17935190601010993.jpg,media\stories\202504,4
file,17938397240881512.jpg,.jpg,media\stories\202504\17938397240881512.jpg,media\stories\202504,4
file,17949669485826850.jpg,.jpg,media\stories\202504\17949669485826850.jpg,media\stories\202504,4
file,17954164493950692.jpg,.jpg,media\stories\202504\17954164493950692.jpg,media\stories\202504,4
file,17955152792934484.mp4,.mp4,media\stories\202504\17955152792934484.mp4,media\stories\202504,4
file,17965150157873505.mp4,.mp4,media\stories\202504\17965150157873505.mp4,media\stories\202504,4
file,17966132579906226.mp4,.mp4,media\stories\202504\17966132579906226.mp4,media\stories\202504,4
file,17967042002859045.jpg,.jpg,media\stories\202504\17967042002859045.jpg,media\stories\202504,4
file,17967591998752367.jpg,.jpg,media\stories\202504\17967591998752367.jpg,media\stories\202504,4
file,17970941945728990.jpg,.jpg,media\stories\202504\17970941945728990.jpg,media\stories\202504,4
file,17975134562837644.mp4,.mp4,media\stories\202504\17975134562837644.mp4,media\stories\202504,4
file,17976152177834529.jpg,.jpg,media\stories\202504\17976152177834529.jpg,media\stories\202504,4
file,18003508460767663.webp,.webp,media\stories\202504\18003508460767663.webp,media\stories\202504,4
file,18027640199434534.mp4,.mp4,media\stories\202504\18027640199434534.mp4,media\stories\202504,4
file,18031869677645292.jpg,.jpg,media\stories\202504\18031869677645292.jpg,media\stories\202504,4
file,18042371417167138.webp,.webp,media\stories\202504\18042371417167138.webp,media\stories\202504,4
file,18043721057454088.jpg,.jpg,media\stories\202504\18043721057454088.jpg,media\stories\202504,4
file,18044218874150745.jpg,.jpg,media\stories\202504\18044218874150745.jpg,media\stories\202504,4
file,18045918047384369.mp4,.mp4,media\stories\202504\18045918047384369.mp4,media\stories\202504,4
file,18046014875382011.jpg,.jpg,media\stories\202504\18046014875382011.jpg,media\stories\202504,4
file,18047381900113970.mp4,.mp4,media\stories\202504\18047381900113970.mp4,media\stories\202504,4
file,18050640353337783.jpg,.jpg,media\stories\202504\18050640353337783.jpg,media\stories\202504,4
file,18051116678209130.mp4,.mp4,media\stories\202504\18051116678209130.mp4,media\stories\202504,4
file,18061756067090726.jpg,.jpg,media\stories\202504\18061756067090726.jpg,media\stories\202504,4
file,18062331932015820.mp4,.mp4,media\stories\202504\18062331932015820.mp4,media\stories\202504,4
file,18062604491103435.jpg,.jpg,media\stories\202504\18062604491103435.jpg,media\stories\202504,4
file,18062851900863474.jpg,.jpg,media\stories\202504\18062851900863474.jpg,media\stories\202504,4
file,18066129106988594.mp4,.mp4,media\stories\202504\18066129106988594.mp4,media\stories\202504,4
file,18069119980904523.jpg,.jpg,media\stories\202504\18069119980904523.jpg,media\stories\202504,4
file,18070895470894730.mp4,.mp4,media\stories\202504\18070895470894730.mp4,media\stories\202504,4
file,18078563893767490.mp4,.mp4,media\stories\202504\18078563893767490.mp4,media\stories\202504,4
file,18078831691776376.webp,.webp,media\stories\202504\18078831691776376.webp,media\stories\202504,4
file,18080569141681147.mp4,.mp4,media\stories\202504\18080569141681147.mp4,media\stories\202504,4
file,18083063947734960.jpg,.jpg,media\stories\202504\18083063947734960.jpg,media\stories\202504,4
file,18083324659642939.mp4,.mp4,media\stories\202504\18083324659642939.mp4,media\stories\202504,4
file,18083828947642861.jpg,.jpg,media\stories\202504\18083828947642861.jpg,media\stories\202504,4
file,18090227203524996.mp4,.mp4,media\stories\202504\18090227203524996.mp4,media\stories\202504,4
file,18090916459589358.mp4,.mp4,media\stories\202504\18090916459589358.mp4,media\stories\202504,4
file,18092531188517064.mp4,.mp4,media\stories\202504\18092531188517064.mp4,media\stories\202504,4
file,18100553242524314.jpg,.jpg,media\stories\202504\18100553242524314.jpg,media\stories\202504,4
file,18104279458519582.mp4,.mp4,media\stories\202504\18104279458519582.mp4,media\stories\202504,4
file,18109975195486282.jpg,.jpg,media\stories\202504\18109975195486282.jpg,media\stories\202504,4
file,18114254701471472.mp4,.mp4,media\stories\202504\18114254701471472.mp4,media\stories\202504,4
file,18119675272443025.webp,.webp,media\stories\202504\18119675272443025.webp,media\stories\202504,4
file,18137028514400319.mp4,.mp4,media\stories\202504\18137028514400319.mp4,media\stories\202504,4
file,18157232302318740.jpg,.jpg,media\stories\202504\18157232302318740.jpg,media\stories\202504,4
file,18291498505222184.jpg,.jpg,media\stories\202504\18291498505222184.jpg,media\stories\202504,4
file,18305990287241559.mp4,.mp4,media\stories\202504\18305990287241559.mp4,media\stories\202504,4
file,18381551131139633.mp4,.mp4,media\stories\202504\18381551131139633.mp4,media\stories\202504,4
file,18390396655119029.mp4,.mp4,media\stories\202504\18390396655119029.mp4,media\stories\202504,4
file,18457783855077435.mp4,.mp4,media\stories\202504\18457783855077435.mp4,media\stories\202504,4
file,18501628888008715.mp4,.mp4,media\stories\202504\18501628888008715.mp4,media\stories\202504,4
directory,202505,,media\stories\202505,media\stories,3
file,17856077847372007.webp,.webp,media\stories\202505\17856077847372007.webp,media\stories\202505,4
file,17859031167354407.jpg,.jpg,media\stories\202505\17859031167354407.jpg,media\stories\202505,4
file,17859908127420307.jpg,.jpg,media\stories\202505\17859908127420307.jpg,media\stories\202505,4
file,17861107155347590.jpg,.jpg,media\stories\202505\17861107155347590.jpg,media\stories\202505,4
file,17863788939327888.mp4,.mp4,media\stories\202505\17863788939327888.mp4,media\stories\202505,4
file,17876883111326653.webp,.webp,media\stories\202505\17876883111326653.webp,media\stories\202505,4
file,17879976228200753.jpg,.jpg,media\stories\202505\17879976228200753.jpg,media\stories\202505,4
file,17881211001203045.jpg,.jpg,media\stories\202505\17881211001203045.jpg,media\stories\202505,4
file,17886795393260380.jpg,.jpg,media\stories\202505\17886795393260380.jpg,media\stories\202505,4
file,17890013469248609.jpg,.jpg,media\stories\202505\17890013469248609.jpg,media\stories\202505,4
file,17895031338215914.jpg,.jpg,media\stories\202505\17895031338215914.jpg,media\stories\202505,4
file,17901930852184387.webp,.webp,media\stories\202505\17901930852184387.webp,media\stories\202505,4
file,17902658769072251.mp4,.mp4,media\stories\202505\17902658769072251.mp4,media\stories\202505,4
file,17906300841117182.webp,.webp,media\stories\202505\17906300841117182.webp,media\stories\202505,4
file,17919660785983960.jpg,.jpg,media\stories\202505\17919660785983960.jpg,media\stories\202505,4
file,17920759610985037.jpg,.jpg,media\stories\202505\17920759610985037.jpg,media\stories\202505,4
file,17922836795966034.jpg,.jpg,media\stories\202505\17922836795966034.jpg,media\stories\202505,4
file,17924661255063617.jpg,.jpg,media\stories\202505\17924661255063617.jpg,media\stories\202505,4
file,17926583502061873.mp4,.mp4,media\stories\202505\17926583502061873.mp4,media\stories\202505,4
file,17929397591935660.webp,.webp,media\stories\202505\17929397591935660.webp,media\stories\202505,4
file,17931160647056186.mp4,.mp4,media\stories\202505\17931160647056186.mp4,media\stories\202505,4
file,17932868139034042.jpg,.jpg,media\stories\202505\17932868139034042.jpg,media\stories\202505,4
file,17942443067876160.jpg,.jpg,media\stories\202505\17942443067876160.jpg,media\stories\202505,4
file,17947512740979204.jpg,.jpg,media\stories\202505\17947512740979204.jpg,media\stories\202505,4
file,17963464901917027.webp,.webp,media\stories\202505\17963464901917027.webp,media\stories\202505,4
file,17967001748763664.jpg,.jpg,media\stories\202505\17967001748763664.jpg,media\stories\202505,4
file,17970129011895928.jpg,.jpg,media\stories\202505\17970129011895928.jpg,media\stories\202505,4
file,17976780863716398.jpg,.jpg,media\stories\202505\17976780863716398.jpg,media\stories\202505,4
file,17985064355818953.jpg,.jpg,media\stories\202505\17985064355818953.jpg,media\stories\202505,4
file,18000192062788468.mp4,.mp4,media\stories\202505\18000192062788468.mp4,media\stories\202505,4
file,18000393002784779.jpg,.jpg,media\stories\202505\18000393002784779.jpg,media\stories\202505,4
file,18011501657738311.jpg,.jpg,media\stories\202505\18011501657738311.jpg,media\stories\202505,4
file,18013395347543517.jpg,.jpg,media\stories\202505\18013395347543517.jpg,media\stories\202505,4
file,18027300059471823.jpg,.jpg,media\stories\202505\18027300059471823.jpg,media\stories\202505,4
file,18029550101414241.jpg,.jpg,media\stories\202505\18029550101414241.jpg,media\stories\202505,4
file,18029818712424379.mp4,.mp4,media\stories\202505\18029818712424379.mp4,media\stories\202505,4
file,18030203969401587.mp4,.mp4,media\stories\202505\18030203969401587.mp4,media\stories\202505,4
file,18038155091537973.jpg,.jpg,media\stories\202505\18038155091537973.jpg,media\stories\202505,4
file,18040244486280706.webp,.webp,media\stories\202505\18040244486280706.webp,media\stories\202505,4
file,18041511533256184.jpg,.jpg,media\stories\202505\18041511533256184.jpg,media\stories\202505,4
file,18042185885539599.jpg,.jpg,media\stories\202505\18042185885539599.jpg,media\stories\202505,4
file,18043093004549499.jpg,.jpg,media\stories\202505\18043093004549499.jpg,media\stories\202505,4
file,18043434692424999.mp4,.mp4,media\stories\202505\18043434692424999.mp4,media\stories\202505,4
file,18045095525396373.jpg,.jpg,media\stories\202505\18045095525396373.jpg,media\stories\202505,4
file,18047911277124522.jpg,.jpg,media\stories\202505\18047911277124522.jpg,media\stories\202505,4
file,18048327920110211.jpg,.jpg,media\stories\202505\18048327920110211.jpg,media\stories\202505,4
file,18049329944524796.mp4,.mp4,media\stories\202505\18049329944524796.mp4,media\stories\202505,4
file,18049656077596237.jpg,.jpg,media\stories\202505\18049656077596237.jpg,media\stories\202505,4
file,18057922981994757.mp4,.mp4,media\stories\202505\18057922981994757.mp4,media\stories\202505,4
file,18058675486968020.jpg,.jpg,media\stories\202505\18058675486968020.jpg,media\stories\202505,4
file,18059843915154160.jpg,.jpg,media\stories\202505\18059843915154160.jpg,media\stories\202505,4
file,18065071832036203.mp4,.mp4,media\stories\202505\18065071832036203.mp4,media\stories\202505,4
file,18065084941843478.mp4,.mp4,media\stories\202505\18065084941843478.mp4,media\stories\202505,4
file,18065212418043191.jpg,.jpg,media\stories\202505\18065212418043191.jpg,media\stories\202505,4
file,18068499025811755.jpg,.jpg,media\stories\202505\18068499025811755.jpg,media\stories\202505,4
file,18068712421818558.mp4,.mp4,media\stories\202505\18068712421818558.mp4,media\stories\202505,4
file,18069378382785949.jpg,.jpg,media\stories\202505\18069378382785949.jpg,media\stories\202505,4
file,18069643717785296.jpg,.jpg,media\stories\202505\18069643717785296.jpg,media\stories\202505,4
file,18075763558722140.mp4,.mp4,media\stories\202505\18075763558722140.mp4,media\stories\202505,4
file,18077597011798561.jpg,.jpg,media\stories\202505\18077597011798561.jpg,media\stories\202505,4
file,18077832658834744.jpg,.jpg,media\stories\202505\18077832658834744.jpg,media\stories\202505,4
file,18078596092809700.jpg,.jpg,media\stories\202505\18078596092809700.jpg,media\stories\202505,4
file,18079627174877254.jpg,.jpg,media\stories\202505\18079627174877254.jpg,media\stories\202505,4
file,18079725364773339.mp4,.mp4,media\stories\202505\18079725364773339.mp4,media\stories\202505,4
file,18081516808780269.mp4,.mp4,media\stories\202505\18081516808780269.mp4,media\stories\202505,4
file,18085732042645902.jpg,.jpg,media\stories\202505\18085732042645902.jpg,media\stories\202505,4
file,18085935082643745.jpg,.jpg,media\stories\202505\18085935082643745.jpg,media\stories\202505,4
file,18087367027635624.jpg,.jpg,media\stories\202505\18087367027635624.jpg,media\stories\202505,4
file,18087402355724793.mp4,.mp4,media\stories\202505\18087402355724793.mp4,media\stories\202505,4
file,18093074314520518.webp,.webp,media\stories\202505\18093074314520518.webp,media\stories\202505,4
file,18093442546585584.jpg,.jpg,media\stories\202505\18093442546585584.jpg,media\stories\202505,4
file,18100300432549271.jpg,.jpg,media\stories\202505\18100300432549271.jpg,media\stories\202505,4
file,18122662927442940.jpg,.jpg,media\stories\202505\18122662927442940.jpg,media\stories\202505,4
file,18125837386434857.jpg,.jpg,media\stories\202505\18125837386434857.jpg,media\stories\202505,4
file,18134281831414135.mp4,.mp4,media\stories\202505\18134281831414135.mp4,media\stories\202505,4
file,18162999169348231.mp4,.mp4,media\stories\202505\18162999169348231.mp4,media\stories\202505,4
file,18176362804322669.jpg,.jpg,media\stories\202505\18176362804322669.jpg,media\stories\202505,4
file,18298753639170386.jpg,.jpg,media\stories\202505\18298753639170386.jpg,media\stories\202505,4
file,18306808978212655.jpg,.jpg,media\stories\202505\18306808978212655.jpg,media\stories\202505,4
file,18340831729089321.jpg,.jpg,media\stories\202505\18340831729089321.jpg,media\stories\202505,4
file,18386159620139228.jpg,.jpg,media\stories\202505\18386159620139228.jpg,media\stories\202505,4
file,18391922356113369.jpg,.jpg,media\stories\202505\18391922356113369.jpg,media\stories\202505,4
file,18505099060060895.webp,.webp,media\stories\202505\18505099060060895.webp,media\stories\202505,4
directory,202506,,media\stories\202506,media\stories,3
file,17847240609495405.mp4,.mp4,media\stories\202506\17847240609495405.mp4,media\stories\202506,4
file,17850534477439908.jpg,.jpg,media\stories\202506\17850534477439908.jpg,media\stories\202506,4
file,17851103904466880.jpg,.jpg,media\stories\202506\17851103904466880.jpg,media\stories\202506,4
file,17855046981462242.jpg,.jpg,media\stories\202506\17855046981462242.jpg,media\stories\202506,4
file,17855747265395298.mp4,.mp4,media\stories\202506\17855747265395298.mp4,media\stories\202506,4
file,17855775390412354.mp4,.mp4,media\stories\202506\17855775390412354.mp4,media\stories\202506,4
file,17856736005450505.jpg,.jpg,media\stories\202506\17856736005450505.jpg,media\stories\202506,4
file,17861618592354170.mp4,.mp4,media\stories\202506\17861618592354170.mp4,media\stories\202506,4
file,17861941593427990.mp4,.mp4,media\stories\202506\17861941593427990.mp4,media\stories\202506,4
file,17865142224407034.webp,.webp,media\stories\202506\17865142224407034.webp,media\stories\202506,4
file,17869745895298338.jpg,.jpg,media\stories\202506\17869745895298338.jpg,media\stories\202506,4
file,17871100617390603.mp4,.mp4,media\stories\202506\17871100617390603.mp4,media\stories\202506,4
file,17873657664370444.mp4,.mp4,media\stories\202506\17873657664370444.mp4,media\stories\202506,4
file,17875287990262274.jpg,.jpg,media\stories\202506\17875287990262274.jpg,media\stories\202506,4
file,17875859355361993.mp4,.mp4,media\stories\202506\17875859355361993.mp4,media\stories\202506,4
file,17883070245326231.mp4,.mp4,media\stories\202506\17883070245326231.mp4,media\stories\202506,4
file,17886219516287260.mp4,.mp4,media\stories\202506\17886219516287260.mp4,media\stories\202506,4
file,17889528618162476.jpg,.jpg,media\stories\202506\17889528618162476.jpg,media\stories\202506,4
file,17890962564144000.jpg,.jpg,media\stories\202506\17890962564144000.jpg,media\stories\202506,4
file,17894323797253944.webp,.webp,media\stories\202506\17894323797253944.webp,media\stories\202506,4
file,17908056867056456.jpg,.jpg,media\stories\202506\17908056867056456.jpg,media\stories\202506,4
file,17908300974057564.webp,.webp,media\stories\202506\17908300974057564.webp,media\stories\202506,4
file,17913028410152790.mp4,.mp4,media\stories\202506\17913028410152790.mp4,media\stories\202506,4
file,17915378889137339.mp4,.mp4,media\stories\202506\17915378889137339.mp4,media\stories\202506,4
file,17922358236083714.mp4,.mp4,media\stories\202506\17922358236083714.mp4,media\stories\202506,4
file,17923536804089225.mp4,.mp4,media\stories\202506\17923536804089225.mp4,media\stories\202506,4
file,17924313627083679.mp4,.mp4,media\stories\202506\17924313627083679.mp4,media\stories\202506,4
file,17928417126060210.jpg,.jpg,media\stories\202506\17928417126060210.jpg,media\stories\202506,4
file,17933269332051961.mp4,.mp4,media\stories\202506\17933269332051961.mp4,media\stories\202506,4
file,17933819201935100.mp4,.mp4,media\stories\202506\17933819201935100.mp4,media\stories\202506,4
file,17933914886918206.mp4,.mp4,media\stories\202506\17933914886918206.mp4,media\stories\202506,4
file,17936255612917502.jpg,.jpg,media\stories\202506\17936255612917502.jpg,media\stories\202506,4
file,17938212084019750.jpg,.jpg,media\stories\202506\17938212084019750.jpg,media\stories\202506,4
file,17938687212014239.mp4,.mp4,media\stories\202506\17938687212014239.mp4,media\stories\202506,4
file,17945721824995382.mp4,.mp4,media\stories\202506\17945721824995382.mp4,media\stories\202506,4
file,17948818779003950.mp4,.mp4,media\stories\202506\17948818779003950.mp4,media\stories\202506,4
file,17957274089953841.jpg,.jpg,media\stories\202506\17957274089953841.jpg,media\stories\202506,4
file,17958251621944360.mp4,.mp4,media\stories\202506\17958251621944360.mp4,media\stories\202506,4
file,17963023313931142.jpg,.jpg,media\stories\202506\17963023313931142.jpg,media\stories\202506,4
file,17964288845928391.jpg,.jpg,media\stories\202506\17964288845928391.jpg,media\stories\202506,4
file,17967850727916143.mp4,.mp4,media\stories\202506\17967850727916143.mp4,media\stories\202506,4
file,17967962177872091.mp4,.mp4,media\stories\202506\17967962177872091.mp4,media\stories\202506,4
file,17968874270763163.mp4,.mp4,media\stories\202506\17968874270763163.mp4,media\stories\202506,4
file,17970076199758961.jpg,.jpg,media\stories\202506\17970076199758961.jpg,media\stories\202506,4
file,17970739163867907.mp4,.mp4,media\stories\202506\17970739163867907.mp4,media\stories\202506,4
file,17971245464912670.jpg,.jpg,media\stories\202506\17971245464912670.jpg,media\stories\202506,4
file,17974342544856665.jpg,.jpg,media\stories\202506\17974342544856665.jpg,media\stories\202506,4
file,17976893642728429.jpg,.jpg,media\stories\202506\17976893642728429.jpg,media\stories\202506,4
file,17981821118700407.jpg,.jpg,media\stories\202506\17981821118700407.jpg,media\stories\202506,4
file,17982328910698846.webp,.webp,media\stories\202506\17982328910698846.webp,media\stories\202506,4
file,17986054367680900.webp,.webp,media\stories\202506\17986054367680900.webp,media\stories\202506,4
file,17988158210680892.mp4,.mp4,media\stories\202506\17988158210680892.mp4,media\stories\202506,4
file,17989667831674342.webp,.webp,media\stories\202506\17989667831674342.webp,media\stories\202506,4
file,17991190124665288.mp4,.mp4,media\stories\202506\17991190124665288.mp4,media\stories\202506,4
file,17991358571807085.mp4,.mp4,media\stories\202506\17991358571807085.mp4,media\stories\202506,4
file,17992288625815076.mp4,.mp4,media\stories\202506\17992288625815076.mp4,media\stories\202506,4
file,18009746285759514.mp4,.mp4,media\stories\202506\18009746285759514.mp4,media\stories\202506,4
file,18013550120568046.mp4,.mp4,media\stories\202506\18013550120568046.mp4,media\stories\202506,4
file,18014456498726069.mp4,.mp4,media\stories\202506\18014456498726069.mp4,media\stories\202506,4
file,18014567549727183.mp4,.mp4,media\stories\202506\18014567549727183.mp4,media\stories\202506,4
file,18014793764743089.mp4,.mp4,media\stories\202506\18014793764743089.mp4,media\stories\202506,4
file,18016760192536487.jpg,.jpg,media\stories\202506\18016760192536487.jpg,media\stories\202506,4
file,18016832357532553.webp,.webp,media\stories\202506\18016832357532553.webp,media\stories\202506,4
file,18016891469536327.mp4,.mp4,media\stories\202506\18016891469536327.mp4,media\stories\202506,4
file,18021829739706987.mp4,.mp4,media\stories\202506\18021829739706987.mp4,media\stories\202506,4
file,18024569480509888.jpg,.jpg,media\stories\202506\18024569480509888.jpg,media\stories\202506,4
file,18029381894478008.webp,.webp,media\stories\202506\18029381894478008.webp,media\stories\202506,4
file,18031693943418465.jpg,.jpg,media\stories\202506\18031693943418465.jpg,media\stories\202506,4
file,18031921106465082.mp4,.mp4,media\stories\202506\18031921106465082.mp4,media\stories\202506,4
file,18032668511453979.mp4,.mp4,media\stories\202506\18032668511453979.mp4,media\stories\202506,4
file,18033377033427390.jpg,.jpg,media\stories\202506\18033377033427390.jpg,media\stories\202506,4
file,18033413075427818.mp4,.mp4,media\stories\202506\18033413075427818.mp4,media\stories\202506,4
file,18033532103674836.mp4,.mp4,media\stories\202506\18033532103674836.mp4,media\stories\202506,4
file,18033694202417409.mp4,.mp4,media\stories\202506\18033694202417409.mp4,media\stories\202506,4
file,18033944129671094.mp4,.mp4,media\stories\202506\18033944129671094.mp4,media\stories\202506,4
file,18035034689401330.jpg,.jpg,media\stories\202506\18035034689401330.jpg,media\stories\202506,4
file,18035212691383103.mp4,.mp4,media\stories\202506\18035212691383103.mp4,media\stories\202506,4
file,18036474683366613.mp4,.mp4,media\stories\202506\18036474683366613.mp4,media\stories\202506,4
file,18037039562648510.mp4,.mp4,media\stories\202506\18037039562648510.mp4,media\stories\202506,4
file,18038609777636658.jpg,.jpg,media\stories\202506\18038609777636658.jpg,media\stories\202506,4
file,18043517957285770.jpg,.jpg,media\stories\202506\18043517957285770.jpg,media\stories\202506,4
file,18043743455271718.jpg,.jpg,media\stories\202506\18043743455271718.jpg,media\stories\202506,4
file,18045071960559112.mp4,.mp4,media\stories\202506\18045071960559112.mp4,media\stories\202506,4
file,18046447712553275.jpg,.jpg,media\stories\202506\18046447712553275.jpg,media\stories\202506,4
file,18046496573230138.mp4,.mp4,media\stories\202506\18046496573230138.mp4,media\stories\202506,4
file,18046936475544422.jpg,.jpg,media\stories\202506\18046936475544422.jpg,media\stories\202506,4
file,18047787362423055.jpg,.jpg,media\stories\202506\18047787362423055.jpg,media\stories\202506,4
file,18048342311440423.mp4,.mp4,media\stories\202506\18048342311440423.mp4,media\stories\202506,4
file,18048961265568296.mp4,.mp4,media\stories\202506\18048961265568296.mp4,media\stories\202506,4
file,18048982346186827.mp4,.mp4,media\stories\202506\18048982346186827.mp4,media\stories\202506,4
file,18049088996417595.webp,.webp,media\stories\202506\18049088996417595.webp,media\stories\202506,4
file,18050619596387161.jpg,.jpg,media\stories\202506\18050619596387161.jpg,media\stories\202506,4
file,18050867501525925.jpg,.jpg,media\stories\202506\18050867501525925.jpg,media\stories\202506,4
file,18051078668105180.jpg,.jpg,media\stories\202506\18051078668105180.jpg,media\stories\202506,4
file,18051680621588940.jpg,.jpg,media\stories\202506\18051680621588940.jpg,media\stories\202506,4
file,18052161161524268.jpg,.jpg,media\stories\202506\18052161161524268.jpg,media\stories\202506,4
file,18052223435603393.webp,.webp,media\stories\202506\18052223435603393.webp,media\stories\202506,4
file,18052832477356592.jpg,.jpg,media\stories\202506\18052832477356592.jpg,media\stories\202506,4
file,18052872539080335.mp4,.mp4,media\stories\202506\18052872539080335.mp4,media\stories\202506,4
file,18056265023061482.jpg,.jpg,media\stories\202506\18056265023061482.jpg,media\stories\202506,4
file,18056454560207339.mp4,.mp4,media\stories\202506\18056454560207339.mp4,media\stories\202506,4
file,18056479736350783.webp,.webp,media\stories\202506\18056479736350783.webp,media\stories\202506,4
file,18058989485265964.mp4,.mp4,media\stories\202506\18058989485265964.mp4,media\stories\202506,4
file,18059377736212370.jpg,.jpg,media\stories\202506\18059377736212370.jpg,media\stories\202506,4
file,18059423864210070.jpg,.jpg,media\stories\202506\18059423864210070.jpg,media\stories\202506,4
file,18059871017219093.webp,.webp,media\stories\202506\18059871017219093.webp,media\stories\202506,4
file,18060810808986980.jpg,.jpg,media\stories\202506\18060810808986980.jpg,media\stories\202506,4
file,18062183042137896.jpg,.jpg,media\stories\202506\18062183042137896.jpg,media\stories\202506,4
file,18062668130159284.mp4,.mp4,media\stories\202506\18062668130159284.mp4,media\stories\202506,4
file,18062932460514756.mp4,.mp4,media\stories\202506\18062932460514756.mp4,media\stories\202506,4
file,18064018729926074.jpg,.jpg,media\stories\202506\18064018729926074.jpg,media\stories\202506,4
file,18064840700165544.mp4,.mp4,media\stories\202506\18064840700165544.mp4,media\stories\202506,4
file,18065860145105294.jpg,.jpg,media\stories\202506\18065860145105294.jpg,media\stories\202506,4
file,18066107513515554.jpg,.jpg,media\stories\202506\18066107513515554.jpg,media\stories\202506,4
file,18066387230473615.mp4,.mp4,media\stories\202506\18066387230473615.mp4,media\stories\202506,4
file,18066457261852343.jpg,.jpg,media\stories\202506\18066457261852343.jpg,media\stories\202506,4
file,18066979463042256.mp4,.mp4,media\stories\202506\18066979463042256.mp4,media\stories\202506,4
file,18067842689104246.jpg,.jpg,media\stories\202506\18067842689104246.jpg,media\stories\202506,4
file,18068206367054397.mp4,.mp4,media\stories\202506\18068206367054397.mp4,media\stories\202506,4
file,18068213909084988.jpg,.jpg,media\stories\202506\18068213909084988.jpg,media\stories\202506,4
file,18068684105315994.jpg,.jpg,media\stories\202506\18068684105315994.jpg,media\stories\202506,4
file,18068965000825360.webp,.webp,media\stories\202506\18068965000825360.webp,media\stories\202506,4
file,18069335875971403.webp,.webp,media\stories\202506\18069335875971403.webp,media\stories\202506,4
file,18069868949000521.jpg,.jpg,media\stories\202506\18069868949000521.jpg,media\stories\202506,4
file,18069928717960491.webp,.webp,media\stories\202506\18069928717960491.webp,media\stories\202506,4
file,18070812427960021.webp,.webp,media\stories\202506\18070812427960021.webp,media\stories\202506,4
file,18071142185488720.jpg,.jpg,media\stories\202506\18071142185488720.jpg,media\stories\202506,4
file,18071415620058760.mp4,.mp4,media\stories\202506\18071415620058760.mp4,media\stories\202506,4
file,18071795497752210.jpg,.jpg,media\stories\202506\18071795497752210.jpg,media\stories\202506,4
file,18071851567802583.mp4,.mp4,media\stories\202506\18071851567802583.mp4,media\stories\202506,4
file,18072191032764270.jpg,.jpg,media\stories\202506\18072191032764270.jpg,media\stories\202506,4
file,18073339531944745.mp4,.mp4,media\stories\202506\18073339531944745.mp4,media\stories\202506,4
file,18073428745786698.mp4,.mp4,media\stories\202506\18073428745786698.mp4,media\stories\202506,4
file,18074064595927660.jpg,.jpg,media\stories\202506\18074064595927660.jpg,media\stories\202506,4
file,18074971558923193.jpg,.jpg,media\stories\202506\18074971558923193.jpg,media\stories\202506,4
file,18075181097306412.jpg,.jpg,media\stories\202506\18075181097306412.jpg,media\stories\202506,4
file,18076590364733409.mp4,.mp4,media\stories\202506\18076590364733409.mp4,media\stories\202506,4
file,18077245942860707.mp4,.mp4,media\stories\202506\18077245942860707.mp4,media\stories\202506,4
file,18077725924897273.mp4,.mp4,media\stories\202506\18077725924897273.mp4,media\stories\202506,4
file,18078119164851598.jpg,.jpg,media\stories\202506\18078119164851598.jpg,media\stories\202506,4
file,18078839998882421.jpg,.jpg,media\stories\202506\18078839998882421.jpg,media\stories\202506,4
file,18079724821870768.mp4,.mp4,media\stories\202506\18079724821870768.mp4,media\stories\202506,4
file,18079906270827957.jpg,.jpg,media\stories\202506\18079906270827957.jpg,media\stories\202506,4
file,18080278498866613.mp4,.mp4,media\stories\202506\18080278498866613.mp4,media\stories\202506,4
file,18080437498835360.jpg,.jpg,media\stories\202506\18080437498835360.jpg,media\stories\202506,4
file,18081655732691837.mp4,.mp4,media\stories\202506\18081655732691837.mp4,media\stories\202506,4
file,18082295581832278.jpg,.jpg,media\stories\202506\18082295581832278.jpg,media\stories\202506,4
file,18082428796773972.jpg,.jpg,media\stories\202506\18082428796773972.jpg,media\stories\202506,4
file,18083423521699074.webp,.webp,media\stories\202506\18083423521699074.webp,media\stories\202506,4
file,18083705968795039.jpg,.jpg,media\stories\202506\18083705968795039.jpg,media\stories\202506,4
file,18083855350761144.jpg,.jpg,media\stories\202506\18083855350761144.jpg,media\stories\202506,4
file,18088951327644484.mp4,.mp4,media\stories\202506\18088951327644484.mp4,media\stories\202506,4
file,18089594419712183.mp4,.mp4,media\stories\202506\18089594419712183.mp4,media\stories\202506,4
file,18089680126568974.mp4,.mp4,media\stories\202506\18089680126568974.mp4,media\stories\202506,4
file,18089717011648860.mp4,.mp4,media\stories\202506\18089717011648860.mp4,media\stories\202506,4
file,18091579513528542.jpg,.jpg,media\stories\202506\18091579513528542.jpg,media\stories\202506,4
file,18096468553598938.mp4,.mp4,media\stories\202506\18096468553598938.mp4,media\stories\202506,4
file,18097550758589394.mp4,.mp4,media\stories\202506\18097550758589394.mp4,media\stories\202506,4
file,18098230954517852.jpg,.jpg,media\stories\202506\18098230954517852.jpg,media\stories\202506,4
file,18100061353492776.mp4,.mp4,media\stories\202506\18100061353492776.mp4,media\stories\202506,4
file,18100601641550739.mp4,.mp4,media\stories\202506\18100601641550739.mp4,media\stories\202506,4
file,18102253702557247.webp,.webp,media\stories\202506\18102253702557247.webp,media\stories\202506,4
file,18102970771555761.jpg,.jpg,media\stories\202506\18102970771555761.jpg,media\stories\202506,4
file,18114476446494683.jpg,.jpg,media\stories\202506\18114476446494683.jpg,media\stories\202506,4
file,18118171099476385.mp4,.mp4,media\stories\202506\18118171099476385.mp4,media\stories\202506,4
file,18131403094439236.mp4,.mp4,media\stories\202506\18131403094439236.mp4,media\stories\202506,4
file,18133751689421734.mp4,.mp4,media\stories\202506\18133751689421734.mp4,media\stories\202506,4
file,18143332237399463.mp4,.mp4,media\stories\202506\18143332237399463.mp4,media\stories\202506,4
file,18147198538383501.jpg,.jpg,media\stories\202506\18147198538383501.jpg,media\stories\202506,4
file,18150081943381096.mp4,.mp4,media\stories\202506\18150081943381096.mp4,media\stories\202506,4
file,18169969714347204.mp4,.mp4,media\stories\202506\18169969714347204.mp4,media\stories\202506,4
file,18180433387319384.mp4,.mp4,media\stories\202506\18180433387319384.mp4,media\stories\202506,4
file,18181933036320640.mp4,.mp4,media\stories\202506\18181933036320640.mp4,media\stories\202506,4
file,18270161866276805.jpg,.jpg,media\stories\202506\18270161866276805.jpg,media\stories\202506,4
file,18307246273244348.jpg,.jpg,media\stories\202506\18307246273244348.jpg,media\stories\202506,4
file,18309094978242569.jpg,.jpg,media\stories\202506\18309094978242569.jpg,media\stories\202506,4
file,18327872503205218.webp,.webp,media\stories\202506\18327872503205218.webp,media\stories\202506,4
file,18329198563205699.mp4,.mp4,media\stories\202506\18329198563205699.mp4,media\stories\202506,4
file,18351221911084174.jpg,.jpg,media\stories\202506\18351221911084174.jpg,media\stories\202506,4
file,18356559913156139.mp4,.mp4,media\stories\202506\18356559913156139.mp4,media\stories\202506,4
file,18357570196158669.jpg,.jpg,media\stories\202506\18357570196158669.jpg,media\stories\202506,4
file,18360443332145530.mp4,.mp4,media\stories\202506\18360443332145530.mp4,media\stories\202506,4
file,18371769223193795.jpg,.jpg,media\stories\202506\18371769223193795.jpg,media\stories\202506,4
file,18371966146135378.mp4,.mp4,media\stories\202506\18371966146135378.mp4,media\stories\202506,4
file,18374214595131145.mp4,.mp4,media\stories\202506\18374214595131145.mp4,media\stories\202506,4
file,18394132072119262.webp,.webp,media\stories\202506\18394132072119262.webp,media\stories\202506,4
file,18469703935072292.mp4,.mp4,media\stories\202506\18469703935072292.mp4,media\stories\202506,4
file,18488088970067423.jpg,.jpg,media\stories\202506\18488088970067423.jpg,media\stories\202506,4
file,18500507266050918.jpg,.jpg,media\stories\202506\18500507266050918.jpg,media\stories\202506,4
file,18517980793062814.jpg,.jpg,media\stories\202506\18517980793062814.jpg,media\stories\202506,4
file,18518496025022073.mp4,.mp4,media\stories\202506\18518496025022073.mp4,media\stories\202506,4
directory,202507,,media\stories\202507,media\stories,3
file,17842675404530946.jpg,.jpg,media\stories\202507\17842675404530946.jpg,media\stories\202507,4
file,17845161714536651.mp4,.mp4,media\stories\202507\17845161714536651.mp4,media\stories\202507,4
file,17849436060468507.jpg,.jpg,media\stories\202507\17849436060468507.jpg,media\stories\202507,4
file,17851339827505675.jpg,.jpg,media\stories\202507\17851339827505675.jpg,media\stories\202507,4
file,17853518295433925.jpg,.jpg,media\stories\202507\17853518295433925.jpg,media\stories\202507,4
file,17854141722491282.mp4,.mp4,media\stories\202507\17854141722491282.mp4,media\stories\202507,4
file,17868863907401243.webp,.webp,media\stories\202507\17868863907401243.webp,media\stories\202507,4
file,17873428065391905.jpg,.jpg,media\stories\202507\17873428065391905.jpg,media\stories\202507,4
file,17874607506412059.mp4,.mp4,media\stories\202507\17874607506412059.mp4,media\stories\202507,4
file,17876127834262127.mp4,.mp4,media\stories\202507\17876127834262127.mp4,media\stories\202507,4
file,17887327293194046.jpg,.jpg,media\stories\202507\17887327293194046.jpg,media\stories\202507,4
file,17891825943166712.jpg,.jpg,media\stories\202507\17891825943166712.jpg,media\stories\202507,4
file,17901616932232941.mp4,.mp4,media\stories\202507\17901616932232941.mp4,media\stories\202507,4
file,17903100516214285.mp4,.mp4,media\stories\202507\17903100516214285.mp4,media\stories\202507,4
file,17907486807071111.mp4,.mp4,media\stories\202507\17907486807071111.mp4,media\stories\202507,4
file,17912205927169038.jpg,.jpg,media\stories\202507\17912205927169038.jpg,media\stories\202507,4
file,17917202055129855.mp4,.mp4,media\stories\202507\17917202055129855.mp4,media\stories\202507,4
file,17927053725092780.jpg,.jpg,media\stories\202507\17927053725092780.jpg,media\stories\202507,4
file,17936503269025308.mp4,.mp4,media\stories\202507\17936503269025308.mp4,media\stories\202507,4
file,17936566731058356.jpg,.jpg,media\stories\202507\17936566731058356.jpg,media\stories\202507,4
file,17939259510041269.mp4,.mp4,media\stories\202507\17939259510041269.mp4,media\stories\202507,4
file,17941223799030335.mp4,.mp4,media\stories\202507\17941223799030335.mp4,media\stories\202507,4
file,17943105521892036.jpg,.jpg,media\stories\202507\17943105521892036.jpg,media\stories\202507,4
file,17945195789880456.jpg,.jpg,media\stories\202507\17945195789880456.jpg,media\stories\202507,4
file,17947278527991413.jpg,.jpg,media\stories\202507\17947278527991413.jpg,media\stories\202507,4
file,17980583483851016.mp4,.mp4,media\stories\202507\17980583483851016.mp4,media\stories\202507,4
file,17982846728720225.mp4,.mp4,media\stories\202507\17982846728720225.mp4,media\stories\202507,4
file,17990014406684018.mp4,.mp4,media\stories\202507\17990014406684018.mp4,media\stories\202507,4
file,17998963811797690.mp4,.mp4,media\stories\202507\17998963811797690.mp4,media\stories\202507,4
file,18011911874772587.jpg,.jpg,media\stories\202507\18011911874772587.jpg,media\stories\202507,4
file,18021917438527581.mp4,.mp4,media\stories\202507\18021917438527581.mp4,media\stories\202507,4
file,18023155217712748.jpg,.jpg,media\stories\202507\18023155217712748.jpg,media\stories\202507,4
file,18027984146703518.jpg,.jpg,media\stories\202507\18027984146703518.jpg,media\stories\202507,4
file,18035742902399682.jpg,.jpg,media\stories\202507\18035742902399682.jpg,media\stories\202507,4
file,18047582321565087.mp4,.mp4,media\stories\202507\18047582321565087.mp4,media\stories\202507,4
file,18047825936238479.mp4,.mp4,media\stories\202507\18047825936238479.mp4,media\stories\202507,4
file,18047978786445181.mp4,.mp4,media\stories\202507\18047978786445181.mp4,media\stories\202507,4
file,18048453050242287.mp4,.mp4,media\stories\202507\18048453050242287.mp4,media\stories\202507,4
file,18049357565627716.mp4,.mp4,media\stories\202507\18049357565627716.mp4,media\stories\202507,4
file,18051397730451283.mp4,.mp4,media\stories\202507\18051397730451283.mp4,media\stories\202507,4
file,18052466462454743.mp4,.mp4,media\stories\202507\18052466462454743.mp4,media\stories\202507,4
file,18052510457428058.mp4,.mp4,media\stories\202507\18052510457428058.mp4,media\stories\202507,4
file,18053852879600036.mp4,.mp4,media\stories\202507\18053852879600036.mp4,media\stories\202507,4
file,18054306554617903.mp4,.mp4,media\stories\202507\18054306554617903.mp4,media\stories\202507,4
file,18054332213121427.mp4,.mp4,media\stories\202507\18054332213121427.mp4,media\stories\202507,4
file,18055350956578849.mp4,.mp4,media\stories\202507\18055350956578849.mp4,media\stories\202507,4
file,18059085548366784.mp4,.mp4,media\stories\202507\18059085548366784.mp4,media\stories\202507,4
file,18059849987199385.mp4,.mp4,media\stories\202507\18059849987199385.mp4,media\stories\202507,4
file,18061766165209665.mp4,.mp4,media\stories\202507\18061766165209665.mp4,media\stories\202507,4
file,18065598917172967.mp4,.mp4,media\stories\202507\18065598917172967.mp4,media\stories\202507,4
file,18065972678174658.jpg,.jpg,media\stories\202507\18065972678174658.jpg,media\stories\202507,4
file,18066981281326302.mp4,.mp4,media\stories\202507\18066981281326302.mp4,media\stories\202507,4
file,18067433486154248.mp4,.mp4,media\stories\202507\18067433486154248.mp4,media\stories\202507,4
file,18070247597088382.mp4,.mp4,media\stories\202507\18070247597088382.mp4,media\stories\202507,4
file,18070662590014479.jpg,.jpg,media\stories\202507\18070662590014479.jpg,media\stories\202507,4
file,18070907009278784.jpg,.jpg,media\stories\202507\18070907009278784.jpg,media\stories\202507,4
file,18071663180001992.jpg,.jpg,media\stories\202507\18071663180001992.jpg,media\stories\202507,4
file,18072440605791462.jpg,.jpg,media\stories\202507\18072440605791462.jpg,media\stories\202507,4
file,18072463844074960.mp4,.mp4,media\stories\202507\18072463844074960.mp4,media\stories\202507,4
file,18073127566793382.jpg,.jpg,media\stories\202507\18073127566793382.jpg,media\stories\202507,4
file,18073316122971959.mp4,.mp4,media\stories\202507\18073316122971959.mp4,media\stories\202507,4
file,18073401950051868.mp4,.mp4,media\stories\202507\18073401950051868.mp4,media\stories\202507,4
file,18075456103822600.mp4,.mp4,media\stories\202507\18075456103822600.mp4,media\stories\202507,4
file,18077072803934963.mp4,.mp4,media\stories\202507\18077072803934963.mp4,media\stories\202507,4
file,18077304601928274.mp4,.mp4,media\stories\202507\18077304601928274.mp4,media\stories\202507,4
file,18078468442733632.mp4,.mp4,media\stories\202507\18078468442733632.mp4,media\stories\202507,4
file,18080851069868514.jpg,.jpg,media\stories\202507\18080851069868514.jpg,media\stories\202507,4
file,18085444990769454.mp4,.mp4,media\stories\202507\18085444990769454.mp4,media\stories\202507,4
file,18087473191668245.mp4,.mp4,media\stories\202507\18087473191668245.mp4,media\stories\202507,4
file,18087583606801222.mp4,.mp4,media\stories\202507\18087583606801222.mp4,media\stories\202507,4
file,18087675652703017.jpg,.jpg,media\stories\202507\18087675652703017.jpg,media\stories\202507,4
file,18089111209706624.mp4,.mp4,media\stories\202507\18089111209706624.mp4,media\stories\202507,4
file,18089414446673427.mp4,.mp4,media\stories\202507\18089414446673427.mp4,media\stories\202507,4
file,18094009387625431.mp4,.mp4,media\stories\202507\18094009387625431.mp4,media\stories\202507,4
file,18094781614722223.jpg,.jpg,media\stories\202507\18094781614722223.jpg,media\stories\202507,4
file,18095480953609684.jpg,.jpg,media\stories\202507\18095480953609684.jpg,media\stories\202507,4
file,18099766066584696.jpg,.jpg,media\stories\202507\18099766066584696.jpg,media\stories\202507,4
file,18112589569510073.mp4,.mp4,media\stories\202507\18112589569510073.mp4,media\stories\202507,4
file,18131079880428956.jpg,.jpg,media\stories\202507\18131079880428956.jpg,media\stories\202507,4
file,18134181874390406.mp4,.mp4,media\stories\202507\18134181874390406.mp4,media\stories\202507,4
file,18138162943412380.mp4,.mp4,media\stories\202507\18138162943412380.mp4,media\stories\202507,4
file,18150892471347655.jpg,.jpg,media\stories\202507\18150892471347655.jpg,media\stories\202507,4
file,18167121928353535.jpg,.jpg,media\stories\202507\18167121928353535.jpg,media\stories\202507,4
file,18195758734314130.jpg,.jpg,media\stories\202507\18195758734314130.jpg,media\stories\202507,4
file,18316815415239056.mp4,.mp4,media\stories\202507\18316815415239056.mp4,media\stories\202507,4
file,18317718412231215.mp4,.mp4,media\stories\202507\18317718412231215.mp4,media\stories\202507,4
file,18322511842231264.jpg,.jpg,media\stories\202507\18322511842231264.jpg,media\stories\202507,4
file,18351325957158055.mp4,.mp4,media\stories\202507\18351325957158055.mp4,media\stories\202507,4
file,18363794410148321.mp4,.mp4,media\stories\202507\18363794410148321.mp4,media\stories\202507,4
file,18467587687079117.jpg,.jpg,media\stories\202507\18467587687079117.jpg,media\stories\202507,4
file,18513436996053434.mp4,.mp4,media\stories\202507\18513436996053434.mp4,media\stories\202507,4
file,18514125853011636.jpg,.jpg,media\stories\202507\18514125853011636.jpg,media\stories\202507,4
directory,202508,,media\stories\202508,media\stories,3
file,17846795439528692.mp4,.mp4,media\stories\202508\17846795439528692.mp4,media\stories\202508,4
file,17847661815528953.heic,.heic,media\stories\202508\17847661815528953.heic,media\stories\202508,4
file,17852600130509378.mp4,.mp4,media\stories\202508\17852600130509378.mp4,media\stories\202508,4
file,17854730757508356.mp4,.mp4,media\stories\202508\17854730757508356.mp4,media\stories\202508,4
file,17854999080460428.mp4,.mp4,media\stories\202508\17854999080460428.mp4,media\stories\202508,4
file,17855255889484801.mp4,.mp4,media\stories\202508\17855255889484801.mp4,media\stories\202508,4
file,17855549283493965.jpg,.jpg,media\stories\202508\17855549283493965.jpg,media\stories\202508,4
file,17863506675445121.mp4,.mp4,media\stories\202508\17863506675445121.mp4,media\stories\202508,4
file,17864208816445710.mp4,.mp4,media\stories\202508\17864208816445710.mp4,media\stories\202508,4
file,17865352821444855.jpg,.jpg,media\stories\202508\17865352821444855.jpg,media\stories\202508,4
file,17865453894438833.mp4,.mp4,media\stories\202508\17865453894438833.mp4,media\stories\202508,4
file,17876101860280197.mp4,.mp4,media\stories\202508\17876101860280197.mp4,media\stories\202508,4
file,17876627814393536.mp4,.mp4,media\stories\202508\17876627814393536.mp4,media\stories\202508,4
file,17880504306263944.mp4,.mp4,media\stories\202508\17880504306263944.mp4,media\stories\202508,4
file,17883198888240585.mp4,.mp4,media\stories\202508\17883198888240585.mp4,media\stories\202508,4
file,17883866256241033.mp4,.mp4,media\stories\202508\17883866256241033.mp4,media\stories\202508,4
file,17886536595226056.jpg,.jpg,media\stories\202508\17886536595226056.jpg,media\stories\202508,4
file,17889847932308273.mp4,.mp4,media\stories\202508\17889847932308273.mp4,media\stories\202508,4
file,17889990900299417.mp4,.mp4,media\stories\202508\17889990900299417.mp4,media\stories\202508,4
file,17890915248319597.heic,.heic,media\stories\202508\17890915248319597.heic,media\stories\202508,4
file,17891688261185715.mp4,.mp4,media\stories\202508\17891688261185715.mp4,media\stories\202508,4
file,17891694078183483.mp4,.mp4,media\stories\202508\17891694078183483.mp4,media\stories\202508,4
file,17892451800182527.mp4,.mp4,media\stories\202508\17892451800182527.mp4,media\stories\202508,4
file,17892553671322324.mp4,.mp4,media\stories\202508\17892553671322324.mp4,media\stories\202508,4
file,17896999650269265.mp4,.mp4,media\stories\202508\17896999650269265.mp4,media\stories\202508,4
file,17897631111147708.mp4,.mp4,media\stories\202508\17897631111147708.mp4,media\stories\202508,4
file,17904250044225742.mp4,.mp4,media\stories\202508\17904250044225742.mp4,media\stories\202508,4
file,17904852573238116.mp4,.mp4,media\stories\202508\17904852573238116.mp4,media\stories\202508,4
file,17905149654229917.mp4,.mp4,media\stories\202508\17905149654229917.mp4,media\stories\202508,4
file,17905596729208874.mp4,.mp4,media\stories\202508\17905596729208874.mp4,media\stories\202508,4
file,17910792921190944.mp4,.mp4,media\stories\202508\17910792921190944.mp4,media\stories\202508,4
file,17912038860191505.mp4,.mp4,media\stories\202508\17912038860191505.mp4,media\stories\202508,4
file,17913844101188702.mp4,.mp4,media\stories\202508\17913844101188702.mp4,media\stories\202508,4
file,17917093887166589.jpg,.jpg,media\stories\202508\17917093887166589.jpg,media\stories\202508,4
file,17919077280135926.mp4,.mp4,media\stories\202508\17919077280135926.mp4,media\stories\202508,4
file,17922043551076223.mp4,.mp4,media\stories\202508\17922043551076223.mp4,media\stories\202508,4
file,17923792626099086.mp4,.mp4,media\stories\202508\17923792626099086.mp4,media\stories\202508,4
file,17923904805099073.mp4,.mp4,media\stories\202508\17923904805099073.mp4,media\stories\202508,4
file,17927301030102042.heic,.heic,media\stories\202508\17927301030102042.heic,media\stories\202508,4
file,17930135496092461.mp4,.mp4,media\stories\202508\17930135496092461.mp4,media\stories\202508,4
file,17938595190064123.mp4,.mp4,media\stories\202508\17938595190064123.mp4,media\stories\202508,4
file,17940813369050779.mp4,.mp4,media\stories\202508\17940813369050779.mp4,media\stories\202508,4
file,17947539549010856.heic,.heic,media\stories\202508\17947539549010856.heic,media\stories\202508,4
file,17948204013054810.jpg,.jpg,media\stories\202508\17948204013054810.jpg,media\stories\202508,4
file,17958064037970950.mp4,.mp4,media\stories\202508\17958064037970950.mp4,media\stories\202508,4
file,17958513278967108.mp4,.mp4,media\stories\202508\17958513278967108.mp4,media\stories\202508,4
file,17958632117827104.mp4,.mp4,media\stories\202508\17958632117827104.mp4,media\stories\202508,4
file,17963811053808868.mp4,.mp4,media\stories\202508\17963811053808868.mp4,media\stories\202508,4
file,17966367140948442.mp4,.mp4,media\stories\202508\17966367140948442.mp4,media\stories\202508,4
file,17967136901948939.mp4,.mp4,media\stories\202508\17967136901948939.mp4,media\stories\202508,4
file,17973187862774805.mp4,.mp4,media\stories\202508\17973187862774805.mp4,media\stories\202508,4
file,17975210222867343.mp4,.mp4,media\stories\202508\17975210222867343.mp4,media\stories\202508,4
file,17980106540887085.mp4,.mp4,media\stories\202508\17980106540887085.mp4,media\stories\202508,4
file,17980428641857694.mp4,.mp4,media\stories\202508\17980428641857694.mp4,media\stories\202508,4
file,17980493003890065.mp4,.mp4,media\stories\202508\17980493003890065.mp4,media\stories\202508,4
file,17991265064683480.mp4,.mp4,media\stories\202508\17991265064683480.mp4,media\stories\202508,4
file,17993491484677331.mp4,.mp4,media\stories\202508\17993491484677331.mp4,media\stories\202508,4
file,18000693854806236.mp4,.mp4,media\stories\202508\18000693854806236.mp4,media\stories\202508,4
file,18001362806647460.heic,.heic,media\stories\202508\18001362806647460.heic,media\stories\202508,4
file,18005991689797742.mp4,.mp4,media\stories\202508\18005991689797742.mp4,media\stories\202508,4
file,18007897736792458.mp4,.mp4,media\stories\202508\18007897736792458.mp4,media\stories\202508,4
file,18012420242773768.mp4,.mp4,media\stories\202508\18012420242773768.mp4,media\stories\202508,4
file,18014103758762227.mp4,.mp4,media\stories\202508\18014103758762227.mp4,media\stories\202508,4
file,18016139078778049.mp4,.mp4,media\stories\202508\18016139078778049.mp4,media\stories\202508,4
file,18017081297760948.mp4,.mp4,media\stories\202508\18017081297760948.mp4,media\stories\202508,4
file,18017436800764985.mp4,.mp4,media\stories\202508\18017436800764985.mp4,media\stories\202508,4
file,18019602857736585.mp4,.mp4,media\stories\202508\18019602857736585.mp4,media\stories\202508,4
file,18020381849537648.mp4,.mp4,media\stories\202508\18020381849537648.mp4,media\stories\202508,4
file,18020424044557228.mp4,.mp4,media\stories\202508\18020424044557228.mp4,media\stories\202508,4
file,18021716744725796.heic,.heic,media\stories\202508\18021716744725796.heic,media\stories\202508,4
file,18034958078484873.mp4,.mp4,media\stories\202508\18034958078484873.mp4,media\stories\202508,4
file,18035608754667962.mp4,.mp4,media\stories\202508\18035608754667962.mp4,media\stories\202508,4
file,18037664261460758.heic,.heic,media\stories\202508\18037664261460758.heic,media\stories\202508,4
file,18039552521653884.mp4,.mp4,media\stories\202508\18039552521653884.mp4,media\stories\202508,4
file,18041294741373414.mp4,.mp4,media\stories\202508\18041294741373414.mp4,media\stories\202508,4
file,18045380726310741.mp4,.mp4,media\stories\202508\18045380726310741.mp4,media\stories\202508,4
file,18045975431644147.mp4,.mp4,media\stories\202508\18045975431644147.mp4,media\stories\202508,4
file,18049021871255058.mp4,.mp4,media\stories\202508\18049021871255058.mp4,media\stories\202508,4
file,18049546997249826.mp4,.mp4,media\stories\202508\18049546997249826.mp4,media\stories\202508,4
file,18050318528203269.mp4,.mp4,media\stories\202508\18050318528203269.mp4,media\stories\202508,4
file,18050513189565010.mp4,.mp4,media\stories\202508\18050513189565010.mp4,media\stories\202508,4
file,18051371966196093.mp4,.mp4,media\stories\202508\18051371966196093.mp4,media\stories\202508,4
file,18051562331235722.mp4,.mp4,media\stories\202508\18051562331235722.mp4,media\stories\202508,4
file,18052168970204689.mp4,.mp4,media\stories\202508\18052168970204689.mp4,media\stories\202508,4
file,18052608116531897.mp4,.mp4,media\stories\202508\18052608116531897.mp4,media\stories\202508,4
file,18053024600427251.mp4,.mp4,media\stories\202508\18053024600427251.mp4,media\stories\202508,4
file,18053521157447043.mp4,.mp4,media\stories\202508\18053521157447043.mp4,media\stories\202508,4
file,18054704453567097.jpg,.jpg,media\stories\202508\18054704453567097.jpg,media\stories\202508,4
file,18055296095625155.jpg,.jpg,media\stories\202508\18055296095625155.jpg,media\stories\202508,4
file,18056153585426801.mp4,.mp4,media\stories\202508\18056153585426801.mp4,media\stories\202508,4
file,18056158955613904.jpg,.jpg,media\stories\202508\18056158955613904.jpg,media\stories\202508,4
file,18056931560376691.mp4,.mp4,media\stories\202508\18056931560376691.mp4,media\stories\202508,4
file,18058605401342924.mp4,.mp4,media\stories\202508\18058605401342924.mp4,media\stories\202508,4
file,18059183153605995.mp4,.mp4,media\stories\202508\18059183153605995.mp4,media\stories\202508,4
file,18059256386074633.mp4,.mp4,media\stories\202508\18059256386074633.mp4,media\stories\202508,4
file,18061413419366525.jpg,.jpg,media\stories\202508\18061413419366525.jpg,media\stories\202508,4
file,18063274739247684.jpg,.jpg,media\stories\202508\18063274739247684.jpg,media\stories\202508,4
file,18063525710249725.jpg,.jpg,media\stories\202508\18063525710249725.jpg,media\stories\202508,4
file,18063686231017853.mp4,.mp4,media\stories\202508\18063686231017853.mp4,media\stories\202508,4
file,18064698305243755.mp4,.mp4,media\stories\202508\18064698305243755.mp4,media\stories\202508,4
file,18064742525219895.mp4,.mp4,media\stories\202508\18064742525219895.mp4,media\stories\202508,4
file,18066052319272348.mp4,.mp4,media\stories\202508\18066052319272348.mp4,media\stories\202508,4
file,18066151196184111.mp4,.mp4,media\stories\202508\18066151196184111.mp4,media\stories\202508,4
file,18066821453138923.mp4,.mp4,media\stories\202508\18066821453138923.mp4,media\stories\202508,4
file,18066968738516935.mp4,.mp4,media\stories\202508\18066968738516935.mp4,media\stories\202508,4
file,18067444024923758.mp4,.mp4,media\stories\202508\18067444024923758.mp4,media\stories\202508,4
file,18067891211333526.mp4,.mp4,media\stories\202508\18067891211333526.mp4,media\stories\202508,4
file,18068080828947419.mp4,.mp4,media\stories\202508\18068080828947419.mp4,media\stories\202508,4
file,18068252138137502.mp4,.mp4,media\stories\202508\18068252138137502.mp4,media\stories\202508,4
file,18069034390907922.mp4,.mp4,media\stories\202508\18069034390907922.mp4,media\stories\202508,4
file,18069496412323757.mp4,.mp4,media\stories\202508\18069496412323757.mp4,media\stories\202508,4
file,18069725002908236.mp4,.mp4,media\stories\202508\18069725002908236.mp4,media\stories\202508,4
file,18070386701512714.mp4,.mp4,media\stories\202508\18070386701512714.mp4,media\stories\202508,4
file,18071706881041057.mp4,.mp4,media\stories\202508\18071706881041057.mp4,media\stories\202508,4
file,18072277955088575.mp4,.mp4,media\stories\202508\18072277955088575.mp4,media\stories\202508,4
file,18072338866841861.mp4,.mp4,media\stories\202508\18072338866841861.mp4,media\stories\202508,4
file,18073074428007404.mp4,.mp4,media\stories\202508\18073074428007404.mp4,media\stories\202508,4
file,18073174268072613.mp4,.mp4,media\stories\202508\18073174268072613.mp4,media\stories\202508,4
file,18073336763027497.mp4,.mp4,media\stories\202508\18073336763027497.mp4,media\stories\202508,4
file,18073381034015888.mp4,.mp4,media\stories\202508\18073381034015888.mp4,media\stories\202508,4
file,18073583185870962.mp4,.mp4,media\stories\202508\18073583185870962.mp4,media\stories\202508,4
file,18073612598051101.mp4,.mp4,media\stories\202508\18073612598051101.mp4,media\stories\202508,4
file,18074635388044671.heic,.heic,media\stories\202508\18074635388044671.heic,media\stories\202508,4
file,18075740551953556.mp4,.mp4,media\stories\202508\18075740551953556.mp4,media\stories\202508,4
file,18075782321482549.jpg,.jpg,media\stories\202508\18075782321482549.jpg,media\stories\202508,4
file,18076307236967537.mp4,.mp4,media\stories\202508\18076307236967537.mp4,media\stories\202508,4
file,18076909396804431.mp4,.mp4,media\stories\202508\18076909396804431.mp4,media\stories\202508,4
file,18077458880076717.mp4,.mp4,media\stories\202508\18077458880076717.mp4,media\stories\202508,4
file,18077508442802931.mp4,.mp4,media\stories\202508\18077508442802931.mp4,media\stories\202508,4
file,18077794609946397.mp4,.mp4,media\stories\202508\18077794609946397.mp4,media\stories\202508,4
file,18077981173955779.mp4,.mp4,media\stories\202508\18077981173955779.mp4,media\stories\202508,4
file,18078582031937688.jpg,.jpg,media\stories\202508\18078582031937688.jpg,media\stories\202508,4
file,18079847770917458.jpg,.jpg,media\stories\202508\18079847770917458.jpg,media\stories\202508,4
file,18079928611927833.mp4,.mp4,media\stories\202508\18079928611927833.mp4,media\stories\202508,4
file,18080533885928022.mp4,.mp4,media\stories\202508\18080533885928022.mp4,media\stories\202508,4
file,18080628185507788.heic,.heic,media\stories\202508\18080628185507788.heic,media\stories\202508,4
file,18080961067910909.mp4,.mp4,media\stories\202508\18080961067910909.mp4,media\stories\202508,4
file,18082827910927776.mp4,.mp4,media\stories\202508\18082827910927776.mp4,media\stories\202508,4
file,18091173370707838.mp4,.mp4,media\stories\202508\18091173370707838.mp4,media\stories\202508,4
file,18091988869736282.mp4,.mp4,media\stories\202508\18091988869736282.mp4,media\stories\202508,4
file,18092385973674718.mp4,.mp4,media\stories\202508\18092385973674718.mp4,media\stories\202508,4
file,18092402455628863.mp4,.mp4,media\stories\202508\18092402455628863.mp4,media\stories\202508,4
file,18092720092635049.mp4,.mp4,media\stories\202508\18092720092635049.mp4,media\stories\202508,4
file,18094409116581604.mp4,.mp4,media\stories\202508\18094409116581604.mp4,media\stories\202508,4
file,18096240808714989.mp4,.mp4,media\stories\202508\18096240808714989.mp4,media\stories\202508,4
file,18101408473587428.mp4,.mp4,media\stories\202508\18101408473587428.mp4,media\stories\202508,4
file,18101785672580500.mp4,.mp4,media\stories\202508\18101785672580500.mp4,media\stories\202508,4
file,18102649246591568.jpg,.jpg,media\stories\202508\18102649246591568.jpg,media\stories\202508,4
file,18102915511603649.mp4,.mp4,media\stories\202508\18102915511603649.mp4,media\stories\202508,4
file,18105035887565444.mp4,.mp4,media\stories\202508\18105035887565444.mp4,media\stories\202508,4
file,18105849688562173.mp4,.mp4,media\stories\202508\18105849688562173.mp4,media\stories\202508,4
file,18107981959479178.mp4,.mp4,media\stories\202508\18107981959479178.mp4,media\stories\202508,4
file,18108663505534901.mp4,.mp4,media\stories\202508\18108663505534901.mp4,media\stories\202508,4
file,18109208629550252.mp4,.mp4,media\stories\202508\18109208629550252.mp4,media\stories\202508,4
file,18109311511537532.mp4,.mp4,media\stories\202508\18109311511537532.mp4,media\stories\202508,4
file,18121181314490447.mp4,.mp4,media\stories\202508\18121181314490447.mp4,media\stories\202508,4
file,18121906402486287.jpg,.jpg,media\stories\202508\18121906402486287.jpg,media\stories\202508,4
file,18122770732470497.jpg,.jpg,media\stories\202508\18122770732470497.jpg,media\stories\202508,4
file,18126984691459543.mp4,.mp4,media\stories\202508\18126984691459543.mp4,media\stories\202508,4
file,18128317552458073.mp4,.mp4,media\stories\202508\18128317552458073.mp4,media\stories\202508,4
file,18132227233449931.mp4,.mp4,media\stories\202508\18132227233449931.mp4,media\stories\202508,4
file,18155688427375806.mp4,.mp4,media\stories\202508\18155688427375806.mp4,media\stories\202508,4
file,18162234106369641.mp4,.mp4,media\stories\202508\18162234106369641.mp4,media\stories\202508,4
file,18190712005318275.mp4,.mp4,media\stories\202508\18190712005318275.mp4,media\stories\202508,4
file,18283818061286336.mp4,.mp4,media\stories\202508\18283818061286336.mp4,media\stories\202508,4
file,18291350317265690.mp4,.mp4,media\stories\202508\18291350317265690.mp4,media\stories\202508,4
file,18306994711216769.mp4,.mp4,media\stories\202508\18306994711216769.mp4,media\stories\202508,4
file,18316973524241118.mp4,.mp4,media\stories\202508\18316973524241118.mp4,media\stories\202508,4
file,18317697118239513.jpg,.jpg,media\stories\202508\18317697118239513.jpg,media\stories\202508,4
file,18322048996225976.jpg,.jpg,media\stories\202508\18322048996225976.jpg,media\stories\202508,4
file,18335469667202405.mp4,.mp4,media\stories\202508\18335469667202405.mp4,media\stories\202508,4
file,18335881558200928.jpg,.jpg,media\stories\202508\18335881558200928.jpg,media\stories\202508,4
file,18338692147200555.mp4,.mp4,media\stories\202508\18338692147200555.mp4,media\stories\202508,4
file,18353891659095751.mp4,.mp4,media\stories\202508\18353891659095751.mp4,media\stories\202508,4
file,18368548849194009.mp4,.mp4,media\stories\202508\18368548849194009.mp4,media\stories\202508,4
file,18370539232176823.mp4,.mp4,media\stories\202508\18370539232176823.mp4,media\stories\202508,4
file,18378001918135228.mp4,.mp4,media\stories\202508\18378001918135228.mp4,media\stories\202508,4
file,18385620652130677.mp4,.mp4,media\stories\202508\18385620652130677.mp4,media\stories\202508,4
file,18427775182098209.mp4,.mp4,media\stories\202508\18427775182098209.mp4,media\stories\202508,4
file,18506582242020345.mp4,.mp4,media\stories\202508\18506582242020345.mp4,media\stories\202508,4
file,18518910133023725.heic,.heic,media\stories\202508\18518910133023725.heic,media\stories\202508,4
file,18538063714004086.mp4,.mp4,media\stories\202508\18538063714004086.mp4,media\stories\202508,4
directory,202509,,media\stories\202509,media\stories,3
file,17848406730552874.mp4,.mp4,media\stories\202509\17848406730552874.mp4,media\stories\202509,4
file,17848996086564338.heic,.heic,media\stories\202509\17848996086564338.heic,media\stories\202509,4
file,17850044400558269.jpg,.jpg,media\stories\202509\17850044400558269.jpg,media\stories\202509,4
file,17850380778505619.mp4,.mp4,media\stories\202509\17850380778505619.mp4,media\stories\202509,4
file,17854136514537161.heic,.heic,media\stories\202509\17854136514537161.heic,media\stories\202509,4
file,17854753917535944.mp4,.mp4,media\stories\202509\17854753917535944.mp4,media\stories\202509,4
file,17854810857515755.mp4,.mp4,media\stories\202509\17854810857515755.mp4,media\stories\202509,4
file,17859162519480456.mp4,.mp4,media\stories\202509\17859162519480456.mp4,media\stories\202509,4
file,17861983632474738.mp4,.mp4,media\stories\202509\17861983632474738.mp4,media\stories\202509,4
file,17863098213397992.mp4,.mp4,media\stories\202509\17863098213397992.mp4,media\stories\202509,4
file,17877658698404823.mp4,.mp4,media\stories\202509\17877658698404823.mp4,media\stories\202509,4
file,17879378355391423.mp4,.mp4,media\stories\202509\17879378355391423.mp4,media\stories\202509,4
file,17879518314390308.mp4,.mp4,media\stories\202509\17879518314390308.mp4,media\stories\202509,4
file,17879576823402657.mp4,.mp4,media\stories\202509\17879576823402657.mp4,media\stories\202509,4
file,17880471114400349.mp4,.mp4,media\stories\202509\17880471114400349.mp4,media\stories\202509,4
file,17880805173280933.mp4,.mp4,media\stories\202509\17880805173280933.mp4,media\stories\202509,4
file,17883587253381998.heic,.heic,media\stories\202509\17883587253381998.heic,media\stories\202509,4
file,17886887610348018.mp4,.mp4,media\stories\202509\17886887610348018.mp4,media\stories\202509,4
file,17891934993316355.mp4,.mp4,media\stories\202509\17891934993316355.mp4,media\stories\202509,4
file,17892766788182398.mp4,.mp4,media\stories\202509\17892766788182398.mp4,media\stories\202509,4
file,17893146771324025.heic,.heic,media\stories\202509\17893146771324025.heic,media\stories\202509,4
file,17893159875317733.heic,.heic,media\stories\202509\17893159875317733.heic,media\stories\202509,4
file,17894303637295678.mp4,.mp4,media\stories\202509\17894303637295678.mp4,media\stories\202509,4
file,17895666789287025.mp4,.mp4,media\stories\202509\17895666789287025.mp4,media\stories\202509,4
file,17899689651273288.mp4,.mp4,media\stories\202509\17899689651273288.mp4,media\stories\202509,4
file,17900267787144307.mp4,.mp4,media\stories\202509\17900267787144307.mp4,media\stories\202509,4
file,17905622163101043.mp4,.mp4,media\stories\202509\17905622163101043.mp4,media\stories\202509,4
file,17906367990098442.mp4,.mp4,media\stories\202509\17906367990098442.mp4,media\stories\202509,4
file,17906374752096592.jpg,.jpg,media\stories\202509\17906374752096592.jpg,media\stories\202509,4
file,17908347450227023.heic,.heic,media\stories\202509\17908347450227023.heic,media\stories\202509,4
file,17908387881220516.heic,.heic,media\stories\202509\17908387881220516.heic,media\stories\202509,4
file,17908654176247634.mp4,.mp4,media\stories\202509\17908654176247634.mp4,media\stories\202509,4
file,17908990254227181.jpg,.jpg,media\stories\202509\17908990254227181.jpg,media\stories\202509,4
file,17915665494177363.mp4,.mp4,media\stories\202509\17915665494177363.mp4,media\stories\202509,4
file,17917719870167621.mp4,.mp4,media\stories\202509\17917719870167621.mp4,media\stories\202509,4
file,17918184645171631.heic,.heic,media\stories\202509\17918184645171631.heic,media\stories\202509,4
file,17918889759150673.mp4,.mp4,media\stories\202509\17918889759150673.mp4,media\stories\202509,4
file,17923863798107950.mp4,.mp4,media\stories\202509\17923863798107950.mp4,media\stories\202509,4
file,17925713099996968.mp4,.mp4,media\stories\202509\17925713099996968.mp4,media\stories\202509,4
file,17928250530100098.mp4,.mp4,media\stories\202509\17928250530100098.mp4,media\stories\202509,4
file,17929399773102442.mp4,.mp4,media\stories\202509\17929399773102442.mp4,media\stories\202509,4
file,17933572392088442.mp4,.mp4,media\stories\202509\17933572392088442.mp4,media\stories\202509,4
file,17933764202962922.mp4,.mp4,media\stories\202509\17933764202962922.mp4,media\stories\202509,4
file,17935170827960020.heic,.heic,media\stories\202509\17935170827960020.heic,media\stories\202509,4
file,17937121848077595.heic,.heic,media\stories\202509\17937121848077595.heic,media\stories\202509,4
file,17944671840023191.mp4,.mp4,media\stories\202509\17944671840023191.mp4,media\stories\202509,4
file,17947674465012686.mp4,.mp4,media\stories\202509\17947674465012686.mp4,media\stories\202509,4
file,17948406306010357.mp4,.mp4,media\stories\202509\17948406306010357.mp4,media\stories\202509,4
file,17951070512878557.mp4,.mp4,media\stories\202509\17951070512878557.mp4,media\stories\202509,4
file,17953030371002103.mp4,.mp4,media\stories\202509\17953030371002103.mp4,media\stories\202509,4
file,17953845464860404.mp4,.mp4,media\stories\202509\17953845464860404.mp4,media\stories\202509,4
file,17958443717989346.mp4,.mp4,media\stories\202509\17958443717989346.mp4,media\stories\202509,4
file,17962365506823576.mp4,.mp4,media\stories\202509\17962365506823576.mp4,media\stories\202509,4
file,17965700177964990.heic,.heic,media\stories\202509\17965700177964990.heic,media\stories\202509,4
file,17972152703787104.mp4,.mp4,media\stories\202509\17972152703787104.mp4,media\stories\202509,4
file,17974346492779456.mp4,.mp4,media\stories\202509\17974346492779456.mp4,media\stories\202509,4
file,17974483913925900.mp4,.mp4,media\stories\202509\17974483913925900.mp4,media\stories\202509,4
file,17981034155884789.heic,.heic,media\stories\202509\17981034155884789.heic,media\stories\202509,4
file,17984518259850627.mp4,.mp4,media\stories\202509\17984518259850627.mp4,media\stories\202509,4
file,17989162892836275.heic,.heic,media\stories\202509\17989162892836275.heic,media\stories\202509,4
file,18012454508787303.mp4,.mp4,media\stories\202509\18012454508787303.mp4,media\stories\202509,4
file,18019692530765482.heic,.heic,media\stories\202509\18019692530765482.heic,media\stories\202509,4
file,18019989890758848.mp4,.mp4,media\stories\202509\18019989890758848.mp4,media\stories\202509,4
file,18020614994561359.mp4,.mp4,media\stories\202509\18020614994561359.mp4,media\stories\202509,4
file,18022370867727026.heic,.heic,media\stories\202509\18022370867727026.heic,media\stories\202509,4
file,18023099162742504.mp4,.mp4,media\stories\202509\18023099162742504.mp4,media\stories\202509,4
file,18029257112709977.jpg,.jpg,media\stories\202509\18029257112709977.jpg,media\stories\202509,4
file,18032711270507216.heic,.heic,media\stories\202509\18032711270507216.heic,media\stories\202509,4
file,18033095609687810.mp4,.mp4,media\stories\202509\18033095609687810.mp4,media\stories\202509,4
file,18034363562497145.mp4,.mp4,media\stories\202509\18034363562497145.mp4,media\stories\202509,4
file,18035736209494637.mp4,.mp4,media\stories\202509\18035736209494637.mp4,media\stories\202509,4
file,18038266805452682.mp4,.mp4,media\stories\202509\18038266805452682.mp4,media\stories\202509,4
file,18038334665441691.mp4,.mp4,media\stories\202509\18038334665441691.mp4,media\stories\202509,4
file,18038575136692241.mp4,.mp4,media\stories\202509\18038575136692241.mp4,media\stories\202509,4
file,18039726923688223.heic,.heic,media\stories\202509\18039726923688223.heic,media\stories\202509,4
file,18039987722418618.mp4,.mp4,media\stories\202509\18039987722418618.mp4,media\stories\202509,4
file,18040336613402677.mp4,.mp4,media\stories\202509\18040336613402677.mp4,media\stories\202509,4
file,18041787029395371.mp4,.mp4,media\stories\202509\18041787029395371.mp4,media\stories\202509,4
file,18044939729663692.mp4,.mp4,media\stories\202509\18044939729663692.mp4,media\stories\202509,4
file,18045304874359661.mp4,.mp4,media\stories\202509\18045304874359661.mp4,media\stories\202509,4
file,18046280696324738.mp4,.mp4,media\stories\202509\18046280696324738.mp4,media\stories\202509,4
file,18048651125300835.mp4,.mp4,media\stories\202509\18048651125300835.mp4,media\stories\202509,4
file,18050206166542843.mp4,.mp4,media\stories\202509\18050206166542843.mp4,media\stories\202509,4
file,18050841200258928.mp4,.mp4,media\stories\202509\18050841200258928.mp4,media\stories\202509,4
file,18051019394536137.mp4,.mp4,media\stories\202509\18051019394536137.mp4,media\stories\202509,4
file,18051592601634036.mp4,.mp4,media\stories\202509\18051592601634036.mp4,media\stories\202509,4
file,18054158720625219.mp4,.mp4,media\stories\202509\18054158720625219.mp4,media\stories\202509,4
file,18055133813444148.mp4,.mp4,media\stories\202509\18055133813444148.mp4,media\stories\202509,4
file,18055427942427161.mp4,.mp4,media\stories\202509\18055427942427161.mp4,media\stories\202509,4
file,18056147666394419.mp4,.mp4,media\stories\202509\18056147666394419.mp4,media\stories\202509,4
file,18056732705408706.heic,.heic,media\stories\202509\18056732705408706.heic,media\stories\202509,4
file,18056830079178685.mp4,.mp4,media\stories\202509\18056830079178685.mp4,media\stories\202509,4
file,18057021608573716.heic,.heic,media\stories\202509\18057021608573716.heic,media\stories\202509,4
file,18057181079124856.jpg,.jpg,media\stories\202509\18057181079124856.jpg,media\stories\202509,4
file,18057503153421907.heic,.heic,media\stories\202509\18057503153421907.heic,media\stories\202509,4
file,18058008485452819.mp4,.mp4,media\stories\202509\18058008485452819.mp4,media\stories\202509,4
file,18058246553396366.mp4,.mp4,media\stories\202509\18058246553396366.mp4,media\stories\202509,4
file,18058752449121309.mp4,.mp4,media\stories\202509\18058752449121309.mp4,media\stories\202509,4
file,18060886280381630.mp4,.mp4,media\stories\202509\18060886280381630.mp4,media\stories\202509,4
file,18062329565054448.mp4,.mp4,media\stories\202509\18062329565054448.mp4,media\stories\202509,4
file,18062768924076414.jpg,.jpg,media\stories\202509\18062768924076414.jpg,media\stories\202509,4
file,18064049456365539.mp4,.mp4,media\stories\202509\18064049456365539.mp4,media\stories\202509,4
file,18064157660034600.mp4,.mp4,media\stories\202509\18064157660034600.mp4,media\stories\202509,4
file,18064185425585824.mp4,.mp4,media\stories\202509\18064185425585824.mp4,media\stories\202509,4
file,18064391144340885.mp4,.mp4,media\stories\202509\18064391144340885.mp4,media\stories\202509,4
file,18064748423254759.mp4,.mp4,media\stories\202509\18064748423254759.mp4,media\stories\202509,4
file,18065152337042435.mp4,.mp4,media\stories\202509\18065152337042435.mp4,media\stories\202509,4
file,18065260481252615.mp4,.mp4,media\stories\202509\18065260481252615.mp4,media\stories\202509,4
file,18065831921225151.mp4,.mp4,media\stories\202509\18065831921225151.mp4,media\stories\202509,4
file,18066258641376695.mp4,.mp4,media\stories\202509\18066258641376695.mp4,media\stories\202509,4
file,18067683398254716.mp4,.mp4,media\stories\202509\18067683398254716.mp4,media\stories\202509,4
file,18067890440270575.mp4,.mp4,media\stories\202509\18067890440270575.mp4,media\stories\202509,4
file,18068169280972473.mp4,.mp4,media\stories\202509\18068169280972473.mp4,media\stories\202509,4
file,18069664178154414.mp4,.mp4,media\stories\202509\18069664178154414.mp4,media\stories\202509,4
file,18069727781271970.mp4,.mp4,media\stories\202509\18069727781271970.mp4,media\stories\202509,4
file,18070429675908408.mp4,.mp4,media\stories\202509\18070429675908408.mp4,media\stories\202509,4
file,18070684787135776.mp4,.mp4,media\stories\202509\18070684787135776.mp4,media\stories\202509,4
file,18070880762113931.mp4,.mp4,media\stories\202509\18070880762113931.mp4,media\stories\202509,4
file,18071517133916983.mp4,.mp4,media\stories\202509\18071517133916983.mp4,media\stories\202509,4
file,18071791409138600.mp4,.mp4,media\stories\202509\18071791409138600.mp4,media\stories\202509,4
file,18072041626930555.mp4,.mp4,media\stories\202509\18072041626930555.mp4,media\stories\202509,4
file,18072551492174330.mp4,.mp4,media\stories\202509\18072551492174330.mp4,media\stories\202509,4
file,18072877495884079.mp4,.mp4,media\stories\202509\18072877495884079.mp4,media\stories\202509,4
file,18074208908467253.mp4,.mp4,media\stories\202509\18074208908467253.mp4,media\stories\202509,4
file,18074862053113716.mp4,.mp4,media\stories\202509\18074862053113716.mp4,media\stories\202509,4
file,18074876008844957.mp4,.mp4,media\stories\202509\18074876008844957.mp4,media\stories\202509,4
file,18075000179138602.mp4,.mp4,media\stories\202509\18075000179138602.mp4,media\stories\202509,4
file,18075341432105545.mp4,.mp4,media\stories\202509\18075341432105545.mp4,media\stories\202509,4
file,18076024361512911.heic,.heic,media\stories\202509\18076024361512911.heic,media\stories\202509,4
file,18076202192029633.mp4,.mp4,media\stories\202509\18076202192029633.mp4,media\stories\202509,4
file,18076310714034552.mp4,.mp4,media\stories\202509\18076310714034552.mp4,media\stories\202509,4
file,18076709459119400.mp4,.mp4,media\stories\202509\18076709459119400.mp4,media\stories\202509,4
file,18076918295055362.mp4,.mp4,media\stories\202509\18076918295055362.mp4,media\stories\202509,4
file,18077405861103217.heic,.heic,media\stories\202509\18077405861103217.heic,media\stories\202509,4
file,18077960168084082.heic,.heic,media\stories\202509\18077960168084082.heic,media\stories\202509,4
file,18078183407491919.mp4,.mp4,media\stories\202509\18078183407491919.mp4,media\stories\202509,4
file,18078348139978118.mp4,.mp4,media\stories\202509\18078348139978118.mp4,media\stories\202509,4
file,18079253590955943.mp4,.mp4,media\stories\202509\18079253590955943.mp4,media\stories\202509,4
file,18079518607811003.heic,.heic,media\stories\202509\18079518607811003.heic,media\stories\202509,4
file,18079545473055099.mp4,.mp4,media\stories\202509\18079545473055099.mp4,media\stories\202509,4
file,18079904837507775.mp4,.mp4,media\stories\202509\18079904837507775.mp4,media\stories\202509,4
file,18081118120747463.mp4,.mp4,media\stories\202509\18081118120747463.mp4,media\stories\202509,4
file,18081400537743373.mp4,.mp4,media\stories\202509\18081400537743373.mp4,media\stories\202509,4
file,18082842841741600.mp4,.mp4,media\stories\202509\18082842841741600.mp4,media\stories\202509,4
file,18084615424842412.mp4,.mp4,media\stories\202509\18084615424842412.mp4,media\stories\202509,4
file,18085458352714253.mp4,.mp4,media\stories\202509\18085458352714253.mp4,media\stories\202509,4
file,18086271301680754.mp4,.mp4,media\stories\202509\18086271301680754.mp4,media\stories\202509,4
file,18088845139840481.mp4,.mp4,media\stories\202509\18088845139840481.mp4,media\stories\202509,4
file,18090042583834611.mp4,.mp4,media\stories\202509\18090042583834611.mp4,media\stories\202509,4
file,18090191293765768.mp4,.mp4,media\stories\202509\18090191293765768.mp4,media\stories\202509,4
file,18090692548704070.mp4,.mp4,media\stories\202509\18090692548704070.mp4,media\stories\202509,4
file,18091161952775857.mp4,.mp4,media\stories\202509\18091161952775857.mp4,media\stories\202509,4
file,18092270830744554.mp4,.mp4,media\stories\202509\18092270830744554.mp4,media\stories\202509,4
file,18092821675780791.mp4,.mp4,media\stories\202509\18092821675780791.mp4,media\stories\202509,4
file,18092870329764372.mp4,.mp4,media\stories\202509\18092870329764372.mp4,media\stories\202509,4
file,18093160189732438.mp4,.mp4,media\stories\202509\18093160189732438.mp4,media\stories\202509,4
file,18094601842732589.mp4,.mp4,media\stories\202509\18094601842732589.mp4,media\stories\202509,4
file,18094748854736992.mp4,.mp4,media\stories\202509\18094748854736992.mp4,media\stories\202509,4
file,18095405782649511.mp4,.mp4,media\stories\202509\18095405782649511.mp4,media\stories\202509,4
file,18095501476644654.mp4,.mp4,media\stories\202509\18095501476644654.mp4,media\stories\202509,4
file,18095686645727126.mp4,.mp4,media\stories\202509\18095686645727126.mp4,media\stories\202509,4
file,18097014169637680.mp4,.mp4,media\stories\202509\18097014169637680.mp4,media\stories\202509,4
file,18097593427638114.mp4,.mp4,media\stories\202509\18097593427638114.mp4,media\stories\202509,4
file,18098001064617812.mp4,.mp4,media\stories\202509\18098001064617812.mp4,media\stories\202509,4
file,18099761935609228.mp4,.mp4,media\stories\202509\18099761935609228.mp4,media\stories\202509,4
file,18100967242614797.heic,.heic,media\stories\202509\18100967242614797.heic,media\stories\202509,4
file,18102788362590301.mp4,.mp4,media\stories\202509\18102788362590301.mp4,media\stories\202509,4
file,18102920989614771.mp4,.mp4,media\stories\202509\18102920989614771.mp4,media\stories\202509,4
file,18104628043590224.mp4,.mp4,media\stories\202509\18104628043590224.mp4,media\stories\202509,4
file,18105500278602127.mp4,.mp4,media\stories\202509\18105500278602127.mp4,media\stories\202509,4
file,18106300822497369.mp4,.mp4,media\stories\202509\18106300822497369.mp4,media\stories\202509,4
file,18108950935562338.mp4,.mp4,media\stories\202509\18108950935562338.mp4,media\stories\202509,4
file,18110970538546156.mp4,.mp4,media\stories\202509\18110970538546156.mp4,media\stories\202509,4
file,18132441268447058.mp4,.mp4,media\stories\202509\18132441268447058.mp4,media\stories\202509,4
file,18132750388458745.mp4,.mp4,media\stories\202509\18132750388458745.mp4,media\stories\202509,4
file,18134089909446362.mp4,.mp4,media\stories\202509\18134089909446362.mp4,media\stories\202509,4
file,18136233520440033.mp4,.mp4,media\stories\202509\18136233520440033.mp4,media\stories\202509,4
file,18137915893434810.mp4,.mp4,media\stories\202509\18137915893434810.mp4,media\stories\202509,4
file,18142353370426339.mp4,.mp4,media\stories\202509\18142353370426339.mp4,media\stories\202509,4
file,18146021326369935.mp4,.mp4,media\stories\202509\18146021326369935.mp4,media\stories\202509,4
file,18150813817396722.mp4,.mp4,media\stories\202509\18150813817396722.mp4,media\stories\202509,4
file,18157478125377764.mp4,.mp4,media\stories\202509\18157478125377764.mp4,media\stories\202509,4
file,18158996923343044.mp4,.mp4,media\stories\202509\18158996923343044.mp4,media\stories\202509,4
file,18166327804366708.mp4,.mp4,media\stories\202509\18166327804366708.mp4,media\stories\202509,4
file,18174353005358940.mp4,.mp4,media\stories\202509\18174353005358940.mp4,media\stories\202509,4
file,18176415238344582.mp4,.mp4,media\stories\202509\18176415238344582.mp4,media\stories\202509,4
file,18177599389359433.mp4,.mp4,media\stories\202509\18177599389359433.mp4,media\stories\202509,4
file,18184067857336551.mp4,.mp4,media\stories\202509\18184067857336551.mp4,media\stories\202509,4
file,18281364742274009.mp4,.mp4,media\stories\202509\18281364742274009.mp4,media\stories\202509,4
file,18287531704287360.mp4,.mp4,media\stories\202509\18287531704287360.mp4,media\stories\202509,4
file,18287995840256221.mp4,.mp4,media\stories\202509\18287995840256221.mp4,media\stories\202509,4
file,18291568447254318.mp4,.mp4,media\stories\202509\18291568447254318.mp4,media\stories\202509,4
file,18303487534223123.mp4,.mp4,media\stories\202509\18303487534223123.mp4,media\stories\202509,4
file,18309314461174384.jpg,.jpg,media\stories\202509\18309314461174384.jpg,media\stories\202509,4
file,18310183585170832.mp4,.mp4,media\stories\202509\18310183585170832.mp4,media\stories\202509,4
file,18313460524246141.mp4,.mp4,media\stories\202509\18313460524246141.mp4,media\stories\202509,4
file,18316500283213446.mp4,.mp4,media\stories\202509\18316500283213446.mp4,media\stories\202509,4
file,18323160220209381.mp4,.mp4,media\stories\202509\18323160220209381.mp4,media\stories\202509,4
file,18358041037087619.mp4,.mp4,media\stories\202509\18358041037087619.mp4,media\stories\202509,4
file,18366969658153104.mp4,.mp4,media\stories\202509\18366969658153104.mp4,media\stories\202509,4
file,18367806655196372.mp4,.mp4,media\stories\202509\18367806655196372.mp4,media\stories\202509,4
file,18368575591199788.mp4,.mp4,media\stories\202509\18368575591199788.mp4,media\stories\202509,4
file,18374357671178666.mp4,.mp4,media\stories\202509\18374357671178666.mp4,media\stories\202509,4
file,18374566111147020.mp4,.mp4,media\stories\202509\18374566111147020.mp4,media\stories\202509,4
file,18378081022177992.mp4,.mp4,media\stories\202509\18378081022177992.mp4,media\stories\202509,4
file,18383902525133827.mp4,.mp4,media\stories\202509\18383902525133827.mp4,media\stories\202509,4
file,18397949647186391.mp4,.mp4,media\stories\202509\18397949647186391.mp4,media\stories\202509,4
file,18418563622104148.mp4,.mp4,media\stories\202509\18418563622104148.mp4,media\stories\202509,4
file,18422866291102927.mp4,.mp4,media\stories\202509\18422866291102927.mp4,media\stories\202509,4
file,18426858136097013.mp4,.mp4,media\stories\202509\18426858136097013.mp4,media\stories\202509,4
file,18499869955071402.mp4,.mp4,media\stories\202509\18499869955071402.mp4,media\stories\202509,4
file,18520758115006682.mp4,.mp4,media\stories\202509\18520758115006682.mp4,media\stories\202509,4
file,18521549209008329.heic,.heic,media\stories\202509\18521549209008329.heic,media\stories\202509,4
file,18524596345053312.mp4,.mp4,media\stories\202509\18524596345053312.mp4,media\stories\202509,4
file,18524845072037521.mp4,.mp4,media\stories\202509\18524845072037521.mp4,media\stories\202509,4
file,18526389868010562.mp4,.mp4,media\stories\202509\18526389868010562.mp4,media\stories\202509,4
file,18531636655003744.mp4,.mp4,media\stories\202509\18531636655003744.mp4,media\stories\202509,4
file,18550511659020785.mp4,.mp4,media\stories\202509\18550511659020785.mp4,media\stories\202509,4
directory,202510,,media\stories\202510,media\stories,3
file,17842813236601991.mp4,.mp4,media\stories\202510\17842813236601991.mp4,media\stories\202510,4
file,17842868088598058.mp4,.mp4,media\stories\202510\17842868088598058.mp4,media\stories\202510,4
file,17843247477588316.mp4,.mp4,media\stories\202510\17843247477588316.mp4,media\stories\202510,4
file,17843770356582016.heic,.heic,media\stories\202510\17843770356582016.heic,media\stories\202510,4
file,17848219218543408.mp4,.mp4,media\stories\202510\17848219218543408.mp4,media\stories\202510,4
file,17849245446570782.mp4,.mp4,media\stories\202510\17849245446570782.mp4,media\stories\202510,4
file,17851061055560208.mp4,.mp4,media\stories\202510\17851061055560208.mp4,media\stories\202510,4
file,17858504751539408.mp4,.mp4,media\stories\202510\17858504751539408.mp4,media\stories\202510,4
file,17858960838520671.mp4,.mp4,media\stories\202510\17858960838520671.mp4,media\stories\202510,4
file,17859232965512734.mp4,.mp4,media\stories\202510\17859232965512734.mp4,media\stories\202510,4
file,17859732054509389.jpg,.jpg,media\stories\202510\17859732054509389.jpg,media\stories\202510,4
file,17860842252506708.mp4,.mp4,media\stories\202510\17860842252506708.mp4,media\stories\202510,4
file,17861180694528016.mp4,.mp4,media\stories\202510\17861180694528016.mp4,media\stories\202510,4
file,17861526936434904.mp4,.mp4,media\stories\202510\17861526936434904.mp4,media\stories\202510,4
file,17861895990498623.mp4,.mp4,media\stories\202510\17861895990498623.mp4,media\stories\202510,4
file,17862019551436989.mp4,.mp4,media\stories\202510\17862019551436989.mp4,media\stories\202510,4
file,17862883905475040.mp4,.mp4,media\stories\202510\17862883905475040.mp4,media\stories\202510,4
file,17863528584414322.jpg,.jpg,media\stories\202510\17863528584414322.jpg,media\stories\202510,4
file,17864198919474501.heic,.heic,media\stories\202510\17864198919474501.heic,media\stories\202510,4
file,17864948664483129.mp4,.mp4,media\stories\202510\17864948664483129.mp4,media\stories\202510,4
file,17865704334398280.mp4,.mp4,media\stories\202510\17865704334398280.mp4,media\stories\202510,4
file,17869205202457171.mp4,.mp4,media\stories\202510\17869205202457171.mp4,media\stories\202510,4
file,17869784871446162.mp4,.mp4,media\stories\202510\17869784871446162.mp4,media\stories\202510,4
file,17874532449431710.mp4,.mp4,media\stories\202510\17874532449431710.mp4,media\stories\202510,4
file,17875208775332031.mp4,.mp4,media\stories\202510\17875208775332031.mp4,media\stories\202510,4
file,17875992861327431.heic,.heic,media\stories\202510\17875992861327431.heic,media\stories\202510,4
file,17879454048310772.mp4,.mp4,media\stories\202510\17879454048310772.mp4,media\stories\202510,4
file,17879791101403199.mp4,.mp4,media\stories\202510\17879791101403199.mp4,media\stories\202510,4
file,17881677681393404.jpg,.jpg,media\stories\202510\17881677681393404.jpg,media\stories\202510,4
file,17883910773265036.jpg,.jpg,media\stories\202510\17883910773265036.jpg,media\stories\202510,4
file,17885320044385717.mp4,.mp4,media\stories\202510\17885320044385717.mp4,media\stories\202510,4
file,17886147939265754.mp4,.mp4,media\stories\202510\17886147939265754.mp4,media\stories\202510,4
file,17886563877368865.mp4,.mp4,media\stories\202510\17886563877368865.mp4,media\stories\202510,4
file,17886807969367718.mp4,.mp4,media\stories\202510\17886807969367718.mp4,media\stories\202510,4
file,17887901154365503.heic,.heic,media\stories\202510\17887901154365503.heic,media\stories\202510,4
file,17892378465357841.mp4,.mp4,media\stories\202510\17892378465357841.mp4,media\stories\202510,4
file,17896541898315504.mp4,.mp4,media\stories\202510\17896541898315504.mp4,media\stories\202510,4
file,17896594509317731.mp4,.mp4,media\stories\202510\17896594509317731.mp4,media\stories\202510,4
file,17897112189323652.mp4,.mp4,media\stories\202510\17897112189323652.mp4,media\stories\202510,4
file,17900947515146276.mp4,.mp4,media\stories\202510\17900947515146276.mp4,media\stories\202510,4
file,17901351261298822.mp4,.mp4,media\stories\202510\17901351261298822.mp4,media\stories\202510,4
file,17902170315260502.mp4,.mp4,media\stories\202510\17902170315260502.mp4,media\stories\202510,4
file,17904352698128578.mp4,.mp4,media\stories\202510\17904352698128578.mp4,media\stories\202510,4
file,17907528603248616.mp4,.mp4,media\stories\202510\17907528603248616.mp4,media\stories\202510,4
file,17907651525255102.mp4,.mp4,media\stories\202510\17907651525255102.mp4,media\stories\202510,4
file,17910189117230449.mp4,.mp4,media\stories\202510\17910189117230449.mp4,media\stories\202510,4
file,17910506421091997.heic,.heic,media\stories\202510\17910506421091997.heic,media\stories\202510,4
file,17910649986216169.jpg,.jpg,media\stories\202510\17910649986216169.jpg,media\stories\202510,4
file,17914408587213245.mp4,.mp4,media\stories\202510\17914408587213245.mp4,media\stories\202510,4
file,17914656768218444.heic,.heic,media\stories\202510\17914656768218444.heic,media\stories\202510,4
file,17916546426083800.mp4,.mp4,media\stories\202510\17916546426083800.mp4,media\stories\202510,4
file,17918211636054934.mp4,.mp4,media\stories\202510\17918211636054934.mp4,media\stories\202510,4
file,17920847325191954.heic,.heic,media\stories\202510\17920847325191954.heic,media\stories\202510,4
file,17921088831172603.mp4,.mp4,media\stories\202510\17921088831172603.mp4,media\stories\202510,4
file,17921095839038130.mp4,.mp4,media\stories\202510\17921095839038130.mp4,media\stories\202510,4
file,17925064047015245.mp4,.mp4,media\stories\202510\17925064047015245.mp4,media\stories\202510,4
file,17928267660106918.mp4,.mp4,media\stories\202510\17928267660106918.mp4,media\stories\202510,4
file,17935476948095225.mp4,.mp4,media\stories\202510\17935476948095225.mp4,media\stories\202510,4
file,17935770045094765.heic,.heic,media\stories\202510\17935770045094765.heic,media\stories\202510,4
file,17936919996093887.heic,.heic,media\stories\202510\17936919996093887.heic,media\stories\202510,4
file,17941739832080131.mp4,.mp4,media\stories\202510\17941739832080131.mp4,media\stories\202510,4
file,17941937121070926.mp4,.mp4,media\stories\202510\17941937121070926.mp4,media\stories\202510,4
file,17943982977052031.mp4,.mp4,media\stories\202510\17943982977052031.mp4,media\stories\202510,4
file,17944245981051928.heic,.heic,media\stories\202510\17944245981051928.heic,media\stories\202510,4
file,17944522581058320.mp4,.mp4,media\stories\202510\17944522581058320.mp4,media\stories\202510,4
file,17946397940915454.mp4,.mp4,media\stories\202510\17946397940915454.mp4,media\stories\202510,4
file,17948271762021854.heic,.heic,media\stories\202510\17948271762021854.heic,media\stories\202510,4
file,17949858584901517.mp4,.mp4,media\stories\202510\17949858584901517.mp4,media\stories\202510,4
file,17960689952995525.mp4,.mp4,media\stories\202510\17960689952995525.mp4,media\stories\202510,4
file,17961190511843822.jpg,.jpg,media\stories\202510\17961190511843822.jpg,media\stories\202510,4
file,17961352064988324.mp4,.mp4,media\stories\202510\17961352064988324.mp4,media\stories\202510,4
file,17964119585979323.mp4,.mp4,media\stories\202510\17964119585979323.mp4,media\stories\202510,4
file,17964799037975624.heic,.heic,media\stories\202510\17964799037975624.heic,media\stories\202510,4
file,17967812753977241.mp4,.mp4,media\stories\202510\17967812753977241.mp4,media\stories\202510,4
file,17969448518950889.mp4,.mp4,media\stories\202510\17969448518950889.mp4,media\stories\202510,4
file,17970224366958596.mp4,.mp4,media\stories\202510\17970224366958596.mp4,media\stories\202510,4
file,17973449441941582.mp4,.mp4,media\stories\202510\17973449441941582.mp4,media\stories\202510,4
file,17975542778922289.mp4,.mp4,media\stories\202510\17975542778922289.mp4,media\stories\202510,4
file,17976672602923957.mp4,.mp4,media\stories\202510\17976672602923957.mp4,media\stories\202510,4
file,17978324405766514.mp4,.mp4,media\stories\202510\17978324405766514.mp4,media\stories\202510,4
file,17982360599875307.heic,.heic,media\stories\202510\17982360599875307.heic,media\stories\202510,4
file,17982907313904543.mp4,.mp4,media\stories\202510\17982907313904543.mp4,media\stories\202510,4
file,17982929219903374.jpg,.jpg,media\stories\202510\17982929219903374.jpg,media\stories\202510,4
file,17984105720914214.mp4,.mp4,media\stories\202510\17984105720914214.mp4,media\stories\202510,4
file,17984270123883503.jpg,.jpg,media\stories\202510\17984270123883503.jpg,media\stories\202510,4
file,17985655568744854.mp4,.mp4,media\stories\202510\17985655568744854.mp4,media\stories\202510,4
file,17985860006734325.mp4,.mp4,media\stories\202510\17985860006734325.mp4,media\stories\202510,4
file,17986568477884545.heic,.heic,media\stories\202510\17986568477884545.heic,media\stories\202510,4
file,17986887545879809.mp4,.mp4,media\stories\202510\17986887545879809.mp4,media\stories\202510,4
file,17986937594895098.jpg,.jpg,media\stories\202510\17986937594895098.jpg,media\stories\202510,4
file,17987147153911676.jpg,.jpg,media\stories\202510\17987147153911676.jpg,media\stories\202510,4
file,17987617256855407.mp4,.mp4,media\stories\202510\17987617256855407.mp4,media\stories\202510,4
file,18002303318817001.mp4,.mp4,media\stories\202510\18002303318817001.mp4,media\stories\202510,4
file,18003154343664598.mp4,.mp4,media\stories\202510\18003154343664598.mp4,media\stories\202510,4
file,18013474526792917.mp4,.mp4,media\stories\202510\18013474526792917.mp4,media\stories\202510,4
file,18017700842599280.mp4,.mp4,media\stories\202510\18017700842599280.mp4,media\stories\202510,4
file,18024738722750480.heic,.heic,media\stories\202510\18024738722750480.heic,media\stories\202510,4
file,18026906264563374.jpg,.jpg,media\stories\202510\18026906264563374.jpg,media\stories\202510,4
file,18027869906741737.mp4,.mp4,media\stories\202510\18027869906741737.mp4,media\stories\202510,4
file,18033147875720294.heic,.heic,media\stories\202510\18033147875720294.heic,media\stories\202510,4
file,18036356456711018.mp4,.mp4,media\stories\202510\18036356456711018.mp4,media\stories\202510,4
file,18041903951701747.mp4,.mp4,media\stories\202510\18041903951701747.mp4,media\stories\202510,4
file,18042875384440053.mp4,.mp4,media\stories\202510\18042875384440053.mp4,media\stories\202510,4
file,18043305815427535.mp4,.mp4,media\stories\202510\18043305815427535.mp4,media\stories\202510,4
file,18043352963427130.jpg,.jpg,media\stories\202510\18043352963427130.jpg,media\stories\202510,4
file,18044713511414176.mp4,.mp4,media\stories\202510\18044713511414176.mp4,media\stories\202510,4
file,18044725121459531.mp4,.mp4,media\stories\202510\18044725121459531.mp4,media\stories\202510,4
file,18045412163448746.heic,.heic,media\stories\202510\18045412163448746.heic,media\stories\202510,4
file,18046975880678044.mp4,.mp4,media\stories\202510\18046975880678044.mp4,media\stories\202510,4
file,18047291945347656.mp4,.mp4,media\stories\202510\18047291945347656.mp4,media\stories\202510,4
file,18047318615354113.mp4,.mp4,media\stories\202510\18047318615354113.mp4,media\stories\202510,4
file,18052011203289378.mp4,.mp4,media\stories\202510\18052011203289378.mp4,media\stories\202510,4
file,18052486295647696.mp4,.mp4,media\stories\202510\18052486295647696.mp4,media\stories\202510,4
file,18053056343635788.mp4,.mp4,media\stories\202510\18053056343635788.mp4,media\stories\202510,4
file,18054467345650034.mp4,.mp4,media\stories\202510\18054467345650034.mp4,media\stories\202510,4
file,18055060283542335.mp4,.mp4,media\stories\202510\18055060283542335.mp4,media\stories\202510,4
file,18056718629548034.mp4,.mp4,media\stories\202510\18056718629548034.mp4,media\stories\202510,4
file,18056832695551463.mp4,.mp4,media\stories\202510\18056832695551463.mp4,media\stories\202510,4
file,18057058046199179.mp4,.mp4,media\stories\202510\18057058046199179.mp4,media\stories\202510,4
file,18057304898547626.mp4,.mp4,media\stories\202510\18057304898547626.mp4,media\stories\202510,4
file,18058289900630787.mp4,.mp4,media\stories\202510\18058289900630787.mp4,media\stories\202510,4
file,18058450175227448.mp4,.mp4,media\stories\202510\18058450175227448.mp4,media\stories\202510,4
file,18059060183556325.mp4,.mp4,media\stories\202510\18059060183556325.mp4,media\stories\202510,4
file,18059715203172399.jpg,.jpg,media\stories\202510\18059715203172399.jpg,media\stories\202510,4
file,18059981423157175.mp4,.mp4,media\stories\202510\18059981423157175.mp4,media\stories\202510,4
file,18061100396405390.mp4,.mp4,media\stories\202510\18061100396405390.mp4,media\stories\202510,4
file,18061647746452921.mp4,.mp4,media\stories\202510\18061647746452921.mp4,media\stories\202510,4
file,18061672733170889.mp4,.mp4,media\stories\202510\18061672733170889.mp4,media\stories\202510,4
file,18061842302110946.mp4,.mp4,media\stories\202510\18061842302110946.mp4,media\stories\202510,4
file,18061853168130547.mp4,.mp4,media\stories\202510\18061853168130547.mp4,media\stories\202510,4
file,18061980884388648.mp4,.mp4,media\stories\202510\18061980884388648.mp4,media\stories\202510,4
file,18063071093436987.mp4,.mp4,media\stories\202510\18063071093436987.mp4,media\stories\202510,4
file,18063472670118341.mp4,.mp4,media\stories\202510\18063472670118341.mp4,media\stories\202510,4
file,18065043629085099.mp4,.mp4,media\stories\202510\18065043629085099.mp4,media\stories\202510,4
file,18065977997590253.mp4,.mp4,media\stories\202510\18065977997590253.mp4,media\stories\202510,4
file,18066942830597843.mp4,.mp4,media\stories\202510\18066942830597843.mp4,media\stories\202510,4
file,18066944690039985.jpg,.jpg,media\stories\202510\18066944690039985.jpg,media\stories\202510,4
file,18067602761560781.mp4,.mp4,media\stories\202510\18067602761560781.mp4,media\stories\202510,4
file,18068153648203996.mp4,.mp4,media\stories\202510\18068153648203996.mp4,media\stories\202510,4
file,18068196104579846.heic,.heic,media\stories\202510\18068196104579846.heic,media\stories\202510,4
file,18068244380349142.mp4,.mp4,media\stories\202510\18068244380349142.mp4,media\stories\202510,4
file,18068463482522713.mp4,.mp4,media\stories\202510\18068463482522713.mp4,media\stories\202510,4
file,18068634713370684.mp4,.mp4,media\stories\202510\18068634713370684.mp4,media\stories\202510,4
file,18069113360210547.jpg,.jpg,media\stories\202510\18069113360210547.jpg,media\stories\202510,4
file,18070240688520579.mp4,.mp4,media\stories\202510\18070240688520579.mp4,media\stories\202510,4
file,18071561213238848.heic,.heic,media\stories\202510\18071561213238848.heic,media\stories\202510,4
file,18072994364233873.jpg,.jpg,media\stories\202510\18072994364233873.jpg,media\stories\202510,4
file,18073263349898408.mp4,.mp4,media\stories\202510\18073263349898408.mp4,media\stories\202510,4
file,18073489499137209.mp4,.mp4,media\stories\202510\18073489499137209.mp4,media\stories\202510,4
file,18074127796924341.mp4,.mp4,media\stories\202510\18074127796924341.mp4,media\stories\202510,4
file,18074739023157055.mp4,.mp4,media\stories\202510\18074739023157055.mp4,media\stories\202510,4
file,18074965619147950.mp4,.mp4,media\stories\202510\18074965619147950.mp4,media\stories\202510,4
file,18075125330333664.mp4,.mp4,media\stories\202510\18075125330333664.mp4,media\stories\202510,4
file,18075144710471960.mp4,.mp4,media\stories\202510\18075144710471960.mp4,media\stories\202510,4
file,18075272314885735.mp4,.mp4,media\stories\202510\18075272314885735.mp4,media\stories\202510,4
file,18075710803888928.mp4,.mp4,media\stories\202510\18075710803888928.mp4,media\stories\202510,4
file,18075755474180273.mp4,.mp4,media\stories\202510\18075755474180273.mp4,media\stories\202510,4
file,18075780104125399.mp4,.mp4,media\stories\202510\18075780104125399.mp4,media\stories\202510,4
file,18076346954151566.mp4,.mp4,media\stories\202510\18076346954151566.mp4,media\stories\202510,4
file,18076441004330067.mp4,.mp4,media\stories\202510\18076441004330067.mp4,media\stories\202510,4
file,18076458464160131.mp4,.mp4,media\stories\202510\18076458464160131.mp4,media\stories\202510,4
file,18076462208334363.mp4,.mp4,media\stories\202510\18076462208334363.mp4,media\stories\202510,4
file,18076664347894587.jpg,.jpg,media\stories\202510\18076664347894587.jpg,media\stories\202510,4
file,18076984738872638.mp4,.mp4,media\stories\202510\18076984738872638.mp4,media\stories\202510,4
file,18077581553015196.mp4,.mp4,media\stories\202510\18077581553015196.mp4,media\stories\202510,4
file,18079009520026919.mp4,.mp4,media\stories\202510\18079009520026919.mp4,media\stories\202510,4
file,18079034111048970.mp4,.mp4,media\stories\202510\18079034111048970.mp4,media\stories\202510,4
file,18079451726473986.mp4,.mp4,media\stories\202510\18079451726473986.mp4,media\stories\202510,4
file,18079498796154772.mp4,.mp4,media\stories\202510\18079498796154772.mp4,media\stories\202510,4
file,18079673171003870.jpg,.jpg,media\stories\202510\18079673171003870.jpg,media\stories\202510,4
file,18079744124287578.jpg,.jpg,media\stories\202510\18079744124287578.jpg,media\stories\202510,4
file,18080155801840360.jpg,.jpg,media\stories\202510\18080155801840360.jpg,media\stories\202510,4
file,18081142787051747.mp4,.mp4,media\stories\202510\18081142787051747.mp4,media\stories\202510,4
file,18081242923799474.mp4,.mp4,media\stories\202510\18081242923799474.mp4,media\stories\202510,4
file,18081264238948101.mp4,.mp4,media\stories\202510\18081264238948101.mp4,media\stories\202510,4
file,18081276982996381.mp4,.mp4,media\stories\202510\18081276982996381.mp4,media\stories\202510,4
file,18081435589810804.mp4,.mp4,media\stories\202510\18081435589810804.mp4,media\stories\202510,4
file,18081778895472150.mp4,.mp4,media\stories\202510\18081778895472150.mp4,media\stories\202510,4
file,18081844355295139.mp4,.mp4,media\stories\202510\18081844355295139.mp4,media\stories\202510,4
file,18081879886803782.jpg,.jpg,media\stories\202510\18081879886803782.jpg,media\stories\202510,4
file,18081963076988578.mp4,.mp4,media\stories\202510\18081963076988578.mp4,media\stories\202510,4
file,18082072546785826.mp4,.mp4,media\stories\202510\18082072546785826.mp4,media\stories\202510,4
file,18082138493088927.mp4,.mp4,media\stories\202510\18082138493088927.mp4,media\stories\202510,4
file,18082403401767114.mp4,.mp4,media\stories\202510\18082403401767114.mp4,media\stories\202510,4
file,18082530046978314.mp4,.mp4,media\stories\202510\18082530046978314.mp4,media\stories\202510,4
file,18082936757303282.mp4,.mp4,media\stories\202510\18082936757303282.mp4,media\stories\202510,4
file,18082957034510906.jpg,.jpg,media\stories\202510\18082957034510906.jpg,media\stories\202510,4
file,18083341126788861.mp4,.mp4,media\stories\202510\18083341126788861.mp4,media\stories\202510,4
file,18084041491985708.mp4,.mp4,media\stories\202510\18084041491985708.mp4,media\stories\202510,4
file,18084344186477700.mp4,.mp4,media\stories\202510\18084344186477700.mp4,media\stories\202510,4
file,18084617428755437.mp4,.mp4,media\stories\202510\18084617428755437.mp4,media\stories\202510,4
file,18084834131500603.mp4,.mp4,media\stories\202510\18084834131500603.mp4,media\stories\202510,4
file,18085100366508353.heic,.heic,media\stories\202510\18085100366508353.heic,media\stories\202510,4
file,18085157398901504.mp4,.mp4,media\stories\202510\18085157398901504.mp4,media\stories\202510,4
file,18085955431948194.mp4,.mp4,media\stories\202510\18085955431948194.mp4,media\stories\202510,4
file,18086631272483944.mp4,.mp4,media\stories\202510\18086631272483944.mp4,media\stories\202510,4
file,18087240584504546.mp4,.mp4,media\stories\202510\18087240584504546.mp4,media\stories\202510,4
file,18087864187850760.mp4,.mp4,media\stories\202510\18087864187850760.mp4,media\stories\202510,4
file,18088156924906142.mp4,.mp4,media\stories\202510\18088156924906142.mp4,media\stories\202510,4
file,18088923862859034.mp4,.mp4,media\stories\202510\18088923862859034.mp4,media\stories\202510,4
file,18091867231694745.mp4,.mp4,media\stories\202510\18091867231694745.mp4,media\stories\202510,4
file,18092624185885098.mp4,.mp4,media\stories\202510\18092624185885098.mp4,media\stories\202510,4
file,18092858872763342.mp4,.mp4,media\stories\202510\18092858872763342.mp4,media\stories\202510,4
file,18093293275754520.mp4,.mp4,media\stories\202510\18093293275754520.mp4,media\stories\202510,4
file,18093318052853581.heic,.heic,media\stories\202510\18093318052853581.heic,media\stories\202510,4
file,18093357349751028.mp4,.mp4,media\stories\202510\18093357349751028.mp4,media\stories\202510,4
file,18093904537773839.mp4,.mp4,media\stories\202510\18093904537773839.mp4,media\stories\202510,4
file,18094065154773026.mp4,.mp4,media\stories\202510\18094065154773026.mp4,media\stories\202510,4
file,18094545382706976.mp4,.mp4,media\stories\202510\18094545382706976.mp4,media\stories\202510,4
file,18094563088702293.mp4,.mp4,media\stories\202510\18094563088702293.mp4,media\stories\202510,4
file,18094755595739487.mp4,.mp4,media\stories\202510\18094755595739487.mp4,media\stories\202510,4
file,18095784757670880.mp4,.mp4,media\stories\202510\18095784757670880.mp4,media\stories\202510,4
file,18095879224675075.jpg,.jpg,media\stories\202510\18095879224675075.jpg,media\stories\202510,4
file,18096487681668773.mp4,.mp4,media\stories\202510\18096487681668773.mp4,media\stories\202510,4
file,18097383199731255.mp4,.mp4,media\stories\202510\18097383199731255.mp4,media\stories\202510,4
file,18098014567673255.mp4,.mp4,media\stories\202510\18098014567673255.mp4,media\stories\202510,4
file,18099019204661454.heic,.heic,media\stories\202510\18099019204661454.heic,media\stories\202510,4
file,18099694846571985.mp4,.mp4,media\stories\202510\18099694846571985.mp4,media\stories\202510,4
file,18099734176564548.jpg,.jpg,media\stories\202510\18099734176564548.jpg,media\stories\202510,4
file,18099764110652875.jpg,.jpg,media\stories\202510\18099764110652875.jpg,media\stories\202510,4
file,18101578522615696.mp4,.mp4,media\stories\202510\18101578522615696.mp4,media\stories\202510,4
file,18102036298626947.mp4,.mp4,media\stories\202510\18102036298626947.mp4,media\stories\202510,4
file,18103775920623102.mp4,.mp4,media\stories\202510\18103775920623102.mp4,media\stories\202510,4
file,18103879912538116.mp4,.mp4,media\stories\202510\18103879912538116.mp4,media\stories\202510,4
file,18106062748597945.mp4,.mp4,media\stories\202510\18106062748597945.mp4,media\stories\202510,4
file,18107717485607961.mp4,.mp4,media\stories\202510\18107717485607961.mp4,media\stories\202510,4
file,18107817709577164.mp4,.mp4,media\stories\202510\18107817709577164.mp4,media\stories\202510,4
file,18108074344595610.heic,.heic,media\stories\202510\18108074344595610.heic,media\stories\202510,4
file,18108909619507474.mp4,.mp4,media\stories\202510\18108909619507474.mp4,media\stories\202510,4
file,18109241335501363.mp4,.mp4,media\stories\202510\18109241335501363.mp4,media\stories\202510,4
file,18109626580563946.mp4,.mp4,media\stories\202510\18109626580563946.mp4,media\stories\202510,4
file,18111300379560968.mp4,.mp4,media\stories\202510\18111300379560968.mp4,media\stories\202510,4
file,18114129070546020.jpg,.jpg,media\stories\202510\18114129070546020.jpg,media\stories\202510,4
file,18115147873531681.mp4,.mp4,media\stories\202510\18115147873531681.mp4,media\stories\202510,4
file,18115203589535339.mp4,.mp4,media\stories\202510\18115203589535339.mp4,media\stories\202510,4
file,18115425619555569.mp4,.mp4,media\stories\202510\18115425619555569.mp4,media\stories\202510,4
file,18116687428514205.mp4,.mp4,media\stories\202510\18116687428514205.mp4,media\stories\202510,4
file,18117031231558970.mp4,.mp4,media\stories\202510\18117031231558970.mp4,media\stories\202510,4
file,18117122881548559.mp4,.mp4,media\stories\202510\18117122881548559.mp4,media\stories\202510,4
file,18118453375516395.mp4,.mp4,media\stories\202510\18118453375516395.mp4,media\stories\202510,4
file,18122099407504164.mp4,.mp4,media\stories\202510\18122099407504164.mp4,media\stories\202510,4
file,18123530389441818.mp4,.mp4,media\stories\202510\18123530389441818.mp4,media\stories\202510,4
file,18128844328465925.mp4,.mp4,media\stories\202510\18128844328465925.mp4,media\stories\202510,4
file,18130990855465398.mp4,.mp4,media\stories\202510\18130990855465398.mp4,media\stories\202510,4
file,18135900490413214.mp4,.mp4,media\stories\202510\18135900490413214.mp4,media\stories\202510,4
file,18135977410460069.mp4,.mp4,media\stories\202510\18135977410460069.mp4,media\stories\202510,4
file,18136075642450045.mp4,.mp4,media\stories\202510\18136075642450045.mp4,media\stories\202510,4
file,18140836927430487.mp4,.mp4,media\stories\202510\18140836927430487.mp4,media\stories\202510,4
file,18145898416434622.mp4,.mp4,media\stories\202510\18145898416434622.mp4,media\stories\202510,4
file,18154516033393349.mp4,.mp4,media\stories\202510\18154516033393349.mp4,media\stories\202510,4
file,18158433373390979.mp4,.mp4,media\stories\202510\18158433373390979.mp4,media\stories\202510,4
file,18170487715371719.mp4,.mp4,media\stories\202510\18170487715371719.mp4,media\stories\202510,4
file,18170724901364650.jpg,.jpg,media\stories\202510\18170724901364650.jpg,media\stories\202510,4
file,18175892572359387.mp4,.mp4,media\stories\202510\18175892572359387.mp4,media\stories\202510,4
file,18178830928344278.jpg,.jpg,media\stories\202510\18178830928344278.jpg,media\stories\202510,4
file,18187651933326529.jpg,.jpg,media\stories\202510\18187651933326529.jpg,media\stories\202510,4
file,18238223797291523.mp4,.mp4,media\stories\202510\18238223797291523.mp4,media\stories\202510,4
file,18238880542294991.mp4,.mp4,media\stories\202510\18238880542294991.mp4,media\stories\202510,4
file,18285725932274205.heic,.heic,media\stories\202510\18285725932274205.heic,media\stories\202510,4
file,18290238076278151.mp4,.mp4,media\stories\202510\18290238076278151.mp4,media\stories\202510,4
file,18291919132258002.mp4,.mp4,media\stories\202510\18291919132258002.mp4,media\stories\202510,4
file,18294526249267244.mp4,.mp4,media\stories\202510\18294526249267244.mp4,media\stories\202510,4
file,18294616936268240.heic,.heic,media\stories\202510\18294616936268240.heic,media\stories\202510,4
file,18298111231270749.mp4,.mp4,media\stories\202510\18298111231270749.mp4,media\stories\202510,4
file,18313261036171682.mp4,.mp4,media\stories\202510\18313261036171682.mp4,media\stories\202510,4
file,18313635562169523.mp4,.mp4,media\stories\202510\18313635562169523.mp4,media\stories\202510,4
file,18316907737169139.mp4,.mp4,media\stories\202510\18316907737169139.mp4,media\stories\202510,4
file,18317233798174883.mp4,.mp4,media\stories\202510\18317233798174883.mp4,media\stories\202510,4
file,18318444469173934.mp4,.mp4,media\stories\202510\18318444469173934.mp4,media\stories\202510,4
file,18326677420233857.mp4,.mp4,media\stories\202510\18326677420233857.mp4,media\stories\202510,4
file,18329801734231290.mp4,.mp4,media\stories\202510\18329801734231290.mp4,media\stories\202510,4
file,18345341833165515.mp4,.mp4,media\stories\202510\18345341833165515.mp4,media\stories\202510,4
file,18361267102082722.heic,.heic,media\stories\202510\18361267102082722.heic,media\stories\202510,4
file,18364408480082740.mp4,.mp4,media\stories\202510\18364408480082740.mp4,media\stories\202510,4
file,18369709825156620.mp4,.mp4,media\stories\202510\18369709825156620.mp4,media\stories\202510,4
file,18374059903148340.mp4,.mp4,media\stories\202510\18374059903148340.mp4,media\stories\202510,4
file,18381731251177469.mp4,.mp4,media\stories\202510\18381731251177469.mp4,media\stories\202510,4
file,18391354627134167.jpg,.jpg,media\stories\202510\18391354627134167.jpg,media\stories\202510,4
file,18404131096186560.mp4,.mp4,media\stories\202510\18404131096186560.mp4,media\stories\202510,4
file,18406332907187935.mp4,.mp4,media\stories\202510\18406332907187935.mp4,media\stories\202510,4
file,18406887853141184.heic,.heic,media\stories\202510\18406887853141184.heic,media\stories\202510,4
file,18407396608191885.mp4,.mp4,media\stories\202510\18407396608191885.mp4,media\stories\202510,4
file,18420830857111010.mp4,.mp4,media\stories\202510\18420830857111010.mp4,media\stories\202510,4
file,18428711638103117.mp4,.mp4,media\stories\202510\18428711638103117.mp4,media\stories\202510,4
file,18430624702102887.mp4,.mp4,media\stories\202510\18430624702102887.mp4,media\stories\202510,4
file,18506863411067376.mp4,.mp4,media\stories\202510\18506863411067376.mp4,media\stories\202510,4
file,18514044172065925.mp4,.mp4,media\stories\202510\18514044172065925.mp4,media\stories\202510,4
file,18527292889003286.jpg,.jpg,media\stories\202510\18527292889003286.jpg,media\stories\202510,4
file,18527409157031152.mp4,.mp4,media\stories\202510\18527409157031152.mp4,media\stories\202510,4
file,18528397177030684.mp4,.mp4,media\stories\202510\18528397177030684.mp4,media\stories\202510,4
file,18528621115059507.heic,.heic,media\stories\202510\18528621115059507.heic,media\stories\202510,4
file,18529716868043186.jpg,.jpg,media\stories\202510\18529716868043186.jpg,media\stories\202510,4
file,18530575624055001.mp4,.mp4,media\stories\202510\18530575624055001.mp4,media\stories\202510,4
file,18533583154052788.mp4,.mp4,media\stories\202510\18533583154052788.mp4,media\stories\202510,4
file,18534113452020394.jpg,.jpg,media\stories\202510\18534113452020394.jpg,media\stories\202510,4
file,18534501472051000.mp4,.mp4,media\stories\202510\18534501472051000.mp4,media\stories\202510,4
directory,202511,,media\stories\202511,media\stories,3
file,17850168354564736.jpg,.jpg,media\stories\202511\17850168354564736.jpg,media\stories\202511,4
file,17850908586546646.mp4,.mp4,media\stories\202511\17850908586546646.mp4,media\stories\202511,4
file,17853883914528290.heic,.heic,media\stories\202511\17853883914528290.heic,media\stories\202511,4
file,17854421814567373.mp4,.mp4,media\stories\202511\17854421814567373.mp4,media\stories\202511,4
file,17857555869555168.heic,.heic,media\stories\202511\17857555869555168.heic,media\stories\202511,4
file,17860015329539755.mp4,.mp4,media\stories\202511\17860015329539755.mp4,media\stories\202511,4
file,17860050003541250.mp4,.mp4,media\stories\202511\17860050003541250.mp4,media\stories\202511,4
file,17860372896540700.mp4,.mp4,media\stories\202511\17860372896540700.mp4,media\stories\202511,4
file,17861620422457762.mp4,.mp4,media\stories\202511\17861620422457762.mp4,media\stories\202511,4
file,17869353921472902.mp4,.mp4,media\stories\202511\17869353921472902.mp4,media\stories\202511,4
file,17870117304397307.heic,.heic,media\stories\202511\17870117304397307.heic,media\stories\202511,4
file,17875413066355769.jpg,.jpg,media\stories\202511\17875413066355769.jpg,media\stories\202511,4
file,17875672329350285.mp4,.mp4,media\stories\202511\17875672329350285.mp4,media\stories\202511,4
file,17878185204331687.mp4,.mp4,media\stories\202511\17878185204331687.mp4,media\stories\202511,4
file,17878373997426356.mp4,.mp4,media\stories\202511\17878373997426356.mp4,media\stories\202511,4
file,17878731222426281.mp4,.mp4,media\stories\202511\17878731222426281.mp4,media\stories\202511,4
file,17886767622261521.mp4,.mp4,media\stories\202511\17886767622261521.mp4,media\stories\202511,4
file,17887928358379660.mp4,.mp4,media\stories\202511\17887928358379660.mp4,media\stories\202511,4
file,17891412861240116.heic,.heic,media\stories\202511\17891412861240116.heic,media\stories\202511,4
file,17894383473223949.mp4,.mp4,media\stories\202511\17894383473223949.mp4,media\stories\202511,4
file,17894741139359661.heic,.heic,media\stories\202511\17894741139359661.heic,media\stories\202511,4
file,17900057826323984.mp4,.mp4,media\stories\202511\17900057826323984.mp4,media\stories\202511,4
file,17900438124312176.mp4,.mp4,media\stories\202511\17900438124312176.mp4,media\stories\202511,4
file,17900878053326455.mp4,.mp4,media\stories\202511\17900878053326455.mp4,media\stories\202511,4
file,17903852109297082.jpg,.jpg,media\stories\202511\17903852109297082.jpg,media\stories\202511,4
file,17916043620227757.mp4,.mp4,media\stories\202511\17916043620227757.mp4,media\stories\202511,4
file,17924358990160117.heic,.heic,media\stories\202511\17924358990160117.heic,media\stories\202511,4
file,17927116884161192.mp4,.mp4,media\stories\202511\17927116884161192.mp4,media\stories\202511,4
file,17932227915110142.mp4,.mp4,media\stories\202511\17932227915110142.mp4,media\stories\202511,4
file,17933140659071639.mp4,.mp4,media\stories\202511\17933140659071639.mp4,media\stories\202511,4
file,17939046987096303.mp4,.mp4,media\stories\202511\17939046987096303.mp4,media\stories\202511,4
file,17939261390964049.heic,.heic,media\stories\202511\17939261390964049.heic,media\stories\202511,4
file,17952167925033166.jpg,.jpg,media\stories\202511\17952167925033166.jpg,media\stories\202511,4
file,17956461618001234.mp4,.mp4,media\stories\202511\17956461618001234.mp4,media\stories\202511,4
file,17956914000012650.mp4,.mp4,media\stories\202511\17956914000012650.mp4,media\stories\202511,4
file,17957192768878356.jpg,.jpg,media\stories\202511\17957192768878356.jpg,media\stories\202511,4
file,17967614315988749.mp4,.mp4,media\stories\202511\17967614315988749.mp4,media\stories\202511,4
file,17967733658964241.heic,.heic,media\stories\202511\17967733658964241.heic,media\stories\202511,4
file,17969465213994913.mp4,.mp4,media\stories\202511\17969465213994913.mp4,media\stories\202511,4
file,17969510849969429.heic,.heic,media\stories\202511\17969510849969429.heic,media\stories\202511,4
file,17971882454955651.mp4,.mp4,media\stories\202511\17971882454955651.mp4,media\stories\202511,4
file,17973056369953721.mp4,.mp4,media\stories\202511\17973056369953721.mp4,media\stories\202511,4
file,17978832632940535.mp4,.mp4,media\stories\202511\17978832632940535.mp4,media\stories\202511,4
file,17982147860761286.mp4,.mp4,media\stories\202511\17982147860761286.mp4,media\stories\202511,4
file,18011633438802687.jpg,.jpg,media\stories\202511\18011633438802687.jpg,media\stories\202511,4
file,18020297738603747.mp4,.mp4,media\stories\202511\18020297738603747.mp4,media\stories\202511,4
file,18023972096587190.mp4,.mp4,media\stories\202511\18023972096587190.mp4,media\stories\202511,4
file,18025954376771090.mp4,.mp4,media\stories\202511\18025954376771090.mp4,media\stories\202511,4
file,18027136739744377.heic,.heic,media\stories\202511\18027136739744377.heic,media\stories\202511,4
file,18027384290781982.heic,.heic,media\stories\202511\18027384290781982.heic,media\stories\202511,4
file,18029242277538180.mp4,.mp4,media\stories\202511\18029242277538180.mp4,media\stories\202511,4
file,18031446449738269.mp4,.mp4,media\stories\202511\18031446449738269.mp4,media\stories\202511,4
file,18034728842524287.mp4,.mp4,media\stories\202511\18034728842524287.mp4,media\stories\202511,4
file,18043887980472496.mp4,.mp4,media\stories\202511\18043887980472496.mp4,media\stories\202511,4
file,18045301652650773.jpg,.jpg,media\stories\202511\18045301652650773.jpg,media\stories\202511,4
file,18046923563441668.heic,.heic,media\stories\202511\18046923563441668.heic,media\stories\202511,4
file,18047043860664405.mp4,.mp4,media\stories\202511\18047043860664405.mp4,media\stories\202511,4
file,18047355803433625.mp4,.mp4,media\stories\202511\18047355803433625.mp4,media\stories\202511,4
file,18047775386680557.heic,.heic,media\stories\202511\18047775386680557.heic,media\stories\202511,4
file,18049096637659247.heic,.heic,media\stories\202511\18049096637659247.heic,media\stories\202511,4
file,18050371073654380.mp4,.mp4,media\stories\202511\18050371073654380.mp4,media\stories\202511,4
file,18051837920661478.mp4,.mp4,media\stories\202511\18051837920661478.mp4,media\stories\202511,4
file,18054555398336269.heic,.heic,media\stories\202511\18054555398336269.heic,media\stories\202511,4
file,18056607500294042.mp4,.mp4,media\stories\202511\18056607500294042.mp4,media\stories\202511,4
file,18057114074287492.heic,.heic,media\stories\202511\18057114074287492.heic,media\stories\202511,4
file,18059405456217886.mp4,.mp4,media\stories\202511\18059405456217886.mp4,media\stories\202511,4
file,18059589278561575.mp4,.mp4,media\stories\202511\18059589278561575.mp4,media\stories\202511,4
file,18060953291238110.heic,.heic,media\stories\202511\18060953291238110.heic,media\stories\202511,4
file,18060992996196803.mp4,.mp4,media\stories\202511\18060992996196803.mp4,media\stories\202511,4
file,18061034051561118.mp4,.mp4,media\stories\202511\18061034051561118.mp4,media\stories\202511,4
file,18061296383240856.mp4,.mp4,media\stories\202511\18061296383240856.mp4,media\stories\202511,4
file,18062090297578296.mp4,.mp4,media\stories\202511\18062090297578296.mp4,media\stories\202511,4
file,18063626861411711.mp4,.mp4,media\stories\202511\18063626861411711.mp4,media\stories\202511,4
file,18064285400397805.heic,.heic,media\stories\202511\18064285400397805.heic,media\stories\202511,4
file,18064808522159713.mp4,.mp4,media\stories\202511\18064808522159713.mp4,media\stories\202511,4
file,18065151377425917.jpg,.jpg,media\stories\202511\18065151377425917.jpg,media\stories\202511,4
file,18065158265574216.mp4,.mp4,media\stories\202511\18065158265574216.mp4,media\stories\202511,4
file,18065233265399410.jpg,.jpg,media\stories\202511\18065233265399410.jpg,media\stories\202511,4
file,18065620511525874.mp4,.mp4,media\stories\202511\18065620511525874.mp4,media\stories\202511,4
file,18066143477616989.mp4,.mp4,media\stories\202511\18066143477616989.mp4,media\stories\202511,4
file,18067222472103362.mp4,.mp4,media\stories\202511\18067222472103362.mp4,media\stories\202511,4
file,18067296137457297.mp4,.mp4,media\stories\202511\18067296137457297.mp4,media\stories\202511,4
file,18067606229081187.mp4,.mp4,media\stories\202511\18067606229081187.mp4,media\stories\202511,4
file,18068337392524585.mp4,.mp4,media\stories\202511\18068337392524585.mp4,media\stories\202511,4
file,18068718296601751.mp4,.mp4,media\stories\202511\18068718296601751.mp4,media\stories\202511,4
file,18069478229346694.mp4,.mp4,media\stories\202511\18069478229346694.mp4,media\stories\202511,4
file,18071418431021261.mp4,.mp4,media\stories\202511\18071418431021261.mp4,media\stories\202511,4
file,18072002186349044.heic,.heic,media\stories\202511\18072002186349044.heic,media\stories\202511,4
file,18072482573254134.mp4,.mp4,media\stories\202511\18072482573254134.mp4,media\stories\202511,4
file,18072688325251441.mp4,.mp4,media\stories\202511\18072688325251441.mp4,media\stories\202511,4
file,18073318211263487.mp4,.mp4,media\stories\202511\18073318211263487.mp4,media\stories\202511,4
file,18073447136196256.mp4,.mp4,media\stories\202511\18073447136196256.mp4,media\stories\202511,4
file,18073717526192458.mp4,.mp4,media\stories\202511\18073717526192458.mp4,media\stories\202511,4
file,18074135729263012.heic,.heic,media\stories\202511\18074135729263012.heic,media\stories\202511,4
file,18074972930223681.mp4,.mp4,media\stories\202511\18074972930223681.mp4,media\stories\202511,4
file,18075826462965607.mp4,.mp4,media\stories\202511\18075826462965607.mp4,media\stories\202511,4
file,18075883108960997.mp4,.mp4,media\stories\202511\18075883108960997.mp4,media\stories\202511,4
file,18076067489218369.heic,.heic,media\stories\202511\18076067489218369.heic,media\stories\202511,4
file,18077153749963670.mp4,.mp4,media\stories\202511\18077153749963670.mp4,media\stories\202511,4
file,18077339482920727.mp4,.mp4,media\stories\202511\18077339482920727.mp4,media\stories\202511,4
file,18078925852897866.mp4,.mp4,media\stories\202511\18078925852897866.mp4,media\stories\202511,4
file,18080505689473061.heic,.heic,media\stories\202511\18080505689473061.heic,media\stories\202511,4
file,18080562910885726.mp4,.mp4,media\stories\202511\18080562910885726.mp4,media\stories\202511,4
file,18081896729318597.mp4,.mp4,media\stories\202511\18081896729318597.mp4,media\stories\202511,4
file,18082065980086882.jpg,.jpg,media\stories\202511\18082065980086882.jpg,media\stories\202511,4
file,18082618633859742.mp4,.mp4,media\stories\202511\18082618633859742.mp4,media\stories\202511,4
file,18082749676843467.mp4,.mp4,media\stories\202511\18082749676843467.mp4,media\stories\202511,4
file,18083165192102772.jpg,.jpg,media\stories\202511\18083165192102772.jpg,media\stories\202511,4
file,18083352719105304.heic,.heic,media\stories\202511\18083352719105304.heic,media\stories\202511,4
file,18084417764474339.mp4,.mp4,media\stories\202511\18084417764474339.mp4,media\stories\202511,4
file,18085181440993583.mp4,.mp4,media\stories\202511\18085181440993583.mp4,media\stories\202511,4
file,18085330891991732.mp4,.mp4,media\stories\202511\18085330891991732.mp4,media\stories\202511,4
file,18086110678816797.mp4,.mp4,media\stories\202511\18086110678816797.mp4,media\stories\202511,4
file,18086173807794056.mp4,.mp4,media\stories\202511\18086173807794056.mp4,media\stories\202511,4
file,18086373703956037.mp4,.mp4,media\stories\202511\18086373703956037.mp4,media\stories\202511,4
file,18086616718979415.mp4,.mp4,media\stories\202511\18086616718979415.mp4,media\stories\202511,4
file,18086984294077097.jpg,.jpg,media\stories\202511\18086984294077097.jpg,media\stories\202511,4
file,18087644105502586.mp4,.mp4,media\stories\202511\18087644105502586.mp4,media\stories\202511,4
file,18088185073749333.heic,.heic,media\stories\202511\18088185073749333.heic,media\stories\202511,4
file,18088293766820136.jpg,.jpg,media\stories\202511\18088293766820136.jpg,media\stories\202511,4
file,18089078869932341.mp4,.mp4,media\stories\202511\18089078869932341.mp4,media\stories\202511,4
file,18090229360932780.heic,.heic,media\stories\202511\18090229360932780.heic,media\stories\202511,4
file,18091021732898788.mp4,.mp4,media\stories\202511\18091021732898788.mp4,media\stories\202511,4
file,18091124711298700.jpg,.jpg,media\stories\202511\18091124711298700.jpg,media\stories\202511,4
file,18091798816732068.mp4,.mp4,media\stories\202511\18091798816732068.mp4,media\stories\202511,4
file,18091830901913820.heic,.heic,media\stories\202511\18091830901913820.heic,media\stories\202511,4
file,18092292652894460.heic,.heic,media\stories\202511\18092292652894460.heic,media\stories\202511,4
file,18092344051905906.mp4,.mp4,media\stories\202511\18092344051905906.mp4,media\stories\202511,4
file,18096504724831200.mp4,.mp4,media\stories\202511\18096504724831200.mp4,media\stories\202511,4
file,18097730680765203.mp4,.mp4,media\stories\202511\18097730680765203.mp4,media\stories\202511,4
file,18097742863705472.mp4,.mp4,media\stories\202511\18097742863705472.mp4,media\stories\202511,4
file,18097949062696724.mp4,.mp4,media\stories\202511\18097949062696724.mp4,media\stories\202511,4
file,18100444519672982.mp4,.mp4,media\stories\202511\18100444519672982.mp4,media\stories\202511,4
file,18101353162679980.mp4,.mp4,media\stories\202511\18101353162679980.mp4,media\stories\202511,4
file,18101847586674831.mp4,.mp4,media\stories\202511\18101847586674831.mp4,media\stories\202511,4
file,18102196324689374.heic,.heic,media\stories\202511\18102196324689374.heic,media\stories\202511,4
file,18102946174668000.mp4,.mp4,media\stories\202511\18102946174668000.mp4,media\stories\202511,4
file,18103103383710652.mp4,.mp4,media\stories\202511\18103103383710652.mp4,media\stories\202511,4
file,18105082216641025.mp4,.mp4,media\stories\202511\18105082216641025.mp4,media\stories\202511,4
file,18107627755717878.mp4,.mp4,media\stories\202511\18107627755717878.mp4,media\stories\202511,4
file,18108394342627763.mp4,.mp4,media\stories\202511\18108394342627763.mp4,media\stories\202511,4
file,18108670483551374.mp4,.mp4,media\stories\202511\18108670483551374.mp4,media\stories\202511,4
file,18108996760716295.heic,.heic,media\stories\202511\18108996760716295.heic,media\stories\202511,4
file,18112933864601996.jpg,.jpg,media\stories\202511\18112933864601996.jpg,media\stories\202511,4
file,18113440177512556.heic,.heic,media\stories\202511\18113440177512556.heic,media\stories\202511,4
file,18114934510577053.heic,.heic,media\stories\202511\18114934510577053.heic,media\stories\202511,4
file,18116808703541506.jpg,.jpg,media\stories\202511\18116808703541506.jpg,media\stories\202511,4
file,18117972427488395.mp4,.mp4,media\stories\202511\18117972427488395.mp4,media\stories\202511,4
file,18120550423535026.mp4,.mp4,media\stories\202511\18120550423535026.mp4,media\stories\202511,4
file,18123942406509090.jpg,.jpg,media\stories\202511\18123942406509090.jpg,media\stories\202511,4
file,18127530844498595.mp4,.mp4,media\stories\202511\18127530844498595.mp4,media\stories\202511,4
file,18131956444472815.mp4,.mp4,media\stories\202511\18131956444472815.mp4,media\stories\202511,4
file,18147715291438193.mp4,.mp4,media\stories\202511\18147715291438193.mp4,media\stories\202511,4
file,18157666765398496.mp4,.mp4,media\stories\202511\18157666765398496.mp4,media\stories\202511,4
file,18157775992405519.mp4,.mp4,media\stories\202511\18157775992405519.mp4,media\stories\202511,4
file,18165335593376104.mp4,.mp4,media\stories\202511\18165335593376104.mp4,media\stories\202511,4
file,18168353755380780.heic,.heic,media\stories\202511\18168353755380780.heic,media\stories\202511,4
file,18178524823360554.jpg,.jpg,media\stories\202511\18178524823360554.jpg,media\stories\202511,4
file,18183391126348917.mp4,.mp4,media\stories\202511\18183391126348917.mp4,media\stories\202511,4
file,18186654370340131.mp4,.mp4,media\stories\202511\18186654370340131.mp4,media\stories\202511,4
file,18191504260333771.mp4,.mp4,media\stories\202511\18191504260333771.mp4,media\stories\202511,4
file,18191609611335122.jpg,.jpg,media\stories\202511\18191609611335122.jpg,media\stories\202511,4
file,18193236781335426.mp4,.mp4,media\stories\202511\18193236781335426.mp4,media\stories\202511,4
file,18210771214309845.mp4,.mp4,media\stories\202511\18210771214309845.mp4,media\stories\202511,4
file,18247062016293963.heic,.heic,media\stories\202511\18247062016293963.heic,media\stories\202511,4
file,18299293324248143.mp4,.mp4,media\stories\202511\18299293324248143.mp4,media\stories\202511,4
file,18314688259216623.heic,.heic,media\stories\202511\18314688259216623.heic,media\stories\202511,4
file,18322965109246138.mp4,.mp4,media\stories\202511\18322965109246138.mp4,media\stories\202511,4
file,18333062272232276.mp4,.mp4,media\stories\202511\18333062272232276.mp4,media\stories\202511,4
file,18333500659234155.mp4,.mp4,media\stories\202511\18333500659234155.mp4,media\stories\202511,4
file,18336034516231105.mp4,.mp4,media\stories\202511\18336034516231105.mp4,media\stories\202511,4
file,18351926998203220.mp4,.mp4,media\stories\202511\18351926998203220.mp4,media\stories\202511,4
file,18364707721094663.heic,.heic,media\stories\202511\18364707721094663.heic,media\stories\202511,4
file,18367161859158430.mp4,.mp4,media\stories\202511\18367161859158430.mp4,media\stories\202511,4
file,18378580933151176.mp4,.mp4,media\stories\202511\18378580933151176.mp4,media\stories\202511,4
file,18380107411150836.mp4,.mp4,media\stories\202511\18380107411150836.mp4,media\stories\202511,4
file,18420542503118999.mp4,.mp4,media\stories\202511\18420542503118999.mp4,media\stories\202511,4
file,18421323937114207.jpg,.jpg,media\stories\202511\18421323937114207.jpg,media\stories\202511,4
file,18429432790110841.heic,.heic,media\stories\202511\18429432790110841.heic,media\stories\202511,4
file,18533512087000036.heic,.heic,media\stories\202511\18533512087000036.heic,media\stories\202511,4
file,18535355860051704.heic,.heic,media\stories\202511\18535355860051704.heic,media\stories\202511,4
file,18536588728005532.mp4,.mp4,media\stories\202511\18536588728005532.mp4,media\stories\202511,4
file,18540537172019469.mp4,.mp4,media\stories\202511\18540537172019469.mp4,media\stories\202511,4
file,18541022740045922.heic,.heic,media\stories\202511\18541022740045922.heic,media\stories\202511,4
file,18541673884037692.mp4,.mp4,media\stories\202511\18541673884037692.mp4,media\stories\202511,4
file,18542795839008083.mp4,.mp4,media\stories\202511\18542795839008083.mp4,media\stories\202511,4
file,18544963165045773.mp4,.mp4,media\stories\202511\18544963165045773.mp4,media\stories\202511,4
directory,202512,,media\stories\202512,media\stories,3
file,17842429461661345.mp4,.mp4,media\stories\202512\17842429461661345.mp4,media\stories\202512,4
file,17845065618629339.mp4,.mp4,media\stories\202512\17845065618629339.mp4,media\stories\202512,4
file,17846548455616418.heic,.heic,media\stories\202512\17846548455616418.heic,media\stories\202512,4
file,17847736545613420.mp4,.mp4,media\stories\202512\17847736545613420.mp4,media\stories\202512,4
file,17848034637587529.mp4,.mp4,media\stories\202512\17848034637587529.mp4,media\stories\202512,4
file,17848102785594935.mp4,.mp4,media\stories\202512\17848102785594935.mp4,media\stories\202512,4
file,17848266171587212.heic,.heic,media\stories\202512\17848266171587212.heic,media\stories\202512,4
file,17852969439562370.heic,.heic,media\stories\202512\17852969439562370.heic,media\stories\202512,4
file,17853632382546255.mp4,.mp4,media\stories\202512\17853632382546255.mp4,media\stories\202512,4
file,17856701499574814.mp4,.mp4,media\stories\202512\17856701499574814.mp4,media\stories\202512,4
file,17866578648513458.mp4,.mp4,media\stories\202512\17866578648513458.mp4,media\stories\202512,4
file,17868622377497663.mp4,.mp4,media\stories\202512\17868622377497663.mp4,media\stories\202512,4
file,17869253598476079.mp4,.mp4,media\stories\202512\17869253598476079.mp4,media\stories\202512,4
file,17869665480491126.mp4,.mp4,media\stories\202512\17869665480491126.mp4,media\stories\202512,4
file,17869960446476989.mp4,.mp4,media\stories\202512\17869960446476989.mp4,media\stories\202512,4
file,17874699123464107.mp4,.mp4,media\stories\202512\17874699123464107.mp4,media\stories\202512,4
file,17877557523350130.heic,.heic,media\stories\202512\17877557523350130.heic,media\stories\202512,4
file,17882250525425719.mp4,.mp4,media\stories\202512\17882250525425719.mp4,media\stories\202512,4
file,17883675627309733.mp4,.mp4,media\stories\202512\17883675627309733.mp4,media\stories\202512,4
file,17889068412260311.mp4,.mp4,media\stories\202512\17889068412260311.mp4,media\stories\202512,4
file,17889507318265542.jpg,.jpg,media\stories\202512\17889507318265542.jpg,media\stories\202512,4
file,17891715105391162.mp4,.mp4,media\stories\202512\17891715105391162.mp4,media\stories\202512,4
file,17892343194382795.jpg,.jpg,media\stories\202512\17892343194382795.jpg,media\stories\202512,4
file,17895013317224535.mp4,.mp4,media\stories\202512\17895013317224535.mp4,media\stories\202512,4
file,17897633661201556.mp4,.mp4,media\stories\202512\17897633661201556.mp4,media\stories\202512,4
file,17902746621321378.heic,.heic,media\stories\202512\17902746621321378.heic,media\stories\202512,4
file,17906436141289763.heic,.heic,media\stories\202512\17906436141289763.heic,media\stories\202512,4
file,17906987352275508.mp4,.mp4,media\stories\202512\17906987352275508.mp4,media\stories\202512,4
file,17911592709277837.heic,.heic,media\stories\202512\17911592709277837.heic,media\stories\202512,4
file,17915232750250635.heic,.heic,media\stories\202512\17915232750250635.heic,media\stories\202512,4
file,17915708910247632.mp4,.mp4,media\stories\202512\17915708910247632.mp4,media\stories\202512,4
file,17915873889246235.heic,.heic,media\stories\202512\17915873889246235.heic,media\stories\202512,4
file,17916170001087391.mp4,.mp4,media\stories\202512\17916170001087391.mp4,media\stories\202512,4
file,17917661364228158.mp4,.mp4,media\stories\202512\17917661364228158.mp4,media\stories\202512,4
file,17923977666050405.mp4,.mp4,media\stories\202512\17923977666050405.mp4,media\stories\202512,4
file,17927287896176062.mp4,.mp4,media\stories\202512\17927287896176062.mp4,media\stories\202512,4
file,17937280811980211.heic,.heic,media\stories\202512\17937280811980211.heic,media\stories\202512,4
file,17959420409877614.mp4,.mp4,media\stories\202512\17959420409877614.mp4,media\stories\202512,4
file,17959718169001228.mp4,.mp4,media\stories\202512\17959718169001228.mp4,media\stories\202512,4
file,17959978503008461.mp4,.mp4,media\stories\202512\17959978503008461.mp4,media\stories\202512,4
file,17964261419991056.mp4,.mp4,media\stories\202512\17964261419991056.mp4,media\stories\202512,4
file,17971431617978695.mp4,.mp4,media\stories\202512\17971431617978695.mp4,media\stories\202512,4
file,17981968856938763.mp4,.mp4,media\stories\202512\17981968856938763.mp4,media\stories\202512,4
file,17990389598879294.mp4,.mp4,media\stories\202512\17990389598879294.mp4,media\stories\202512,4
file,17992546970899638.mp4,.mp4,media\stories\202512\17992546970899638.mp4,media\stories\202512,4
file,17995091894716207.heic,.heic,media\stories\202512\17995091894716207.heic,media\stories\202512,4
file,18002444765829985.heic,.heic,media\stories\202512\18002444765829985.heic,media\stories\202512,4
file,18003219398826883.mp4,.mp4,media\stories\202512\18003219398826883.mp4,media\stories\202512,4
file,18004162811827067.mp4,.mp4,media\stories\202512\18004162811827067.mp4,media\stories\202512,4
file,18004453439827892.mp4,.mp4,media\stories\202512\18004453439827892.mp4,media\stories\202512,4
file,18004663181827983.mp4,.mp4,media\stories\202512\18004663181827983.mp4,media\stories\202512,4
file,18008582402657293.heic,.heic,media\stories\202512\18008582402657293.heic,media\stories\202512,4
file,18016647554630485.heic,.heic,media\stories\202512\18016647554630485.heic,media\stories\202512,4
file,18020969261610052.mp4,.mp4,media\stories\202512\18020969261610052.mp4,media\stories\202512,4
file,18023949269785536.mp4,.mp4,media\stories\202512\18023949269785536.mp4,media\stories\202512,4
file,18027308297577777.heic,.heic,media\stories\202512\18027308297577777.heic,media\stories\202512,4
file,18030229649563075.mp4,.mp4,media\stories\202512\18030229649563075.mp4,media\stories\202512,4
file,18030821837751811.heic,.heic,media\stories\202512\18030821837751811.heic,media\stories\202512,4
file,18032175380749842.mp4,.mp4,media\stories\202512\18032175380749842.mp4,media\stories\202512,4
file,18049617323665020.mp4,.mp4,media\stories\202512\18049617323665020.mp4,media\stories\202512,4
file,18052047260343620.mp4,.mp4,media\stories\202512\18052047260343620.mp4,media\stories\202512,4
file,18052646543360214.mp4,.mp4,media\stories\202512\18052646543360214.mp4,media\stories\202512,4
file,18052980974350235.mp4,.mp4,media\stories\202512\18052980974350235.mp4,media\stories\202512,4
file,18057743444636166.heic,.heic,media\stories\202512\18057743444636166.heic,media\stories\202512,4
file,18059051060302905.mp4,.mp4,media\stories\202512\18059051060302905.mp4,media\stories\202512,4
file,18059057939270286.mp4,.mp4,media\stories\202512\18059057939270286.mp4,media\stories\202512,4
file,18059474951286867.heic,.heic,media\stories\202512\18059474951286867.heic,media\stories\202512,4
file,18060532868273780.mp4,.mp4,media\stories\202512\18060532868273780.mp4,media\stories\202512,4
file,18061329125266793.heic,.heic,media\stories\202512\18061329125266793.heic,media\stories\202512,4
file,18061809461241663.heic,.heic,media\stories\202512\18061809461241663.heic,media\stories\202512,4
file,18062024660243448.heic,.heic,media\stories\202512\18062024660243448.heic,media\stories\202512,4
file,18062639990239026.mp4,.mp4,media\stories\202512\18062639990239026.mp4,media\stories\202512,4
file,18063577142549286.mp4,.mp4,media\stories\202512\18063577142549286.mp4,media\stories\202512,4
file,18064284002631256.mp4,.mp4,media\stories\202512\18064284002631256.mp4,media\stories\202512,4
file,18064884974407184.mp4,.mp4,media\stories\202512\18064884974407184.mp4,media\stories\202512,4
file,18065536619434398.mp4,.mp4,media\stories\202512\18065536619434398.mp4,media\stories\202512,4
file,18065777594161568.heic,.heic,media\stories\202512\18065777594161568.heic,media\stories\202512,4
file,18066660200621086.mp4,.mp4,media\stories\202512\18066660200621086.mp4,media\stories\202512,4
file,18066675047399924.mp4,.mp4,media\stories\202512\18066675047399924.mp4,media\stories\202512,4
file,18067368335579061.mp4,.mp4,media\stories\202512\18067368335579061.mp4,media\stories\202512,4
file,18069796913596976.heic,.heic,media\stories\202512\18069796913596976.heic,media\stories\202512,4
file,18071592176575791.mp4,.mp4,media\stories\202512\18071592176575791.mp4,media\stories\202512,4
file,18075306035004666.mp4,.mp4,media\stories\202512\18075306035004666.mp4,media\stories\202512,4
file,18077466652973078.jpg,.jpg,media\stories\202512\18077466652973078.jpg,media\stories\202512,4
file,18078661570963815.mp4,.mp4,media\stories\202512\18078661570963815.mp4,media\stories\202512,4
file,18079683544923846.heic,.heic,media\stories\202512\18079683544923846.heic,media\stories\202512,4
file,18079817182918290.mp4,.mp4,media\stories\202512\18079817182918290.mp4,media\stories\202512,4
file,18079960379177508.mp4,.mp4,media\stories\202512\18079960379177508.mp4,media\stories\202512,4
file,18081171251169820.jpg,.jpg,media\stories\202512\18081171251169820.jpg,media\stories\202512,4
file,18081288029154838.mp4,.mp4,media\stories\202512\18081288029154838.mp4,media\stories\202512,4
file,18081750158275604.mp4,.mp4,media\stories\202512\18081750158275604.mp4,media\stories\202512,4
file,18083852045029926.mp4,.mp4,media\stories\202512\18083852045029926.mp4,media\stories\202512,4
file,18085013345083876.mp4,.mp4,media\stories\202512\18085013345083876.mp4,media\stories\202512,4
file,18085281410512023.mp4,.mp4,media\stories\202512\18085281410512023.mp4,media\stories\202512,4
file,18085582994065062.heic,.heic,media\stories\202512\18085582994065062.heic,media\stories\202512,4
file,18085817753040407.mp4,.mp4,media\stories\202512\18085817753040407.mp4,media\stories\202512,4
file,18086128706103056.heic,.heic,media\stories\202512\18086128706103056.heic,media\stories\202512,4
file,18086599022077657.heic,.heic,media\stories\202512\18086599022077657.heic,media\stories\202512,4
file,18087139837818233.mp4,.mp4,media\stories\202512\18087139837818233.mp4,media\stories\202512,4
file,18087205019005121.heic,.heic,media\stories\202512\18087205019005121.heic,media\stories\202512,4
file,18087536815816363.mp4,.mp4,media\stories\202512\18087536815816363.mp4,media\stories\202512,4
file,18087809737820906.mp4,.mp4,media\stories\202512\18087809737820906.mp4,media\stories\202512,4
file,18087948748809296.mp4,.mp4,media\stories\202512\18087948748809296.mp4,media\stories\202512,4
file,18088122967807231.mp4,.mp4,media\stories\202512\18088122967807231.mp4,media\stories\202512,4
file,18088544530988152.mp4,.mp4,media\stories\202512\18088544530988152.mp4,media\stories\202512,4
file,18088685167972226.heic,.heic,media\stories\202512\18088685167972226.heic,media\stories\202512,4
file,18088836319778796.heic,.heic,media\stories\202512\18088836319778796.heic,media\stories\202512,4
file,18089898877767689.heic,.heic,media\stories\202512\18089898877767689.heic,media\stories\202512,4
file,18090191857764998.mp4,.mp4,media\stories\202512\18090191857764998.mp4,media\stories\202512,4
file,18090880213766542.mp4,.mp4,media\stories\202512\18090880213766542.mp4,media\stories\202512,4
file,18091217113898107.heic,.heic,media\stories\202512\18091217113898107.heic,media\stories\202512,4
file,18091407728498612.mp4,.mp4,media\stories\202512\18091407728498612.mp4,media\stories\202512,4
file,18092398159901374.heic,.heic,media\stories\202512\18092398159901374.heic,media\stories\202512,4
file,18093054523930487.jpg,.jpg,media\stories\202512\18093054523930487.jpg,media\stories\202512,4
file,18100696636771957.mp4,.mp4,media\stories\202512\18100696636771957.mp4,media\stories\202512,4
file,18100819090685729.mp4,.mp4,media\stories\202512\18100819090685729.mp4,media\stories\202512,4
file,18101359777776814.mp4,.mp4,media\stories\202512\18101359777776814.mp4,media\stories\202512,4
file,18103386604679988.mp4,.mp4,media\stories\202512\18103386604679988.mp4,media\stories\202512,4
file,18104519785735069.mp4,.mp4,media\stories\202512\18104519785735069.mp4,media\stories\202512,4
file,18105101482579111.heic,.heic,media\stories\202512\18105101482579111.heic,media\stories\202512,4
file,18105144643644468.heic,.heic,media\stories\202512\18105144643644468.heic,media\stories\202512,4
file,18106424923645372.mp4,.mp4,media\stories\202512\18106424923645372.mp4,media\stories\202512,4
file,18106825441729323.mp4,.mp4,media\stories\202512\18106825441729323.mp4,media\stories\202512,4
file,18107035108645994.mp4,.mp4,media\stories\202512\18107035108645994.mp4,media\stories\202512,4
file,18107240416634850.mp4,.mp4,media\stories\202512\18107240416634850.mp4,media\stories\202512,4
file,18108411532616884.mp4,.mp4,media\stories\202512\18108411532616884.mp4,media\stories\202512,4
file,18108551560631840.mp4,.mp4,media\stories\202512\18108551560631840.mp4,media\stories\202512,4
file,18112432411609532.mp4,.mp4,media\stories\202512\18112432411609532.mp4,media\stories\202512,4
file,18114961324603864.mp4,.mp4,media\stories\202512\18114961324603864.mp4,media\stories\202512,4
file,18115188490571730.heic,.heic,media\stories\202512\18115188490571730.heic,media\stories\202512,4
file,18120679387483685.mp4,.mp4,media\stories\202512\18120679387483685.mp4,media\stories\202512,4
file,18122065138533677.mp4,.mp4,media\stories\202512\18122065138533677.mp4,media\stories\202512,4
file,18122399212473813.mp4,.mp4,media\stories\202512\18122399212473813.mp4,media\stories\202512,4
file,18122680396537536.mp4,.mp4,media\stories\202512\18122680396537536.mp4,media\stories\202512,4
file,18127436614503182.heic,.heic,media\stories\202512\18127436614503182.heic,media\stories\202512,4
file,18136046170470681.heic,.heic,media\stories\202512\18136046170470681.heic,media\stories\202512,4
file,18136355332465167.mp4,.mp4,media\stories\202512\18136355332465167.mp4,media\stories\202512,4
file,18139125244415890.mp4,.mp4,media\stories\202512\18139125244415890.mp4,media\stories\202512,4
file,18147848746427501.mp4,.mp4,media\stories\202512\18147848746427501.mp4,media\stories\202512,4
file,18167792197381679.jpg,.jpg,media\stories\202512\18167792197381679.jpg,media\stories\202512,4
file,18188115100349227.heic,.heic,media\stories\202512\18188115100349227.heic,media\stories\202512,4
file,18197383945328674.mp4,.mp4,media\stories\202512\18197383945328674.mp4,media\stories\202512,4
file,18248114146289421.mp4,.mp4,media\stories\202512\18248114146289421.mp4,media\stories\202512,4
file,18300752038252063.heic,.heic,media\stories\202512\18300752038252063.heic,media\stories\202512,4
file,18302143936261508.mp4,.mp4,media\stories\202512\18302143936261508.mp4,media\stories\202512,4
file,18318849217216837.mp4,.mp4,media\stories\202512\18318849217216837.mp4,media\stories\202512,4
file,18319233055221397.mp4,.mp4,media\stories\202512\18319233055221397.mp4,media\stories\202512,4
file,18323556196173210.mp4,.mp4,media\stories\202512\18323556196173210.mp4,media\stories\202512,4
file,18338453458232580.mp4,.mp4,media\stories\202512\18338453458232580.mp4,media\stories\202512,4
file,18370354879085746.mp4,.mp4,media\stories\202512\18370354879085746.mp4,media\stories\202512,4
file,18372088588157202.heic,.heic,media\stories\202512\18372088588157202.heic,media\stories\202512,4
file,18373491541153143.mp4,.mp4,media\stories\202512\18373491541153143.mp4,media\stories\202512,4
file,18382725235194538.mp4,.mp4,media\stories\202512\18382725235194538.mp4,media\stories\202512,4
file,18396277645135846.heic,.heic,media\stories\202512\18396277645135846.heic,media\stories\202512,4
file,18397086295134707.jpg,.jpg,media\stories\202512\18397086295134707.jpg,media\stories\202512,4
file,18403150147192181.mp4,.mp4,media\stories\202512\18403150147192181.mp4,media\stories\202512,4
file,18413853532184659.mp4,.mp4,media\stories\202512\18413853532184659.mp4,media\stories\202512,4
file,18423384751119574.heic,.heic,media\stories\202512\18423384751119574.heic,media\stories\202512,4
file,18445463011099687.mp4,.mp4,media\stories\202512\18445463011099687.mp4,media\stories\202512,4
file,18547659970008411.mp4,.mp4,media\stories\202512\18547659970008411.mp4,media\stories\202512,4
file,18553475671039170.mp4,.mp4,media\stories\202512\18553475671039170.mp4,media\stories\202512,4
file,18555429172048719.heic,.heic,media\stories\202512\18555429172048719.heic,media\stories\202512,4
directory,202601,,media\stories\202601,media\stories,3
file,17845317810670360.heic,.heic,media\stories\202601\17845317810670360.heic,media\stories\202601,4
file,17851794174664888.heic,.heic,media\stories\202601\17851794174664888.heic,media\stories\202601,4
file,17860444563525242.mp4,.mp4,media\stories\202601\17860444563525242.mp4,media\stories\202601,4
file,17861426181565617.heic,.heic,media\stories\202601\17861426181565617.heic,media\stories\202601,4
file,17876012322387169.mp4,.mp4,media\stories\202601\17876012322387169.mp4,media\stories\202601,4
file,17879744439463672.mp4,.mp4,media\stories\202601\17879744439463672.mp4,media\stories\202601,4
file,17900366739216750.mp4,.mp4,media\stories\202601\17900366739216750.mp4,media\stories\202601,4
file,17908226670326396.heic,.heic,media\stories\202601\17908226670326396.heic,media\stories\202601,4
file,17919018237246376.heic,.heic,media\stories\202601\17919018237246376.heic,media\stories\202601,4
file,17921094075228391.mp4,.mp4,media\stories\202601\17921094075228391.mp4,media\stories\202601,4
file,17921710893227851.mp4,.mp4,media\stories\202601\17921710893227851.mp4,media\stories\202601,4
file,17922511146234491.mp4,.mp4,media\stories\202601\17922511146234491.mp4,media\stories\202601,4
file,17922655473217718.mp4,.mp4,media\stories\202601\17922655473217718.mp4,media\stories\202601,4
file,17923050882211287.mp4,.mp4,media\stories\202601\17923050882211287.mp4,media\stories\202601,4
file,17932226085154025.mp4,.mp4,media\stories\202601\17932226085154025.mp4,media\stories\202601,4
file,17933403012017654.heic,.heic,media\stories\202601\17933403012017654.heic,media\stories\202601,4
file,17935268898077624.mp4,.mp4,media\stories\202601\17935268898077624.mp4,media\stories\202601,4
file,17951186759934832.mp4,.mp4,media\stories\202601\17951186759934832.mp4,media\stories\202601,4
file,17993024273876941.heic,.heic,media\stories\202601\17993024273876941.heic,media\stories\202601,4
file,18020858735618187.mp4,.mp4,media\stories\202601\18020858735618187.mp4,media\stories\202601,4
file,18021782327799587.heic,.heic,media\stories\202601\18021782327799587.heic,media\stories\202601,4
file,18028087010589573.mp4,.mp4,media\stories\202601\18028087010589573.mp4,media\stories\202601,4
file,18039359840727790.mp4,.mp4,media\stories\202601\18039359840727790.mp4,media\stories\202601,4
file,18042857276743424.mp4,.mp4,media\stories\202601\18042857276743424.mp4,media\stories\202601,4
file,18063196022641718.mp4,.mp4,media\stories\202601\18063196022641718.mp4,media\stories\202601,4
file,18070866200449236.mp4,.mp4,media\stories\202601\18070866200449236.mp4,media\stories\202601,4
file,18073580504369205.mp4,.mp4,media\stories\202601\18073580504369205.mp4,media\stories\202601,4
file,18075490610375490.mp4,.mp4,media\stories\202601\18075490610375490.mp4,media\stories\202601,4
file,18076792397581419.mp4,.mp4,media\stories\202601\18076792397581419.mp4,media\stories\202601,4
file,18077723537200552.heic,.heic,media\stories\202601\18077723537200552.heic,media\stories\202601,4
file,18080500778267948.mp4,.mp4,media\stories\202601\18080500778267948.mp4,media\stories\202601,4
file,18082808866900913.mp4,.mp4,media\stories\202601\18082808866900913.mp4,media\stories\202601,4
file,18086002583326749.mp4,.mp4,media\stories\202601\18086002583326749.mp4,media\stories\202601,4
file,18087171116141061.heic,.heic,media\stories\202601\18087171116141061.heic,media\stories\202601,4
file,18089666378021244.mp4,.mp4,media\stories\202601\18089666378021244.mp4,media\stories\202601,4
file,18092604556779607.heic,.heic,media\stories\202601\18092604556779607.heic,media\stories\202601,4
file,18092967041313942.mp4,.mp4,media\stories\202601\18092967041313942.mp4,media\stories\202601,4
file,18096034360904086.mp4,.mp4,media\stories\202601\18096034360904086.mp4,media\stories\202601,4
file,18097971841709645.heic,.heic,media\stories\202601\18097971841709645.heic,media\stories\202601,4
file,18098085862909383.mp4,.mp4,media\stories\202601\18098085862909383.mp4,media\stories\202601,4
file,18099151414921981.mp4,.mp4,media\stories\202601\18099151414921981.mp4,media\stories\202601,4
file,18099778021859478.heic,.heic,media\stories\202601\18099778021859478.heic,media\stories\202601,4
file,18105599401683178.mp4,.mp4,media\stories\202601\18105599401683178.mp4,media\stories\202601,4
file,18118082572595829.mp4,.mp4,media\stories\202601\18118082572595829.mp4,media\stories\202601,4
file,18118452046579270.mp4,.mp4,media\stories\202601\18118452046579270.mp4,media\stories\202601,4
file,18125222113539327.mp4,.mp4,media\stories\202601\18125222113539327.mp4,media\stories\202601,4
file,18149153980449084.heic,.heic,media\stories\202601\18149153980449084.heic,media\stories\202601,4
file,18183616990366763.jpg,.jpg,media\stories\202601\18183616990366763.jpg,media\stories\202601,4
file,18201165553325662.mp4,.mp4,media\stories\202601\18201165553325662.mp4,media\stories\202601,4
file,18210703414318157.jpg,.jpg,media\stories\202601\18210703414318157.jpg,media\stories\202601,4
file,18420643954139407.mp4,.mp4,media\stories\202601\18420643954139407.mp4,media\stories\202601,4
directory,202602,,media\stories\202602,media\stories,3
file,17845348587675816.heic,.heic,media\stories\202602\17845348587675816.heic,media\stories\202602,4
file,17846874876678804.heic,.heic,media\stories\202602\17846874876678804.heic,media\stories\202602,4
file,17848183458641594.mp4,.mp4,media\stories\202602\17848183458641594.mp4,media\stories\202602,4
file,17848718436638130.heic,.heic,media\stories\202602\17848718436638130.heic,media\stories\202602,4
file,17849791743674363.heic,.heic,media\stories\202602\17849791743674363.heic,media\stories\202602,4
file,17850339357681385.heic,.heic,media\stories\202602\17850339357681385.heic,media\stories\202602,4
file,17852910675629231.heic,.heic,media\stories\202602\17852910675629231.heic,media\stories\202602,4
file,17852976624628673.heic,.heic,media\stories\202602\17852976624628673.heic,media\stories\202602,4
file,17855401155614183.mp4,.mp4,media\stories\202602\17855401155614183.mp4,media\stories\202602,4
file,17856759309666648.mp4,.mp4,media\stories\202602\17856759309666648.mp4,media\stories\202602,4
file,17857167015605509.mp4,.mp4,media\stories\202602\17857167015605509.mp4,media\stories\202602,4
file,17860240500608607.heic,.heic,media\stories\202602\17860240500608607.heic,media\stories\202602,4
file,17861395938536291.heic,.heic,media\stories\202602\17861395938536291.heic,media\stories\202602,4
file,17867201946485210.heic,.heic,media\stories\202602\17867201946485210.heic,media\stories\202602,4
file,17868000237477776.mp4,.mp4,media\stories\202602\17868000237477776.mp4,media\stories\202602,4
file,17869250823455874.mp4,.mp4,media\stories\202602\17869250823455874.mp4,media\stories\202602,4
file,17869628085548974.mp4,.mp4,media\stories\202602\17869628085548974.mp4,media\stories\202602,4
file,17869695972455240.heic,.heic,media\stories\202602\17869695972455240.heic,media\stories\202602,4
file,17870469555454806.mp4,.mp4,media\stories\202602\17870469555454806.mp4,media\stories\202602,4
file,17872710534428601.heic,.heic,media\stories\202602\17872710534428601.heic,media\stories\202602,4
file,17873032140534069.heic,.heic,media\stories\202602\17873032140534069.heic,media\stories\202602,4
file,17873722527542228.mp4,.mp4,media\stories\202602\17873722527542228.mp4,media\stories\202602,4
file,17875222707515495.heic,.heic,media\stories\202602\17875222707515495.heic,media\stories\202602,4
file,17875246650511542.heic,.heic,media\stories\202602\17875246650511542.heic,media\stories\202602,4
file,17875715019529716.mp4,.mp4,media\stories\202602\17875715019529716.mp4,media\stories\202602,4
file,17876306139483797.heic,.heic,media\stories\202602\17876306139483797.heic,media\stories\202602,4
file,17876964804475139.heic,.heic,media\stories\202602\17876964804475139.heic,media\stories\202602,4
file,17876971794508588.mp4,.mp4,media\stories\202602\17876971794508588.mp4,media\stories\202602,4
file,17877266139482722.heic,.heic,media\stories\202602\17877266139482722.heic,media\stories\202602,4
file,17882703501465645.heic,.heic,media\stories\202602\17882703501465645.heic,media\stories\202602,4
file,17883772014468481.mp4,.mp4,media\stories\202602\17883772014468481.mp4,media\stories\202602,4
file,17891579949424318.heic,.heic,media\stories\202602\17891579949424318.heic,media\stories\202602,4
file,17892743658284486.mp4,.mp4,media\stories\202602\17892743658284486.mp4,media\stories\202602,4
file,17896109175394446.heic,.heic,media\stories\202602\17896109175394446.heic,media\stories\202602,4
file,17897796270391549.heic,.heic,media\stories\202602\17897796270391549.heic,media\stories\202602,4
file,17898601041387134.heic,.heic,media\stories\202602\17898601041387134.heic,media\stories\202602,4
file,17899380336389361.mp4,.mp4,media\stories\202602\17899380336389361.mp4,media\stories\202602,4
file,17910410409163506.heic,.heic,media\stories\202602\17910410409163506.heic,media\stories\202602,4
file,17911662351317523.heic,.heic,media\stories\202602\17911662351317523.heic,media\stories\202602,4
file,17926783428220486.heic,.heic,media\stories\202602\17926783428220486.heic,media\stories\202602,4
file,17927724777228254.heic,.heic,media\stories\202602\17927724777228254.heic,media\stories\202602,4
file,17931157317187366.mp4,.mp4,media\stories\202602\17931157317187366.mp4,media\stories\202602,4
file,17933129394191944.heic,.heic,media\stories\202602\17933129394191944.heic,media\stories\202602,4
file,17933250063180551.heic,.heic,media\stories\202602\17933250063180551.heic,media\stories\202602,4
file,17936344752014751.heic,.heic,media\stories\202602\17936344752014751.heic,media\stories\202602,4
file,17936959926158109.heic,.heic,media\stories\202602\17936959926158109.heic,media\stories\202602,4
file,17938896777077034.heic,.heic,media\stories\202602\17938896777077034.heic,media\stories\202602,4
file,17941131657116639.heic,.heic,media\stories\202602\17941131657116639.heic,media\stories\202602,4
file,17941348767116205.heic,.heic,media\stories\202602\17941348767116205.heic,media\stories\202602,4
file,17961138102049865.mp4,.mp4,media\stories\202602\17961138102049865.mp4,media\stories\202602,4
file,17963066505047798.heic,.heic,media\stories\202602\17963066505047798.heic,media\stories\202602,4
file,17964176574020123.heic,.heic,media\stories\202602\17964176574020123.heic,media\stories\202602,4
file,17969464985862868.mp4,.mp4,media\stories\202602\17969464985862868.mp4,media\stories\202602,4
file,17977309031986196.heic,.heic,media\stories\202602\17977309031986196.heic,media\stories\202602,4
file,17981600054958079.mp4,.mp4,media\stories\202602\17981600054958079.mp4,media\stories\202602,4
file,17984361719953940.mp4,.mp4,media\stories\202602\17984361719953940.mp4,media\stories\202602,4
file,17985419333781513.mp4,.mp4,media\stories\202602\17985419333781513.mp4,media\stories\202602,4
file,17990521982763060.heic,.heic,media\stories\202602\17990521982763060.heic,media\stories\202602,4
file,17994194333869646.heic,.heic,media\stories\202602\17994194333869646.heic,media\stories\202602,4
file,17995496741870693.heic,.heic,media\stories\202602\17995496741870693.heic,media\stories\202602,4
file,17996820386857945.heic,.heic,media\stories\202602\17996820386857945.heic,media\stories\202602,4
file,17997816500864736.heic,.heic,media\stories\202602\17997816500864736.heic,media\stories\202602,4
file,17997926039886386.heic,.heic,media\stories\202602\17997926039886386.heic,media\stories\202602,4
file,17998936187906722.heic,.heic,media\stories\202602\17998936187906722.heic,media\stories\202602,4
file,18000084278885554.mp4,.mp4,media\stories\202602\18000084278885554.mp4,media\stories\202602,4
file,18000523682715323.heic,.heic,media\stories\202602\18000523682715323.heic,media\stories\202602,4
file,18000645800893152.heic,.heic,media\stories\202602\18000645800893152.heic,media\stories\202602,4
file,18015527639814344.heic,.heic,media\stories\202602\18015527639814344.heic,media\stories\202602,4
file,18015827108810374.heic,.heic,media\stories\202602\18015827108810374.heic,media\stories\202602,4
file,18022020005799882.heic,.heic,media\stories\202602\18022020005799882.heic,media\stories\202602,4
file,18029893163789141.mp4,.mp4,media\stories\202602\18029893163789141.mp4,media\stories\202602,4
file,18041765282734200.mp4,.mp4,media\stories\202602\18041765282734200.mp4,media\stories\202602,4
file,18053006930698300.heic,.heic,media\stories\202602\18053006930698300.heic,media\stories\202602,4
file,18053370398472407.heic,.heic,media\stories\202602\18053370398472407.heic,media\stories\202602,4
file,18053379839701468.heic,.heic,media\stories\202602\18053379839701468.heic,media\stories\202602,4
file,18053583206444275.heic,.heic,media\stories\202602\18053583206444275.heic,media\stories\202602,4
file,18054563837445459.heic,.heic,media\stories\202602\18054563837445459.heic,media\stories\202602,4
file,18054841049445606.heic,.heic,media\stories\202602\18054841049445606.heic,media\stories\202602,4
file,18056356622414967.heic,.heic,media\stories\202602\18056356622414967.heic,media\stories\202602,4
file,18057054584663073.heic,.heic,media\stories\202602\18057054584663073.heic,media\stories\202602,4
file,18058851527342455.heic,.heic,media\stories\202602\18058851527342455.heic,media\stories\202602,4
file,18059365289666830.heic,.heic,media\stories\202602\18059365289666830.heic,media\stories\202602,4
file,18060327401662739.heic,.heic,media\stories\202602\18060327401662739.heic,media\stories\202602,4
file,18062584094654633.heic,.heic,media\stories\202602\18062584094654633.heic,media\stories\202602,4
file,18063738554322644.heic,.heic,media\stories\202602\18063738554322644.heic,media\stories\202602,4
file,18065576348282927.heic,.heic,media\stories\202602\18065576348282927.heic,media\stories\202602,4
file,18067627718243075.mp4,.mp4,media\stories\202602\18067627718243075.mp4,media\stories\202602,4
file,18067933670558914.mp4,.mp4,media\stories\202602\18067933670558914.mp4,media\stories\202602,4
file,18068593832222076.mp4,.mp4,media\stories\202602\18068593832222076.mp4,media\stories\202602,4
file,18069397997537317.mp4,.mp4,media\stories\202602\18069397997537317.mp4,media\stories\202602,4
file,18070811273565282.heic,.heic,media\stories\202602\18070811273565282.heic,media\stories\202602,4
file,18071141708632543.mp4,.mp4,media\stories\202602\18071141708632543.mp4,media\stories\202602,4
file,18071235350447589.mp4,.mp4,media\stories\202602\18071235350447589.mp4,media\stories\202602,4
file,18073019798451979.heic,.heic,media\stories\202602\18073019798451979.heic,media\stories\202602,4
file,18073392008129071.mp4,.mp4,media\stories\202602\18073392008129071.mp4,media\stories\202602,4
file,18073929284116021.heic,.heic,media\stories\202602\18073929284116021.heic,media\stories\202602,4
file,18074030975531978.heic,.heic,media\stories\202602\18074030975531978.heic,media\stories\202602,4
file,18075546125580593.mp4,.mp4,media\stories\202602\18075546125580593.mp4,media\stories\202602,4
file,18076823294575974.heic,.heic,media\stories\202602\18076823294575974.heic,media\stories\202602,4
file,18077396966525734.mp4,.mp4,media\stories\202602\18077396966525734.mp4,media\stories\202602,4
file,18077623544071468.heic,.heic,media\stories\202602\18077623544071468.heic,media\stories\202602,4
file,18077644979372954.heic,.heic,media\stories\202602\18077644979372954.heic,media\stories\202602,4
file,18077804963081380.mp4,.mp4,media\stories\202602\18077804963081380.mp4,media\stories\202602,4
file,18077929010458392.heic,.heic,media\stories\202602\18077929010458392.heic,media\stories\202602,4
file,18077948036076292.mp4,.mp4,media\stories\202602\18077948036076292.mp4,media\stories\202602,4
file,18078639716610305.mp4,.mp4,media\stories\202602\18078639716610305.mp4,media\stories\202602,4
file,18080075492362967.heic,.heic,media\stories\202602\18080075492362967.heic,media\stories\202602,4
file,18081744893464392.heic,.heic,media\stories\202602\18081744893464392.heic,media\stories\202602,4
file,18081791600616850.heic,.heic,media\stories\202602\18081791600616850.heic,media\stories\202602,4
file,18081830798034146.heic,.heic,media\stories\202602\18081830798034146.heic,media\stories\202602,4
file,18082259867210757.mp4,.mp4,media\stories\202602\18082259867210757.mp4,media\stories\202602,4
file,18082434191191058.mp4,.mp4,media\stories\202602\18082434191191058.mp4,media\stories\202602,4
file,18082545455241022.heic,.heic,media\stories\202602\18082545455241022.heic,media\stories\202602,4
file,18082877651223561.heic,.heic,media\stories\202602\18082877651223561.heic,media\stories\202602,4
file,18083071007257572.mp4,.mp4,media\stories\202602\18083071007257572.mp4,media\stories\202602,4
file,18083275336970904.heic,.heic,media\stories\202602\18083275336970904.heic,media\stories\202602,4
file,18084589037518731.mp4,.mp4,media\stories\202602\18084589037518731.mp4,media\stories\202602,4
file,18085340270227081.mp4,.mp4,media\stories\202602\18085340270227081.mp4,media\stories\202602,4
file,18085437536517768.mp4,.mp4,media\stories\202602\18085437536517768.mp4,media\stories\202602,4
file,18086052374180252.heic,.heic,media\stories\202602\18086052374180252.heic,media\stories\202602,4
file,18086119934175218.heic,.heic,media\stories\202602\18086119934175218.heic,media\stories\202602,4
file,18086677382328167.heic,.heic,media\stories\202602\18086677382328167.heic,media\stories\202602,4
file,18086891296933736.mp4,.mp4,media\stories\202602\18086891296933736.mp4,media\stories\202602,4
file,18086911100126418.mp4,.mp4,media\stories\202602\18086911100126418.mp4,media\stories\202602,4
file,18088259393129315.heic,.heic,media\stories\202602\18088259393129315.heic,media\stories\202602,4
file,18090028337102738.mp4,.mp4,media\stories\202602\18090028337102738.mp4,media\stories\202602,4
file,18091165193041599.jpg,.jpg,media\stories\202602\18091165193041599.jpg,media\stories\202602,4
file,18091446430866147.heic,.heic,media\stories\202602\18091446430866147.heic,media\stories\202602,4
file,18091722971117334.mp4,.mp4,media\stories\202602\18091722971117334.mp4,media\stories\202602,4
file,18091867424281478.heic,.heic,media\stories\202602\18091867424281478.heic,media\stories\202602,4
file,18092294363075310.mp4,.mp4,media\stories\202602\18092294363075310.mp4,media\stories\202602,4
file,18092982485063170.heic,.heic,media\stories\202602\18092982485063170.heic,media\stories\202602,4
file,18093061949053595.heic,.heic,media\stories\202602\18093061949053595.heic,media\stories\202602,4
file,18093576493962073.heic,.heic,media\stories\202602\18093576493962073.heic,media\stories\202602,4
file,18093703646050697.heic,.heic,media\stories\202602\18093703646050697.heic,media\stories\202602,4
file,18093805030950068.heic,.heic,media\stories\202602\18093805030950068.heic,media\stories\202602,4
file,18094368748785515.mp4,.mp4,media\stories\202602\18094368748785515.mp4,media\stories\202602,4
file,18094459504958284.heic,.heic,media\stories\202602\18094459504958284.heic,media\stories\202602,4
file,18094812086045459.heic,.heic,media\stories\202602\18094812086045459.heic,media\stories\202602,4
file,18095213009310420.mp4,.mp4,media\stories\202602\18095213009310420.mp4,media\stories\202602,4
file,18095348311962455.heic,.heic,media\stories\202602\18095348311962455.heic,media\stories\202602,4
file,18096077755784166.heic,.heic,media\stories\202602\18096077755784166.heic,media\stories\202602,4
file,18096810382940634.mp4,.mp4,media\stories\202602\18096810382940634.mp4,media\stories\202602,4
file,18098271664820663.mp4,.mp4,media\stories\202602\18098271664820663.mp4,media\stories\202602,4
file,18099984224297787.mp4,.mp4,media\stories\202602\18099984224297787.mp4,media\stories\202602,4
file,18101902411886480.mp4,.mp4,media\stories\202602\18101902411886480.mp4,media\stories\202602,4
file,18103449391854160.mp4,.mp4,media\stories\202602\18103449391854160.mp4,media\stories\202602,4
file,18105323578633690.heic,.heic,media\stories\202602\18105323578633690.heic,media\stories\202602,4
file,18105743899643075.heic,.heic,media\stories\202602\18105743899643075.heic,media\stories\202602,4
file,18105790834697064.mp4,.mp4,media\stories\202602\18105790834697064.mp4,media\stories\202602,4
file,18106608169762342.mp4,.mp4,media\stories\202602\18106608169762342.mp4,media\stories\202602,4
file,18107302174688226.heic,.heic,media\stories\202602\18107302174688226.heic,media\stories\202602,4
file,18109018870601511.heic,.heic,media\stories\202602\18109018870601511.heic,media\stories\202602,4
file,18110146519707157.heic,.heic,media\stories\202602\18110146519707157.heic,media\stories\202602,4
file,18110451790706384.heic,.heic,media\stories\202602\18110451790706384.heic,media\stories\202602,4
file,18111339922663980.mp4,.mp4,media\stories\202602\18111339922663980.mp4,media\stories\202602,4
file,18112014340710756.mp4,.mp4,media\stories\202602\18112014340710756.mp4,media\stories\202602,4
file,18112996210724544.mp4,.mp4,media\stories\202602\18112996210724544.mp4,media\stories\202602,4
file,18117183460618405.heic,.heic,media\stories\202602\18117183460618405.heic,media\stories\202602,4
file,18121178446597523.mp4,.mp4,media\stories\202602\18121178446597523.mp4,media\stories\202602,4
file,18121387033591202.mp4,.mp4,media\stories\202602\18121387033591202.mp4,media\stories\202602,4
file,18122298493515131.heic,.heic,media\stories\202602\18122298493515131.heic,media\stories\202602,4
file,18131048098534755.heic,.heic,media\stories\202602\18131048098534755.heic,media\stories\202602,4
file,18138855019491408.mp4,.mp4,media\stories\202602\18138855019491408.mp4,media\stories\202602,4
file,18139146598496174.mp4,.mp4,media\stories\202602\18139146598496174.mp4,media\stories\202602,4
file,18142867546464684.heic,.heic,media\stories\202602\18142867546464684.heic,media\stories\202602,4
file,18150842725453552.heic,.heic,media\stories\202602\18150842725453552.heic,media\stories\202602,4
file,18153589849446219.heic,.heic,media\stories\202602\18153589849446219.heic,media\stories\202602,4
file,18153908695442628.heic,.heic,media\stories\202602\18153908695442628.heic,media\stories\202602,4
file,18160334623413877.heic,.heic,media\stories\202602\18160334623413877.heic,media\stories\202602,4
file,18169222153394354.heic,.heic,media\stories\202602\18169222153394354.heic,media\stories\202602,4
file,18172000444391269.heic,.heic,media\stories\202602\18172000444391269.heic,media\stories\202602,4
file,18181788226365250.mp4,.mp4,media\stories\202602\18181788226365250.mp4,media\stories\202602,4
file,18191885068348719.mp4,.mp4,media\stories\202602\18191885068348719.mp4,media\stories\202602,4
file,18192726313343523.heic,.heic,media\stories\202602\18192726313343523.heic,media\stories\202602,4
file,18196032799341397.mp4,.mp4,media\stories\202602\18196032799341397.mp4,media\stories\202602,4
file,18201866185328735.heic,.heic,media\stories\202602\18201866185328735.heic,media\stories\202602,4
file,18201944119327190.heic,.heic,media\stories\202602\18201944119327190.heic,media\stories\202602,4
file,18218078806311477.mp4,.mp4,media\stories\202602\18218078806311477.mp4,media\stories\202602,4
file,18284641600303493.mp4,.mp4,media\stories\202602\18284641600303493.mp4,media\stories\202602,4
file,18308078665262409.heic,.heic,media\stories\202602\18308078665262409.heic,media\stories\202602,4
file,18340245145245715.heic,.heic,media\stories\202602\18340245145245715.heic,media\stories\202602,4
file,18345499678232397.mp4,.mp4,media\stories\202602\18345499678232397.mp4,media\stories\202602,4
file,18346671238225425.mp4,.mp4,media\stories\202602\18346671238225425.mp4,media\stories\202602,4
file,18347063590226405.heic,.heic,media\stories\202602\18347063590226405.heic,media\stories\202602,4
file,18358899286200360.heic,.heic,media\stories\202602\18358899286200360.heic,media\stories\202602,4
file,18363969106164050.mp4,.mp4,media\stories\202602\18363969106164050.mp4,media\stories\202602,4
file,18378736543080493.mp4,.mp4,media\stories\202602\18378736543080493.mp4,media\stories\202602,4
file,18378791710095521.mp4,.mp4,media\stories\202602\18378791710095521.mp4,media\stories\202602,4
file,18379472578090434.mp4,.mp4,media\stories\202602\18379472578090434.mp4,media\stories\202602,4
file,18382759384095509.mp4,.mp4,media\stories\202602\18382759384095509.mp4,media\stories\202602,4
file,18397097701176676.heic,.heic,media\stories\202602\18397097701176676.heic,media\stories\202602,4
file,18399381103178959.heic,.heic,media\stories\202602\18399381103178959.heic,media\stories\202602,4
file,18409008643133309.mp4,.mp4,media\stories\202602\18409008643133309.mp4,media\stories\202602,4
file,18409979293127630.heic,.heic,media\stories\202602\18409979293127630.heic,media\stories\202602,4
file,18414229492125348.heic,.heic,media\stories\202602\18414229492125348.heic,media\stories\202602,4
file,18423965434188010.mp4,.mp4,media\stories\202602\18423965434188010.mp4,media\stories\202602,4
file,18438226786112068.mp4,.mp4,media\stories\202602\18438226786112068.mp4,media\stories\202602,4
file,18443263762128431.heic,.heic,media\stories\202602\18443263762128431.heic,media\stories\202602,4
file,18446485366118801.heic,.heic,media\stories\202602\18446485366118801.heic,media\stories\202602,4
file,18516650248072216.heic,.heic,media\stories\202602\18516650248072216.heic,media\stories\202602,4
file,18554456998047461.mp4,.mp4,media\stories\202602\18554456998047461.mp4,media\stories\202602,4
file,18565753498033196.heic,.heic,media\stories\202602\18565753498033196.heic,media\stories\202602,4
file,18566692414000573.mp4,.mp4,media\stories\202602\18566692414000573.mp4,media\stories\202602,4
file,18569246122042321.mp4,.mp4,media\stories\202602\18569246122042321.mp4,media\stories\202602,4
file,18584511433062769.heic,.heic,media\stories\202602\18584511433062769.heic,media\stories\202602,4
directory,202603,,media\stories\202603,media\stories,3
file,17847116844676544.heic,.heic,media\stories\202603\17847116844676544.heic,media\stories\202603,4
file,17849941011663009.mp4,.mp4,media\stories\202603\17849941011663009.mp4,media\stories\202603,4
file,17851567692636433.heic,.heic,media\stories\202603\17851567692636433.heic,media\stories\202603,4
file,17852339907635934.heic,.heic,media\stories\202603\17852339907635934.heic,media\stories\202603,4
file,17853070722690856.heic,.heic,media\stories\202603\17853070722690856.heic,media\stories\202603,4
file,17855574189627004.mp4,.mp4,media\stories\202603\17855574189627004.mp4,media\stories\202603,4
file,17855596620632047.heic,.heic,media\stories\202603\17855596620632047.heic,media\stories\202603,4
file,17855661717586951.mp4,.mp4,media\stories\202603\17855661717586951.mp4,media\stories\202603,4
file,17856021390625432.mp4,.mp4,media\stories\202603\17856021390625432.mp4,media\stories\202603,4
file,17856221376584197.heic,.heic,media\stories\202603\17856221376584197.heic,media\stories\202603,4
file,17857095888582004.jpg,.jpg,media\stories\202603\17857095888582004.jpg,media\stories\202603,4
file,17858580081624929.mp4,.mp4,media\stories\202603\17858580081624929.mp4,media\stories\202603,4
file,17860637298665191.heic,.heic,media\stories\202603\17860637298665191.heic,media\stories\202603,4
file,17861753775615952.heic,.heic,media\stories\202603\17861753775615952.heic,media\stories\202603,4
file,17862831252535508.heic,.heic,media\stories\202603\17862831252535508.heic,media\stories\202603,4
file,17862996747527147.mp4,.mp4,media\stories\202603\17862996747527147.mp4,media\stories\202603,4
file,17863511349598106.heic,.heic,media\stories\202603\17863511349598106.heic,media\stories\202603,4
file,17865873327594090.heic,.heic,media\stories\202603\17865873327594090.heic,media\stories\202603,4
file,17868771135491918.jpg,.jpg,media\stories\202603\17868771135491918.jpg,media\stories\202603,4
file,17869237212584349.heic,.heic,media\stories\202603\17869237212584349.heic,media\stories\202603,4
file,17869416045583979.mp4,.mp4,media\stories\202603\17869416045583979.mp4,media\stories\202603,4
file,17869579776570214.heic,.heic,media\stories\202603\17869579776570214.heic,media\stories\202603,4
file,17870470629474785.mp4,.mp4,media\stories\202603\17870470629474785.mp4,media\stories\202603,4
file,17871505014579548.heic,.heic,media\stories\202603\17871505014579548.heic,media\stories\202603,4
file,17872402068578772.mp4,.mp4,media\stories\202603\17872402068578772.mp4,media\stories\202603,4
file,17873776770570657.heic,.heic,media\stories\202603\17873776770570657.heic,media\stories\202603,4
file,17874445923557758.mp4,.mp4,media\stories\202603\17874445923557758.mp4,media\stories\202603,4
file,17876037528434017.heic,.heic,media\stories\202603\17876037528434017.heic,media\stories\202603,4
file,17876040519557588.heic,.heic,media\stories\202603\17876040519557588.heic,media\stories\202603,4
file,17876767479549492.heic,.heic,media\stories\202603\17876767479549492.heic,media\stories\202603,4
file,17877739713405832.mp4,.mp4,media\stories\202603\17877739713405832.mp4,media\stories\202603,4
file,17880164769398545.jpg,.jpg,media\stories\202603\17880164769398545.jpg,media\stories\202603,4
file,17881996404490323.heic,.heic,media\stories\202603\17881996404490323.heic,media\stories\202603,4
file,17883888612362275.heic,.heic,media\stories\202603\17883888612362275.heic,media\stories\202603,4
file,17884173495376170.mp4,.mp4,media\stories\202603\17884173495376170.mp4,media\stories\202603,4
file,17884280304468798.mp4,.mp4,media\stories\202603\17884280304468798.mp4,media\stories\202603,4
file,17884939638469343.heic,.heic,media\stories\202603\17884939638469343.heic,media\stories\202603,4
file,17886665697451585.heic,.heic,media\stories\202603\17886665697451585.heic,media\stories\202603,4
file,17889238599448738.jpg,.jpg,media\stories\202603\17889238599448738.jpg,media\stories\202603,4
file,17890106472327584.mp4,.mp4,media\stories\202603\17890106472327584.mp4,media\stories\202603,4
file,17890618533443578.mp4,.mp4,media\stories\202603\17890618533443578.mp4,media\stories\202603,4
file,17890857381304790.heic,.heic,media\stories\202603\17890857381304790.heic,media\stories\202603,4
file,17891730888306315.mp4,.mp4,media\stories\202603\17891730888306315.mp4,media\stories\202603,4
file,17895016929283565.mp4,.mp4,media\stories\202603\17895016929283565.mp4,media\stories\202603,4
file,17895185157284367.mp4,.mp4,media\stories\202603\17895185157284367.mp4,media\stories\202603,4
file,17898550707265664.heic,.heic,media\stories\202603\17898550707265664.heic,media\stories\202603,4
file,17901992571241437.heic,.heic,media\stories\202603\17901992571241437.heic,media\stories\202603,4
file,17903738811222438.mp4,.mp4,media\stories\202603\17903738811222438.mp4,media\stories\202603,4
file,17907162258202381.mp4,.mp4,media\stories\202603\17907162258202381.mp4,media\stories\202603,4
file,17907942582183526.heic,.heic,media\stories\202603\17907942582183526.heic,media\stories\202603,4
file,17908084029369213.heic,.heic,media\stories\202603\17908084029369213.heic,media\stories\202603,4
file,17908334157367372.mp4,.mp4,media\stories\202603\17908334157367372.mp4,media\stories\202603,4
file,17912144913355285.mp4,.mp4,media\stories\202603\17912144913355285.mp4,media\stories\202603,4
file,17915766309325431.heic,.heic,media\stories\202603\17915766309325431.heic,media\stories\202603,4
file,17917760376318174.heic,.heic,media\stories\202603\17917760376318174.heic,media\stories\202603,4
file,17917766487340028.heic,.heic,media\stories\202603\17917766487340028.heic,media\stories\202603,4
file,17919668973289066.mp4,.mp4,media\stories\202603\17919668973289066.mp4,media\stories\202603,4
file,17921674677278075.jpg,.jpg,media\stories\202603\17921674677278075.jpg,media\stories\202603,4
file,17922755472267090.heic,.heic,media\stories\202603\17922755472267090.heic,media\stories\202603,4
file,17923006569255655.heic,.heic,media\stories\202603\17923006569255655.heic,media\stories\202603,4
file,17927050431234674.heic,.heic,media\stories\202603\17927050431234674.heic,media\stories\202603,4
file,17929103250237213.heic,.heic,media\stories\202603\17929103250237213.heic,media\stories\202603,4
file,17930241702217672.mp4,.mp4,media\stories\202603\17930241702217672.mp4,media\stories\202603,4
file,17931764829218209.mp4,.mp4,media\stories\202603\17931764829218209.mp4,media\stories\202603,4
file,17934984036206428.heic,.heic,media\stories\202603\17934984036206428.heic,media\stories\202603,4
file,17935460889080608.heic,.heic,media\stories\202603\17935460889080608.heic,media\stories\202603,4
file,17936764536079944.mp4,.mp4,media\stories\202603\17936764536079944.mp4,media\stories\202603,4
file,17938342911189308.heic,.heic,media\stories\202603\17938342911189308.heic,media\stories\202603,4
file,17941354371011735.mp4,.mp4,media\stories\202603\17941354371011735.mp4,media\stories\202603,4
file,17943793245131980.mp4,.mp4,media\stories\202603\17943793245131980.mp4,media\stories\202603,4
file,17944834437133069.mp4,.mp4,media\stories\202603\17944834437133069.mp4,media\stories\202603,4
file,17954939163076741.mp4,.mp4,media\stories\202603\17954939163076741.mp4,media\stories\202603,4
file,17955345317942866.mp4,.mp4,media\stories\202603\17955345317942866.mp4,media\stories\202603,4
file,17958022755078651.heic,.heic,media\stories\202603\17958022755078651.heic,media\stories\202603,4
file,17960079198069285.mp4,.mp4,media\stories\202603\17960079198069285.mp4,media\stories\202603,4
file,17962031130059216.heic,.heic,media\stories\202603\17962031130059216.heic,media\stories\202603,4
file,17962083570061659.heic,.heic,media\stories\202603\17962083570061659.heic,media\stories\202603,4
file,17964526113043241.mp4,.mp4,media\stories\202603\17964526113043241.mp4,media\stories\202603,4
file,17970809027975133.heic,.heic,media\stories\202603\17970809027975133.heic,media\stories\202603,4
file,17970859316859703.jpg,.jpg,media\stories\202603\17970859316859703.jpg,media\stories\202603,4
file,17976436667842326.heic,.heic,media\stories\202603\17976436667842326.heic,media\stories\202603,4
file,17977794612002401.heic,.heic,media\stories\202603\17977794612002401.heic,media\stories\202603,4
file,17977949489991870.heic,.heic,media\stories\202603\17977949489991870.heic,media\stories\202603,4
file,17981471075968846.heic,.heic,media\stories\202603\17981471075968846.heic,media\stories\202603,4
file,17981535395993592.jpg,.jpg,media\stories\202603\17981535395993592.jpg,media\stories\202603,4
file,17983269500800532.heic,.heic,media\stories\202603\17983269500800532.heic,media\stories\202603,4
file,17984734883952202.heic,.heic,media\stories\202603\17984734883952202.heic,media\stories\202603,4
file,17986071581975056.heic,.heic,media\stories\202603\17986071581975056.heic,media\stories\202603,4
file,17991184763926722.heic,.heic,media\stories\202603\17991184763926722.heic,media\stories\202603,4
file,17991636125774363.heic,.heic,media\stories\202603\17991636125774363.heic,media\stories\202603,4
file,17993074010947303.heic,.heic,media\stories\202603\17993074010947303.heic,media\stories\202603,4
file,17995759106916378.mp4,.mp4,media\stories\202603\17995759106916378.mp4,media\stories\202603,4
file,17998142891875987.jpg,.jpg,media\stories\202603\17998142891875987.jpg,media\stories\202603,4
file,17998630568869822.mp4,.mp4,media\stories\202603\17998630568869822.mp4,media\stories\202603,4
file,18000711107911301.heic,.heic,media\stories\202603\18000711107911301.heic,media\stories\202603,4
file,18001140356880372.heic,.heic,media\stories\202603\18001140356880372.heic,media\stories\202603,4
file,18001569818858194.heic,.heic,media\stories\202603\18001569818858194.heic,media\stories\202603,4
file,18002141588733504.heic,.heic,media\stories\202603\18002141588733504.heic,media\stories\202603,4
file,18002548034724211.heic,.heic,media\stories\202603\18002548034724211.heic,media\stories\202603,4
file,18005243993897370.heic,.heic,media\stories\202603\18005243993897370.heic,media\stories\202603,4
file,18006679655704274.heic,.heic,media\stories\202603\18006679655704274.heic,media\stories\202603,4
file,18010572548682197.heic,.heic,media\stories\202603\18010572548682197.heic,media\stories\202603,4
file,18016892015818943.mp4,.mp4,media\stories\202603\18016892015818943.mp4,media\stories\202603,4
file,18017195033657528.mp4,.mp4,media\stories\202603\18017195033657528.mp4,media\stories\202603,4
file,18019321103820060.mp4,.mp4,media\stories\202603\18019321103820060.mp4,media\stories\202603,4
file,18020430206813777.mp4,.mp4,media\stories\202603\18020430206813777.mp4,media\stories\202603,4
file,18024362027815826.heic,.heic,media\stories\202603\18024362027815826.heic,media\stories\202603,4
file,18027717278620322.mp4,.mp4,media\stories\202603\18027717278620322.mp4,media\stories\202603,4
file,18028943765612578.heic,.heic,media\stories\202603\18028943765612578.heic,media\stories\202603,4
file,18029242589615513.mp4,.mp4,media\stories\202603\18029242589615513.mp4,media\stories\202603,4
file,18030023693607042.heic,.heic,media\stories\202603\18030023693607042.heic,media\stories\202603,4
file,18035775005592481.jpg,.jpg,media\stories\202603\18035775005592481.jpg,media\stories\202603,4
file,18036236576589924.heic,.heic,media\stories\202603\18036236576589924.heic,media\stories\202603,4
file,18041376530768546.heic,.heic,media\stories\202603\18041376530768546.heic,media\stories\202603,4
file,18048864089733774.heic,.heic,media\stories\202603\18048864089733774.heic,media\stories\202603,4
file,18056378900453713.heic,.heic,media\stories\202603\18056378900453713.heic,media\stories\202603,4
file,18057730322451563.mp4,.mp4,media\stories\202603\18057730322451563.mp4,media\stories\202603,4
file,18057793886442927.jpg,.jpg,media\stories\202603\18057793886442927.jpg,media\stories\202603,4
file,18059547632405804.mp4,.mp4,media\stories\202603\18059547632405804.mp4,media\stories\202603,4
file,18061198742377643.mp4,.mp4,media\stories\202603\18061198742377643.mp4,media\stories\202603,4
file,18062916611359554.mp4,.mp4,media\stories\202603\18062916611359554.mp4,media\stories\202603,4
file,18063587474658604.mp4,.mp4,media\stories\202603\18063587474658604.mp4,media\stories\202603,4
file,18064674374421566.heic,.heic,media\stories\202603\18064674374421566.heic,media\stories\202603,4
file,18064959755312259.heic,.heic,media\stories\202603\18064959755312259.heic,media\stories\202603,4
file,18066935804288076.mp4,.mp4,media\stories\202603\18066935804288076.mp4,media\stories\202603,4
file,18067264280298314.heic,.heic,media\stories\202603\18067264280298314.heic,media\stories\202603,4
file,18068587061640445.mp4,.mp4,media\stories\202603\18068587061640445.mp4,media\stories\202603,4
file,18069414440274855.heic,.heic,media\stories\202603\18069414440274855.heic,media\stories\202603,4
file,18069833219282612.heic,.heic,media\stories\202603\18069833219282612.heic,media\stories\202603,4
file,18070236734266108.heic,.heic,media\stories\202603\18070236734266108.heic,media\stories\202603,4
file,18070748894555031.heic,.heic,media\stories\202603\18070748894555031.heic,media\stories\202603,4
file,18071979230675595.heic,.heic,media\stories\202603\18071979230675595.heic,media\stories\202603,4
file,18072502430445023.heic,.heic,media\stories\202603\18072502430445023.heic,media\stories\202603,4
file,18072886892419979.heic,.heic,media\stories\202603\18072886892419979.heic,media\stories\202603,4
file,18073626512166626.mp4,.mp4,media\stories\202603\18073626512166626.mp4,media\stories\202603,4
file,18074927495633485.heic,.heic,media\stories\202603\18074927495633485.heic,media\stories\202603,4
file,18075136739402487.mp4,.mp4,media\stories\202603\18075136739402487.mp4,media\stories\202603,4
file,18075212618629627.heic,.heic,media\stories\202603\18075212618629627.heic,media\stories\202603,4
file,18077443238144372.heic,.heic,media\stories\202603\18077443238144372.heic,media\stories\202603,4
file,18077508908579712.heic,.heic,media\stories\202603\18077508908579712.heic,media\stories\202603,4
file,18077807054436840.jpg,.jpg,media\stories\202603\18077807054436840.jpg,media\stories\202603,4
file,18078481451415185.mp4,.mp4,media\stories\202603\18078481451415185.mp4,media\stories\202603,4
file,18078554021378221.heic,.heic,media\stories\202603\18078554021378221.heic,media\stories\202603,4
file,18078670676619566.mp4,.mp4,media\stories\202603\18078670676619566.mp4,media\stories\202603,4
file,18079612010607465.heic,.heic,media\stories\202603\18079612010607465.heic,media\stories\202603,4
file,18081031634621009.heic,.heic,media\stories\202603\18081031634621009.heic,media\stories\202603,4
file,18081488150032513.heic,.heic,media\stories\202603\18081488150032513.heic,media\stories\202603,4
file,18081933356374326.heic,.heic,media\stories\202603\18081933356374326.heic,media\stories\202603,4
file,18082151438070375.heic,.heic,media\stories\202603\18082151438070375.heic,media\stories\202603,4
file,18082866503017741.heic,.heic,media\stories\202603\18082866503017741.heic,media\stories\202603,4
file,18083214170032808.heic,.heic,media\stories\202603\18083214170032808.heic,media\stories\202603,4
file,18083341877605077.mp4,.mp4,media\stories\202603\18083341877605077.mp4,media\stories\202603,4
file,18083606497992924.mp4,.mp4,media\stories\202603\18083606497992924.mp4,media\stories\202603,4
file,18084182726585804.heic,.heic,media\stories\202603\18084182726585804.heic,media\stories\202603,4
file,18084296360607284.mp4,.mp4,media\stories\202603\18084296360607284.mp4,media\stories\202603,4
file,18085603985213471.heic,.heic,media\stories\202603\18085603985213471.heic,media\stories\202603,4
file,18086039597210358.heic,.heic,media\stories\202603\18086039597210358.heic,media\stories\202603,4
file,18086278991214823.heic,.heic,media\stories\202603\18086278991214823.heic,media\stories\202603,4
file,18086708980946319.heic,.heic,media\stories\202603\18086708980946319.heic,media\stories\202603,4
file,18086952608228344.heic,.heic,media\stories\202603\18086952608228344.heic,media\stories\202603,4
file,18087315596226969.mp4,.mp4,media\stories\202603\18087315596226969.mp4,media\stories\202603,4
file,18087836666268645.mp4,.mp4,media\stories\202603\18087836666268645.mp4,media\stories\202603,4
file,18089435147517201.mp4,.mp4,media\stories\202603\18089435147517201.mp4,media\stories\202603,4
file,18091982207011752.heic,.heic,media\stories\202603\18091982207011752.heic,media\stories\202603,4
file,18092487383137536.mp4,.mp4,media\stories\202603\18092487383137536.mp4,media\stories\202603,4
file,18093066550886892.heic,.heic,media\stories\202603\18093066550886892.heic,media\stories\202603,4
file,18093107510008803.mp4,.mp4,media\stories\202603\18093107510008803.mp4,media\stories\202603,4
file,18093401336115296.mp4,.mp4,media\stories\202603\18093401336115296.mp4,media\stories\202603,4
file,18093401648012750.heic,.heic,media\stories\202603\18093401648012750.heic,media\stories\202603,4
file,18093521671889384.mp4,.mp4,media\stories\202603\18093521671889384.mp4,media\stories\202603,4
file,18093963919874659.heic,.heic,media\stories\202603\18093963919874659.heic,media\stories\202603,4
file,18094574039079268.mp4,.mp4,media\stories\202603\18094574039079268.mp4,media\stories\202603,4
file,18094923688823495.mp4,.mp4,media\stories\202603\18094923688823495.mp4,media\stories\202603,4
file,18095067695099423.heic,.heic,media\stories\202603\18095067695099423.heic,media\stories\202603,4
file,18095235556815286.heic,.heic,media\stories\202603\18095235556815286.heic,media\stories\202603,4
file,18095429786092501.mp4,.mp4,media\stories\202603\18095429786092501.mp4,media\stories\202603,4
file,18095481872066548.heic,.heic,media\stories\202603\18095481872066548.heic,media\stories\202603,4
file,18095564720484223.heic,.heic,media\stories\202603\18095564720484223.heic,media\stories\202603,4
file,18095715518094946.mp4,.mp4,media\stories\202603\18095715518094946.mp4,media\stories\202603,4
file,18096355396788237.heic,.heic,media\stories\202603\18096355396788237.heic,media\stories\202603,4
file,18096425359990341.heic,.heic,media\stories\202603\18096425359990341.heic,media\stories\202603,4
file,18096646250054508.mp4,.mp4,media\stories\202603\18096646250054508.mp4,media\stories\202603,4
file,18096676640097913.heic,.heic,media\stories\202603\18096676640097913.heic,media\stories\202603,4
file,18097177952057666.heic,.heic,media\stories\202603\18097177952057666.heic,media\stories\202603,4
file,18097343285061331.heic,.heic,media\stories\202603\18097343285061331.heic,media\stories\202603,4
file,18097428061768882.heic,.heic,media\stories\202603\18097428061768882.heic,media\stories\202603,4
file,18097437023481964.heic,.heic,media\stories\202603\18097437023481964.heic,media\stories\202603,4
file,18097642099814147.mp4,.mp4,media\stories\202603\18097642099814147.mp4,media\stories\202603,4
file,18097871411061182.mp4,.mp4,media\stories\202603\18097871411061182.mp4,media\stories\202603,4
file,18098022217962339.mp4,.mp4,media\stories\202603\18098022217962339.mp4,media\stories\202603,4
file,18098130454985546.mp4,.mp4,media\stories\202603\18098130454985546.mp4,media\stories\202603,4
file,18098221492941443.mp4,.mp4,media\stories\202603\18098221492941443.mp4,media\stories\202603,4
file,18098444296997761.heic,.heic,media\stories\202603\18098444296997761.heic,media\stories\202603,4
file,18098562521068646.mp4,.mp4,media\stories\202603\18098562521068646.mp4,media\stories\202603,4
file,18098572354993272.heic,.heic,media\stories\202603\18098572354993272.heic,media\stories\202603,4
file,18098696956939787.mp4,.mp4,media\stories\202603\18098696956939787.mp4,media\stories\202603,4
file,18099696250942480.heic,.heic,media\stories\202603\18099696250942480.heic,media\stories\202603,4
file,18100323538934871.heic,.heic,media\stories\202603\18100323538934871.heic,media\stories\202603,4
file,18100514638762484.mp4,.mp4,media\stories\202603\18100514638762484.mp4,media\stories\202603,4
file,18100787389936215.heic,.heic,media\stories\202603\18100787389936215.heic,media\stories\202603,4
file,18101323892502195.heic,.heic,media\stories\202603\18101323892502195.heic,media\stories\202603,4
file,18101889100741450.heic,.heic,media\stories\202603\18101889100741450.heic,media\stories\202603,4
file,18102190744935393.mp4,.mp4,media\stories\202603\18102190744935393.mp4,media\stories\202603,4
file,18103240810921526.mp4,.mp4,media\stories\202603\18103240810921526.mp4,media\stories\202603,4
file,18103323119498025.heic,.heic,media\stories\202603\18103323119498025.heic,media\stories\202603,4
file,18104079869484790.mp4,.mp4,media\stories\202603\18104079869484790.mp4,media\stories\202603,4
file,18104100727722090.heic,.heic,media\stories\202603\18104100727722090.heic,media\stories\202603,4
file,18104506447880049.heic,.heic,media\stories\202603\18104506447880049.heic,media\stories\202603,4
file,18104792368686728.heic,.heic,media\stories\202603\18104792368686728.heic,media\stories\202603,4
file,18105088741895305.heic,.heic,media\stories\202603\18105088741895305.heic,media\stories\202603,4
file,18105121903852626.heic,.heic,media\stories\202603\18105121903852626.heic,media\stories\202603,4
file,18105126850883394.mp4,.mp4,media\stories\202603\18105126850883394.mp4,media\stories\202603,4
file,18105172681881910.heic,.heic,media\stories\202603\18105172681881910.heic,media\stories\202603,4
file,18105379183846315.mp4,.mp4,media\stories\202603\18105379183846315.mp4,media\stories\202603,4
file,18106515220857558.heic,.heic,media\stories\202603\18106515220857558.heic,media\stories\202603,4
file,18107837404754037.heic,.heic,media\stories\202603\18107837404754037.heic,media\stories\202603,4
file,18108933247880892.heic,.heic,media\stories\202603\18108933247880892.heic,media\stories\202603,4
file,18109099069832149.heic,.heic,media\stories\202603\18109099069832149.heic,media\stories\202603,4
file,18109373995806629.mp4,.mp4,media\stories\202603\18109373995806629.mp4,media\stories\202603,4
file,18109444711814985.heic,.heic,media\stories\202603\18109444711814985.heic,media\stories\202603,4
file,18109819789690860.heic,.heic,media\stories\202603\18109819789690860.heic,media\stories\202603,4
file,18110001574706082.heic,.heic,media\stories\202603\18110001574706082.heic,media\stories\202603,4
file,18110449516823009.heic,.heic,media\stories\202603\18110449516823009.heic,media\stories\202603,4
file,18110547298772089.heic,.heic,media\stories\202603\18110547298772089.heic,media\stories\202603,4
file,18110734645695647.jpg,.jpg,media\stories\202603\18110734645695647.jpg,media\stories\202603,4
file,18113352172658034.heic,.heic,media\stories\202603\18113352172658034.heic,media\stories\202603,4
file,18113669146738264.heic,.heic,media\stories\202603\18113669146738264.heic,media\stories\202603,4
file,18114251533711524.heic,.heic,media\stories\202603\18114251533711524.heic,media\stories\202603,4
file,18114291043630352.heic,.heic,media\stories\202603\18114291043630352.heic,media\stories\202603,4
file,18115788235732672.mp4,.mp4,media\stories\202603\18115788235732672.mp4,media\stories\202603,4
file,18117737077641992.mp4,.mp4,media\stories\202603\18117737077641992.mp4,media\stories\202603,4
file,18119491054625119.heic,.heic,media\stories\202603\18119491054625119.heic,media\stories\202603,4
file,18120212875619564.heic,.heic,media\stories\202603\18120212875619564.heic,media\stories\202603,4
file,18121273297608424.mp4,.mp4,media\stories\202603\18121273297608424.mp4,media\stories\202603,4
file,18121714477717391.heic,.heic,media\stories\202603\18121714477717391.heic,media\stories\202603,4
file,18121744627611060.mp4,.mp4,media\stories\202603\18121744627611060.mp4,media\stories\202603,4
file,18121966429598392.mp4,.mp4,media\stories\202603\18121966429598392.mp4,media\stories\202603,4
file,18122249278597176.heic,.heic,media\stories\202603\18122249278597176.heic,media\stories\202603,4
file,18122912512590915.heic,.heic,media\stories\202603\18122912512590915.heic,media\stories\202603,4
file,18124222129583050.heic,.heic,media\stories\202603\18124222129583050.heic,media\stories\202603,4
file,18125451271519725.mp4,.mp4,media\stories\202603\18125451271519725.mp4,media\stories\202603,4
file,18126959182563603.heic,.heic,media\stories\202603\18126959182563603.heic,media\stories\202603,4
file,18127046713572082.mp4,.mp4,media\stories\202603\18127046713572082.mp4,media\stories\202603,4
file,18127181266493932.mp4,.mp4,media\stories\202603\18127181266493932.mp4,media\stories\202603,4
file,18129511918543517.heic,.heic,media\stories\202603\18129511918543517.heic,media\stories\202603,4
file,18132046363545424.heic,.heic,media\stories\202603\18132046363545424.heic,media\stories\202603,4
file,18132301057524734.heic,.heic,media\stories\202603\18132301057524734.heic,media\stories\202603,4
file,18132350164534747.heic,.heic,media\stories\202603\18132350164534747.heic,media\stories\202603,4
file,18132889024542215.mp4,.mp4,media\stories\202603\18132889024542215.mp4,media\stories\202603,4
file,18134764522524292.mp4,.mp4,media\stories\202603\18134764522524292.mp4,media\stories\202603,4
file,18135136390511317.mp4,.mp4,media\stories\202603\18135136390511317.mp4,media\stories\202603,4
file,18135336070454253.mp4,.mp4,media\stories\202603\18135336070454253.mp4,media\stories\202603,4
file,18136797181513879.mp4,.mp4,media\stories\202603\18136797181513879.mp4,media\stories\202603,4
file,18137454604509949.heic,.heic,media\stories\202603\18137454604509949.heic,media\stories\202603,4
file,18137779555506834.heic,.heic,media\stories\202603\18137779555506834.heic,media\stories\202603,4
file,18139647976497108.heic,.heic,media\stories\202603\18139647976497108.heic,media\stories\202603,4
file,18142556152430467.mp4,.mp4,media\stories\202603\18142556152430467.mp4,media\stories\202603,4
file,18143637532488700.heic,.heic,media\stories\202603\18143637532488700.heic,media\stories\202603,4
file,18144605128432451.heic,.heic,media\stories\202603\18144605128432451.heic,media\stories\202603,4
file,18146927863418441.mp4,.mp4,media\stories\202603\18146927863418441.mp4,media\stories\202603,4
file,18146970400478534.mp4,.mp4,media\stories\202603\18146970400478534.mp4,media\stories\202603,4
file,18147008455467191.heic,.heic,media\stories\202603\18147008455467191.heic,media\stories\202603,4
file,18147452791466750.mp4,.mp4,media\stories\202603\18147452791466750.mp4,media\stories\202603,4
file,18152408746451264.mp4,.mp4,media\stories\202603\18152408746451264.mp4,media\stories\202603,4
file,18155025562451915.mp4,.mp4,media\stories\202603\18155025562451915.mp4,media\stories\202603,4
file,18155079142442641.mp4,.mp4,media\stories\202603\18155079142442641.mp4,media\stories\202603,4
file,18155569276442045.heic,.heic,media\stories\202603\18155569276442045.heic,media\stories\202603,4
file,18155712652435242.heic,.heic,media\stories\202603\18155712652435242.heic,media\stories\202603,4
file,18157889365432736.heic,.heic,media\stories\202603\18157889365432736.heic,media\stories\202603,4
file,18158620366441355.mp4,.mp4,media\stories\202603\18158620366441355.mp4,media\stories\202603,4
file,18158944561434911.heic,.heic,media\stories\202603\18158944561434911.heic,media\stories\202603,4
file,18160006063430478.mp4,.mp4,media\stories\202603\18160006063430478.mp4,media\stories\202603,4
file,18162868762420948.heic,.heic,media\stories\202603\18162868762420948.heic,media\stories\202603,4
file,18163184908421527.mp4,.mp4,media\stories\202603\18163184908421527.mp4,media\stories\202603,4
file,18167388559409877.heic,.heic,media\stories\202603\18167388559409877.heic,media\stories\202603,4
file,18169080838367537.mp4,.mp4,media\stories\202603\18169080838367537.mp4,media\stories\202603,4
file,18171786334398286.heic,.heic,media\stories\202603\18171786334398286.heic,media\stories\202603,4
file,18172985743396973.mp4,.mp4,media\stories\202603\18172985743396973.mp4,media\stories\202603,4
file,18174264517383968.heic,.heic,media\stories\202603\18174264517383968.heic,media\stories\202603,4
file,18174655012386029.jpg,.jpg,media\stories\202603\18174655012386029.jpg,media\stories\202603,4
file,18176260225380504.heic,.heic,media\stories\202603\18176260225380504.heic,media\stories\202603,4
file,18178417531379142.mp4,.mp4,media\stories\202603\18178417531379142.mp4,media\stories\202603,4
file,18178448722378963.heic,.heic,media\stories\202603\18178448722378963.heic,media\stories\202603,4
file,18183419140330227.heic,.heic,media\stories\202603\18183419140330227.heic,media\stories\202603,4
file,18195294184354248.mp4,.mp4,media\stories\202603\18195294184354248.mp4,media\stories\202603,4
file,18197202838345143.mp4,.mp4,media\stories\202603\18197202838345143.mp4,media\stories\202603,4
file,18203567254343648.mp4,.mp4,media\stories\202603\18203567254343648.mp4,media\stories\202603,4
file,18212181733323668.heic,.heic,media\stories\202603\18212181733323668.heic,media\stories\202603,4
file,18261403705295697.jpg,.jpg,media\stories\202603\18261403705295697.jpg,media\stories\202603,4
file,18288599392303615.heic,.heic,media\stories\202603\18288599392303615.heic,media\stories\202603,4
file,18305991265278320.heic,.heic,media\stories\202603\18305991265278320.heic,media\stories\202603,4
file,18309976720272622.heic,.heic,media\stories\202603\18309976720272622.heic,media\stories\202603,4
file,18312961792275885.mp4,.mp4,media\stories\202603\18312961792275885.mp4,media\stories\202603,4
file,18317417896266124.heic,.heic,media\stories\202603\18317417896266124.heic,media\stories\202603,4
file,18318800659270705.jpg,.jpg,media\stories\202603\18318800659270705.jpg,media\stories\202603,4
file,18329229607216872.heic,.heic,media\stories\202603\18329229607216872.heic,media\stories\202603,4
file,18331315849220962.mp4,.mp4,media\stories\202603\18331315849220962.mp4,media\stories\202603,4
file,18333474577218090.heic,.heic,media\stories\202603\18333474577218090.heic,media\stories\202603,4
file,18339341080300595.mp4,.mp4,media\stories\202603\18339341080300595.mp4,media\stories\202603,4
file,18347970289236104.heic,.heic,media\stories\202603\18347970289236104.heic,media\stories\202603,4
file,18348298147232771.heic,.heic,media\stories\202603\18348298147232771.heic,media\stories\202603,4
file,18351554869233730.heic,.heic,media\stories\202603\18351554869233730.heic,media\stories\202603,4
file,18365824846163866.mp4,.mp4,media\stories\202603\18365824846163866.mp4,media\stories\202603,4
file,18366204244162967.mp4,.mp4,media\stories\202603\18366204244162967.mp4,media\stories\202603,4
file,18367185460201318.heic,.heic,media\stories\202603\18367185460201318.heic,media\stories\202603,4
file,18387015226094316.heic,.heic,media\stories\202603\18387015226094316.heic,media\stories\202603,4
file,18388086613155864.mp4,.mp4,media\stories\202603\18388086613155864.mp4,media\stories\202603,4
file,18397219180199322.mp4,.mp4,media\stories\202603\18397219180199322.mp4,media\stories\202603,4
file,18401892997197326.jpg,.jpg,media\stories\202603\18401892997197326.jpg,media\stories\202603,4
file,18403195531144808.heic,.heic,media\stories\202603\18403195531144808.heic,media\stories\202603,4
file,18407279662182794.heic,.heic,media\stories\202603\18407279662182794.heic,media\stories\202603,4
file,18411193936133128.heic,.heic,media\stories\202603\18411193936133128.heic,media\stories\202603,4
file,18414959227123602.jpg,.jpg,media\stories\202603\18414959227123602.jpg,media\stories\202603,4
file,18419111959121955.heic,.heic,media\stories\202603\18419111959121955.heic,media\stories\202603,4
file,18451048981100150.heic,.heic,media\stories\202603\18451048981100150.heic,media\stories\202603,4
file,18453481027105653.heic,.heic,media\stories\202603\18453481027105653.heic,media\stories\202603,4
file,18462887959106833.mp4,.mp4,media\stories\202603\18462887959106833.mp4,media\stories\202603,4
file,18520463560072976.mp4,.mp4,media\stories\202603\18520463560072976.mp4,media\stories\202603,4
file,18530169637068842.mp4,.mp4,media\stories\202603\18530169637068842.mp4,media\stories\202603,4
file,18564165379063975.heic,.heic,media\stories\202603\18564165379063975.heic,media\stories\202603,4
file,18566499229007865.mp4,.mp4,media\stories\202603\18566499229007865.mp4,media\stories\202603,4
file,18569232163034516.heic,.heic,media\stories\202603\18569232163034516.heic,media\stories\202603,4
file,18570311914023937.jpg,.jpg,media\stories\202603\18570311914023937.jpg,media\stories\202603,4
file,18572250784048127.heic,.heic,media\stories\202603\18572250784048127.heic,media\stories\202603,4
file,18572252722029565.heic,.heic,media\stories\202603\18572252722029565.heic,media\stories\202603,4
file,18572819497033049.mp4,.mp4,media\stories\202603\18572819497033049.mp4,media\stories\202603,4
file,18580263169049421.jpg,.jpg,media\stories\202603\18580263169049421.jpg,media\stories\202603,4
file,18580852447003058.mp4,.mp4,media\stories\202603\18580852447003058.mp4,media\stories\202603,4
directory,202604,,media\stories\202604,media\stories,3
file,17854133286638117.mp4,.mp4,media\stories\202604\17854133286638117.mp4,media\stories\202604,4
file,17856862755631101.mp4,.mp4,media\stories\202604\17856862755631101.mp4,media\stories\202604,4
file,17858728917652697.mp4,.mp4,media\stories\202604\17858728917652697.mp4,media\stories\202604,4
file,17864465121671360.heic,.heic,media\stories\202604\17864465121671360.heic,media\stories\202604,4
file,17865900531667451.mp4,.mp4,media\stories\202604\17865900531667451.mp4,media\stories\202604,4
file,17881779552530857.jpg,.jpg,media\stories\202604\17881779552530857.jpg,media\stories\202604,4
file,17918331210323683.heic,.heic,media\stories\202604\17918331210323683.heic,media\stories\202604,4
file,17929658397241392.mp4,.mp4,media\stories\202604\17929658397241392.mp4,media\stories\202604,4
file,17933457048231756.mp4,.mp4,media\stories\202604\17933457048231756.mp4,media\stories\202604,4
file,17940643761178887.mp4,.mp4,media\stories\202604\17940643761178887.mp4,media\stories\202604,4
file,17941373763167625.mp4,.mp4,media\stories\202604\17941373763167625.mp4,media\stories\202604,4
file,17945840496077467.mp4,.mp4,media\stories\202604\17945840496077467.mp4,media\stories\202604,4
file,17947719770981849.heic,.heic,media\stories\202604\17947719770981849.heic,media\stories\202604,4
file,17959259178082207.heic,.heic,media\stories\202604\17959259178082207.heic,media\stories\202604,4
file,17963868462056899.mp4,.mp4,media\stories\202604\17963868462056899.mp4,media\stories\202604,4
file,17965072794047677.heic,.heic,media\stories\202604\17965072794047677.heic,media\stories\202604,4
file,17965753754901062.heic,.heic,media\stories\202604\17965753754901062.heic,media\stories\202604,4
file,17974866800855703.mp4,.mp4,media\stories\202604\17974866800855703.mp4,media\stories\202604,4
file,17980313115004692.mp4,.mp4,media\stories\202604\17980313115004692.mp4,media\stories\202604,4
file,18000935414880990.heic,.heic,media\stories\202604\18000935414880990.heic,media\stories\202604,4
file,18001100672876231.mp4,.mp4,media\stories\202604\18001100672876231.mp4,media\stories\202604,4
file,18001244543908904.mp4,.mp4,media\stories\202604\18001244543908904.mp4,media\stories\202604,4
file,18003122024732068.heic,.heic,media\stories\202604\18003122024732068.heic,media\stories\202604,4
file,18009870590852944.heic,.heic,media\stories\202604\18009870590852944.heic,media\stories\202604,4
file,18040408439772475.mp4,.mp4,media\stories\202604\18040408439772475.mp4,media\stories\202604,4
file,18043896236767768.heic,.heic,media\stories\202604\18043896236767768.heic,media\stories\202604,4
file,18068469983314660.mp4,.mp4,media\stories\202604\18068469983314660.mp4,media\stories\202604,4
file,18072563372326794.mp4,.mp4,media\stories\202604\18072563372326794.mp4,media\stories\202604,4
file,18072829118222363.mp4,.mp4,media\stories\202604\18072829118222363.mp4,media\stories\202604,4
file,18076275065176065.mp4,.mp4,media\stories\202604\18076275065176065.mp4,media\stories\202604,4
file,18077439794133975.mp4,.mp4,media\stories\202604\18077439794133975.mp4,media\stories\202604,4
file,18078687557422567.heic,.heic,media\stories\202604\18078687557422567.heic,media\stories\202604,4
file,18078917489409186.heic,.heic,media\stories\202604\18078917489409186.heic,media\stories\202604,4
file,18082424669062198.mp4,.mp4,media\stories\202604\18082424669062198.mp4,media\stories\202604,4
file,18082450766611815.mp4,.mp4,media\stories\202604\18082450766611815.mp4,media\stories\202604,4
file,18085274699021182.heic,.heic,media\stories\202604\18085274699021182.heic,media\stories\202604,4
file,18087587243589043.mp4,.mp4,media\stories\202604\18087587243589043.mp4,media\stories\202604,4
file,18090725125915984.mp4,.mp4,media\stories\202604\18090725125915984.mp4,media\stories\202604,4
file,18094990610277904.heic,.heic,media\stories\202604\18094990610277904.heic,media\stories\202604,4
file,18095355623084496.mp4,.mp4,media\stories\202604\18095355623084496.mp4,media\stories\202604,4
file,18096484211012044.heic,.heic,media\stories\202604\18096484211012044.heic,media\stories\202604,4
file,18098012279006950.heic,.heic,media\stories\202604\18098012279006950.heic,media\stories\202604,4
file,18098736946812706.mp4,.mp4,media\stories\202604\18098736946812706.mp4,media\stories\202604,4
file,18098745964990634.mp4,.mp4,media\stories\202604\18098745964990634.mp4,media\stories\202604,4
file,18099136457007477.mp4,.mp4,media\stories\202604\18099136457007477.mp4,media\stories\202604,4
file,18100592089781474.mp4,.mp4,media\stories\202604\18100592089781474.mp4,media\stories\202604,4
file,18101148667758417.mp4,.mp4,media\stories\202604\18101148667758417.mp4,media\stories\202604,4
file,18101187214767861.heic,.heic,media\stories\202604\18101187214767861.heic,media\stories\202604,4
file,18103945498933972.mp4,.mp4,media\stories\202604\18103945498933972.mp4,media\stories\202604,4
file,18112348438749627.mp4,.mp4,media\stories\202604\18112348438749627.mp4,media\stories\202604,4
file,18114282841671269.heic,.heic,media\stories\202604\18114282841671269.heic,media\stories\202604,4
file,18115846576660598.heic,.heic,media\stories\202604\18115846576660598.heic,media\stories\202604,4
file,18118000741636897.mp4,.mp4,media\stories\202604\18118000741636897.mp4,media\stories\202604,4
file,18120884044620569.heic,.heic,media\stories\202604\18120884044620569.heic,media\stories\202604,4
file,18123963514594195.heic,.heic,media\stories\202604\18123963514594195.heic,media\stories\202604,4
file,18124756480522730.mp4,.mp4,media\stories\202604\18124756480522730.mp4,media\stories\202604,4
file,18127868833496763.mp4,.mp4,media\stories\202604\18127868833496763.mp4,media\stories\202604,4
file,18166390711424490.heic,.heic,media\stories\202604\18166390711424490.heic,media\stories\202604,4
file,18209912287327326.heic,.heic,media\stories\202604\18209912287327326.heic,media\stories\202604,4
file,18344582338241540.heic,.heic,media\stories\202604\18344582338241540.heic,media\stories\202604,4
file,18430083328143806.mp4,.mp4,media\stories\202604\18430083328143806.mp4,media\stories\202604,4
file,18526560781073283.mp4,.mp4,media\stories\202604\18526560781073283.mp4,media\stories\202604,4
file,18571550146025765.mp4,.mp4,media\stories\202604\18571550146025765.mp4,media\stories\202604,4
directory,personal_information,,personal_information,.,1
directory,device_information,,personal_information\device_information,personal_information,2
file,camera_information.json,.json,personal_information\device_information\camera_information.json,personal_information\device_information,3
file,devices.json,.json,personal_information\device_information\devices.json,personal_information\device_information,3
file,two-factor_authentication.json,.json,personal_information\device_information\two-factor_authentication.json,personal_information\device_information,3
directory,information_about_you,,personal_information\information_about_you,personal_information,2
file,locations_of_interest.json,.json,personal_information\information_about_you\locations_of_interest.json,personal_information\information_about_you,3
file,possible_phone_numbers.json,.json,personal_information\information_about_you\possible_phone_numbers.json,personal_information\information_about_you,3
file,profile_based_in.json,.json,personal_information\information_about_you\profile_based_in.json,personal_information\information_about_you,3
directory,personal_information,,personal_information\personal_information,personal_information,2
file,advanced_protection.json,.json,personal_information\personal_information\advanced_protection.json,personal_information\personal_information,3
file,instagram_friend_map.json,.json,personal_information\personal_information\instagram_friend_map.json,personal_information\personal_information,3
file,instagram_profile_information.json,.json,personal_information\personal_information\instagram_profile_information.json,personal_information\personal_information,3
file,note_interactions.json,.json,personal_information\personal_information\note_interactions.json,personal_information\personal_information,3
file,personal_information.json,.json,personal_information\personal_information\personal_information.json,personal_information\personal_information,3
file,professional_information.json,.json,personal_information\personal_information\professional_information.json,personal_information\personal_information,3
file,profile_changes.json,.json,personal_information\personal_information\profile_changes.json,personal_information\personal_information,3
directory,preferences,,preferences,.,1
directory,settings,,preferences\settings,preferences,2
file,comments_allowed_from.json,.json,preferences\settings\comments_allowed_from.json,preferences\settings,3
file,notification_preferences.json,.json,preferences\settings\notification_preferences.json,preferences\settings,3
directory,your_topics,,preferences\your_topics,preferences,2
file,recommended_topics.json,.json,preferences\your_topics\recommended_topics.json,preferences\your_topics,3
directory,security_and_login_information,,security_and_login_information,.,1
directory,login_and_profile_creation,,security_and_login_information\login_and_profile_creation,security_and_login_information,2
file,last_known_location.json,.json,security_and_login_information\login_and_profile_creation\last_known_location.json,security_and_login_information\login_and_profile_creation,3
file,login_activity.json,.json,security_and_login_information\login_and_profile_creation\login_activity.json,security_and_login_information\login_and_profile_creation,3
file,logout_activity.json,.json,security_and_login_information\login_and_profile_creation\logout_activity.json,security_and_login_information\login_and_profile_creation,3
file,signup_details.json,.json,security_and_login_information\login_and_profile_creation\signup_details.json,security_and_login_information\login_and_profile_creation,3
directory,your_instagram_activity,,your_instagram_activity,.,1
directory,avatars_store,,your_instagram_activity\avatars_store,your_instagram_activity,2
file,avatar_items.json,.json,your_instagram_activity\avatars_store\avatar_items.json,your_instagram_activity\avatars_store,3
directory,comments,,your_instagram_activity\comments,your_instagram_activity,2
file,hype.json,.json,your_instagram_activity\comments\hype.json,your_instagram_activity\comments,3
file,post_comments_1.json,.json,your_instagram_activity\comments\post_comments_1.json,your_instagram_activity\comments,3
directory,edits,,your_instagram_activity\edits,your_instagram_activity,2
file,personal_information.json,.json,your_instagram_activity\edits\personal_information.json,your_instagram_activity\edits,3
directory,likes,,your_instagram_activity\likes,your_instagram_activity,2
file,liked_comments.json,.json,your_instagram_activity\likes\liked_comments.json,your_instagram_activity\likes,3
file,liked_posts.json,.json,your_instagram_activity\likes\liked_posts.json,your_instagram_activity\likes,3
directory,media,,your_instagram_activity\media,your_instagram_activity,2
file,archived_live_videos.json,.json,your_instagram_activity\media\archived_live_videos.json,your_instagram_activity\media,3
file,archived_posts.json,.json,your_instagram_activity\media\archived_posts.json,your_instagram_activity\media,3
file,other_content.json,.json,your_instagram_activity\media\other_content.json,your_instagram_activity\media,3
file,posts_1.json,.json,your_instagram_activity\media\posts_1.json,your_instagram_activity\media,3
file,profile_photos.json,.json,your_instagram_activity\media\profile_photos.json,your_instagram_activity\media,3
file,recently_deleted_content.json,.json,your_instagram_activity\media\recently_deleted_content.json,your_instagram_activity\media,3
file,reels.json,.json,your_instagram_activity\media\reels.json,your_instagram_activity\media,3
file,reposts.json,.json,your_instagram_activity\media\reposts.json,your_instagram_activity\media,3
file,stories.json,.json,your_instagram_activity\media\stories.json,your_instagram_activity\media,3
directory,messages,,your_instagram_activity\messages,your_instagram_activity,2
file,secret_conversations.json,.json,your_instagram_activity\messages\secret_conversations.json,your_instagram_activity\messages,3
directory,inbox,,your_instagram_activity\messages\inbox,your_instagram_activity\messages,3
directory,100migue_1710338197027543,,your_instagram_activity\messages\inbox\100migue_1710338197027543,your_instagram_activity\messages\inbox,4
file,message_1.json,.json,your_instagram_activity\messages\inbox\100migue_1710338197027543\message_1.json,your_instagram_activity\messages\inbox\100migue_1710338197027543,5
directory,2obatalhaogamacerqueirapmgo_1127088765358330,,your_instagram_activity\messages\inbox\2obatalhaogamacerqueirapmgo_1127088765358330,your_instagram_activity\messages\inbox,4
file,message_1.json,.json,your_instagram_activity\messages\inbox\2obatalhaogamacerqueirapmgo_1127088765358330\message_1.json,your_instagram_activity\messages\inbox\2obatalhaogamacerqueirapmgo_1127088765358330,5
directory,abilionatoneto_1812982936763404,,your_instagram_activity\messages\inbox\abilionatoneto_1812982936763404,your_instagram_activity\messages\inbox,4
file,message_1.json,.json,your_instagram_activity\messages\inbox\abilionatoneto_1812982936763404\message_1.json,your_instagram_activity\messages\inbox\abilionatoneto_1812982936763404,5
directory,acijassociacaocomercialeindustrialdejatai_570994740961900,,your_instagram_activity\messages\inbox\acijassociacaocomercialeindustrialdejatai_570994740961900,your_instagram_activity\messages\inbox,4
file,message_1.json,.json,your_instagram_activity\messages\inbox\acijassociacaocomercialeindustrialdejatai_570994740961900\message_1.json,your_instagram_activity\messages\inbox\acijassociacaocomercialeindustrialdejatai_570994740961900,5
directory,acimmontividiugoias_1701946266862645,,your_instagram_activity\messages\inbox\acimmontividiugoias_1701946266862645,your_instagram_activity\messages\inbox,4
file,message_1.json,.json,your_instagram_activity\messages\inbox\acimmontividiugoias_1701946266862645\message_1.json,your_instagram_activity\messages\inbox\acimmontividiugoias_1701946266862645,5
directory,acincdlniquelandia_1736902181042618,,your_instagram_activity\messages\inbox\acincdlniquelandia_1736902181042618,your_instagram_activity\messages\inbox,4
file,message_1.json,.json,your_instagram_activity\messages\inbox\acincdlniquelandia_1736902181042618\message_1.json,your_instagram_activity\messages\inbox\acincdlniquelandia_1736902181042618,5
directory,acirvetes_828731558521549,,your_instagram_activity\messages\inbox\acirvetes_828731558521549,your_instagram_activity\messages\inbox,4
file,message_1.json,.json,your_instagram_activity\messages\inbox\acirvetes_828731558521549\message_1.json,your_instagram_activity\messages\inbox\acirvetes_828731558521549,5
directory,acirvmulher_1326825698712130,,your_instagram_activity\messages\inbox\acirvmulher_1326825698712130,your_instagram_activity\messages\inbox,4
file,message_1.json,.json,your_instagram_activity\messages\inbox\acirvmulher_1326825698712130\message_1.json,your_instagram_activity\messages\inbox\acirvmulher_1326825698712130,5
directory,adegapasiniwinebar_1219171786251401,,your_instagram_activity\messages\inbox\adegapasiniwinebar_1219171786251401,your_instagram_activity\messages\inbox,4
file,message_1.json,.json,your_instagram_activity\messages\inbox\adegapasiniwinebar_1219171786251401\message_1.json,your_instagram_activity\messages\inbox\adegapasiniwinebar_1219171786251401,5
directory,adegasalgadosrdesde1993_1859416212119740,,your_instagram_activity\messages\inbox\adegasalgadosrdesde1993_1859416212119740,your_instagram_activity\messages\inbox,4
file,message_1.json,.json,your_instagram_activity\messages\inbox\adegasalgadosrdesde1993_1859416212119740\message_1.json,your_instagram_activity\messages\inbox\adegasalgadosrdesde1993_1859416212119740,5
directory,adejairjunior_1853772116017483,,your_instagram_activity\messages\inbox\adejairjunior_1853772116017483,your_instagram_activity\messages\inbox,4
file,message_1.json,.json,your_instagram_activity\messages\inbox\adejairjunior_1853772116017483\message_1.json,your_instagram_activity\messages\inbox\adejairjunior_1853772116017483,5
directory,adelineoliveira_1822051369189558,,your_instagram_activity\messages\inbox\adelineoliveira_1822051369189558,your_instagram_activity\messages\inbox,4
file,message_1.json,.json,your_instagram_activity\messages\inbox\adelineoliveira_1822051369189558\message_1.json,your_instagram_activity\messages\inbox\adelineoliveira_1822051369189558,5
directory,adelsongomes_546970460030995,,your_instagram_activity\messages\inbox\adelsongomes_546970460030995,your_instagram_activity\messages\inbox,4
file,message_1.json,.json,your_instagram_activity\messages\inbox\adelsongomes_546970460030995\message_1.json,your_instagram_activity\messages\inbox\adelsongomes_546970460030995,5
directory,adial_1240953917299309,,your_instagram_activity\messages\inbox\adial_1240953917299309,your_instagram_activity\messages\inbox,4
file,message_1.json,.json,your_instagram_activity\messages\inbox\adial_1240953917299309\message_1.json,your_instagram_activity\messages\inbox\adial_1240953917299309,5
directory,adirvrioverdego_1753648226029873,,your_instagram_activity\messages\inbox\adirvrioverdego_1753648226029873,your_instagram_activity\messages\inbox,4
file,message_1.json,.json,your_instagram_activity\messages\inbox\adirvrioverdego_1753648226029873\message_1.json,your_instagram_activity\messages\inbox\adirvrioverdego_1753648226029873,5
directory,adrianafernandescrp0688815_1332481178146582,,your_instagram_activity\messages\inbox\adrianafernandescrp0688815_1332481178146582,your_instagram_activity\messages\inbox,4
file,message_1.json,.json,your_instagram_activity\messages\inbox\adrianafernandescrp0688815_1332481178146582\message_1.json,your_instagram_activity\messages\inbox\adrianafernandescrp0688815_1332481178146582,5
directory,adrianafrancoisebarbosadias_1656871265707570,,your_instagram_activity\messages\inbox\adrianafrancoisebarbosadias_1656871265707570,your_instagram_activity\messages\inbox,4
file,message_1.json,.json,your_instagram_activity\messages\inbox\adrianafrancoisebarbosadias_1656871265707570\message_1.json,your_instagram_activity\messages\inbox\adrianafrancoisebarbosadias_1656871265707570,5
directory,adrianamelomimosdadri_1699962721398424,,your_instagram_activity\messages\inbox\adrianamelomimosdadri_1699962721398424,your_instagram_activity\messages\inbox,4
file,message_1.json,.json,your_instagram_activity\messages\inbox\adrianamelomimosdadri_1699962721398424\message_1.json,your_instagram_activity\messages\inbox\adrianamelomimosdadri_1699962721398424,5
directory,adrianocarvalhocosta_1966701161391244,,your_instagram_activity\messages\inbox\adrianocarvalhocosta_1966701161391244,your_instagram_activity\messages\inbox,4
file,message_1.json,.json,your_instagram_activity\messages\inbox\adrianocarvalhocosta_1966701161391244\message_1.json,your_instagram_activity\messages\inbox\adrianocarvalhocosta_1966701161391244,5
directory,adrianoferreira_1505753140819384,,your_instagram_activity\messages\inbox\adrianoferreira_1505753140819384,your_instagram_activity\messages\inbox,4
file,message_1.json,.json,your_instagram_activity\messages\inbox\adrianoferreira_1505753140819384\message_1.json,your_instagram_activity\messages\inbox\adrianoferreira_1505753140819384,5
directory,adriarocha_1305350134193020,,your_instagram_activity\messages\inbox\adriarocha_1305350134193020,your_instagram_activity\messages\inbox,4
file,message_1.json,.json,your_instagram_activity\messages\inbox\adriarocha_1305350134193020\message_1.json,your_instagram_activity\messages\inbox\adriarocha_1305350134193020,5
directory,adrielydias_1747782279949801,,your_instagram_activity\messages\inbox\adrielydias_1747782279949801,your_instagram_activity\messages\inbox,4
file,message_1.json,.json,your_instagram_activity\messages\inbox\adrielydias_1747782279949801\message_1.json,your_instagram_activity\messages\inbox\adrielydias_1747782279949801,5
directory,advogadatrabalhista_1708567107204652,,your_instagram_activity\messages\inbox\advogadatrabalhista_1708567107204652,your_instagram_activity\messages\inbox,4
file,message_1.json,.json,your_instagram_activity\messages\inbox\advogadatrabalhista_1708567107204652\message_1.json,your_instagram_activity\messages\inbox\advogadatrabalhista_1708567107204652,5
directory,agenciagoianadedefesaagropecuaria_1753638252697537,,your_instagram_activity\messages\inbox\agenciagoianadedefesaagropecuaria_1753638252697537,your_instagram_activity\messages\inbox,4
file,message_1.json,.json,your_instagram_activity\messages\inbox\agenciagoianadedefesaagropecuaria_1753638252697537\message_1.json,your_instagram_activity\messages\inbox\agenciagoianadedefesaagropecuaria_1753638252697537,5
directory,agenciagoianadeinfraestruturaetransportesgoinfra_1732027038191992,,your_instagram_activity\messages\inbox\agenciagoianadeinfraestruturaetransportesgoinfra_1732027038191992,your_instagram_activity\messages\inbox,4
file,message_1.json,.json,your_instagram_activity\messages\inbox\agenciagoianadeinfraestruturaetransportesgoinfra_1732027038191992\message_1.json,your_instagram_activity\messages\inbox\agenciagoianadeinfraestruturaetransportesgoinfra_1732027038191992,5
directory,agenciametricarioverdego_1927308351997192,,your_instagram_activity\messages\inbox\agenciametricarioverdego_1927308351997192,your_instagram_activity\messages\inbox,4
file,message_1.json,.json,your_instagram_activity\messages\inbox\agenciametricarioverdego_1927308351997192\message_1.json,your_instagram_activity\messages\inbox\agenciametricarioverdego_1927308351997192,5
directory,agrobayerbrasil_1617061996365434,,your_instagram_activity\messages\inbox\agrobayerbrasil_1617061996365434,your_instagram_activity\messages\inbox,4
file,message_1.json,.json,your_instagram_activity\messages\inbox\agrobayerbrasil_1617061996365434\message_1.json,your_instagram_activity\messages\inbox\agrobayerbrasil_1617061996365434,5
directory,agrodefesagoias_1753647352696627,,your_instagram_activity\messages\inbox\agrodefesagoias_1753647352696627,your_instagram_activity\messages\inbox,4
file,message_1.json,.json,your_instagram_activity\messages\inbox\agrodefesagoias_1753647352696627\message_1.json,your_instagram_activity\messages\inbox\agrodefesagoias_1753647352696627,5
directory,agroprosapodcast_1875191117208916,,your_instagram_activity\messages\inbox\agroprosapodcast_1875191117208916,your_instagram_activity\messages\inbox,4
file,message_1.json,.json,your_instagram_activity\messages\inbox\agroprosapodcast_1875191117208916\message_1.json,your_instagram_activity\messages\inbox\agroprosapodcast_1875191117208916,5
directory,agrotecsegurancadotrabalho_1687943875933642,,your_instagram_activity\messages\inbox\agrotecsegurancadotrabalho_1687943875933642,your_instagram_activity\messages\inbox,4
file,message_1.json,.json,your_instagram_activity\messages\inbox\agrotecsegurancadotrabalho_1687943875933642\message_1.json,your_instagram_activity\messages\inbox\agrotecsegurancadotrabalho_1687943875933642,5
directory,aguiaautomoveisseminovosrioverdego_1512194733556414,,your_instagram_activity\messages\inbox\aguiaautomoveisseminovosrioverdego_1512194733556414,your_instagram_activity\messages\inbox,4
file,message_1.json,.json,your_instagram_activity\messages\inbox\aguiaautomoveisseminovosrioverdego_1512194733556414\message_1.json,your_instagram_activity\messages\inbox\aguiaautomoveisseminovosrioverdego_1512194733556414,5
directory,ailtoncruzcomunicador_1745021790225850,,your_instagram_activity\messages\inbox\ailtoncruzcomunicador_1745021790225850,your_instagram_activity\messages\inbox,4
file,message_1.json,.json,your_instagram_activity\messages\inbox\ailtoncruzcomunicador_1745021790225850\message_1.json,your_instagram_activity\messages\inbox\ailtoncruzcomunicador_1745021790225850,5
directory,ailtonsilvasuaempresanatelamaisinfluentedegoias_1780639829997379,,your_instagram_activity\messages\inbox\ailtonsilvasuaempresanatelamaisinfluentedegoias_1780639829997379,your_instagram_activity\messages\inbox,4
file,message_1.json,.json,your_instagram_activity\messages\inbox\ailtonsilvasuaempresanatelamaisinfluentedegoias_1780639829997379\message_1.json,your_instagram_activity\messages\inbox\ailtonsilvasuaempresanatelamaisinfluentedegoias_1780639829997379,5
directory,ajerioverde_553220089406032,,your_instagram_activity\messages\inbox\ajerioverde_553220089406032,your_instagram_activity\messages\inbox,4
file,message_1.json,.json,your_instagram_activity\messages\inbox\ajerioverde_553220089406032\message_1.json,your_instagram_activity\messages\inbox\ajerioverde_553220089406032,5
directory,albertobarellanetto_984355672347477,,your_instagram_activity\messages\inbox\albertobarellanetto_984355672347477,your_instagram_activity\messages\inbox,4
file,message_1.json,.json,your_instagram_activity\messages\inbox\albertobarellanetto_984355672347477\message_1.json,your_instagram_activity\messages\inbox\albertobarellanetto_984355672347477,5
directory,alcypacheco_1750901106304585,,your_instagram_activity\messages\inbox\alcypacheco_1750901106304585,your_instagram_activity\messages\inbox,4
file,message_1.json,.json,your_instagram_activity\messages\inbox\alcypacheco_1750901106304585\message_1.json,your_instagram_activity\messages\inbox\alcypacheco_1750901106304585,5
directory,alecrimcomunicacaoeassessoria_1113455736727061,,your_instagram_activity\messages\inbox\alecrimcomunicacaoeassessoria_1113455736727061,your_instagram_activity\messages\inbox,4
file,message_1.json,.json,your_instagram_activity\messages\inbox\alecrimcomunicacaoeassessoria_1113455736727061\message_1.json,your_instagram_activity\messages\inbox\alecrimcomunicacaoeassessoria_1113455736727061,5
directory,alergfit_1083324533062249,,your_instagram_activity\messages\inbox\alergfit_1083324533062249,your_instagram_activity\messages\inbox,4
file,message_1.json,.json,your_instagram_activity\messages\inbox\alergfit_1083324533062249\message_1.json,your_instagram_activity\messages\inbox\alergfit_1083324533062249,5
directory,alergovacinasrioverde_1337408674320499,,your_instagram_activity\messages\inbox\alergovacinasrioverde_1337408674320499,your_instagram_activity\messages\inbox,4
file,message_1.json,.json,your_instagram_activity\messages\inbox\alergovacinasrioverde_1337408674320499\message_1.json,your_instagram_activity\messages\inbox\alergovacinasrioverde_1337408674320499,5
directory,alessandrogil_1226159962112038,,your_instagram_activity\messages\inbox\alessandrogil_1226159962112038,your_instagram_activity\messages\inbox,4
file,message_1.json,.json,your_instagram_activity\messages\inbox\alessandrogil_1226159962112038\message_1.json,your_instagram_activity\messages\inbox\alessandrogil_1226159962112038,5
directory,alexandregiffoni_1760885761972786,,your_instagram_activity\messages\inbox\alexandregiffoni_1760885761972786,your_instagram_activity\messages\inbox,4
file,message_1.json,.json,your_instagram_activity\messages\inbox\alexandregiffoni_1760885761972786\message_1.json,your_instagram_activity\messages\inbox\alexandregiffoni_1760885761972786,5
directory,alexgoncalves_1404129144323844,,your_instagram_activity\messages\inbox\alexgoncalves_1404129144323844,your_instagram_activity\messages\inbox,4
file,message_1.json,.json,your_instagram_activity\messages\inbox\alexgoncalves_1404129144323844\message_1.json,your_instagram_activity\messages\inbox\alexgoncalves_1404129144323844,5
directory,alinebrito_623030845357643,,your_instagram_activity\messages\inbox\alinebrito_623030845357643,your_instagram_activity\messages\inbox,4
file,message_1.json,.json,your_instagram_activity\messages\inbox\alinebrito_623030845357643\message_1.json,your_instagram_activity\messages\inbox\alinebrito_623030845357643,5
directory,alinemartinssilvasouza_1223743072353727,,your_instagram_activity\messages\inbox\alinemartinssilvasouza_1223743072353727,your_instagram_activity\messages\inbox,4
file,message_1.json,.json,your_instagram_activity\messages\inbox\alinemartinssilvasouza_1223743072353727\message_1.json,your_instagram_activity\messages\inbox\alinemartinssilvasouza_1223743072353727,5
directory,alinequirinoadvogadatrabalhistaempresarial_1084068046321231,,your_instagram_activity\messages\inbox\alinequirinoadvogadatrabalhistaempresarial_1084068046321231,your_instagram_activity\messages\inbox,4
file,message_1.json,.json,your_instagram_activity\messages\inbox\alinequirinoadvogadatrabalhistaempresarial_1084068046321231\message_1.json,your_instagram_activity\messages\inbox\alinequirinoadvogadatrabalhistaempresarial_1084068046321231,5
directory,photos,,your_instagram_activity\messages\inbox\alinequirinoadvogadatrabalhistaempresarial_1084068046321231\photos,your_instagram_activity\messages\inbox\alinequirinoadvogadatrabalhistaempresarial_1084068046321231,5
file,1378236777311644.jpg,.jpg,your_instagram_activity\messages\inbox\alinequirinoadvogadatrabalhistaempresarial_1084068046321231\photos\1378236777311644.jpg,your_instagram_activity\messages\inbox\alinequirinoadvogadatrabalhistaempresarial_1084068046321231\photos,6
directory,allinecabraldossantos_1477070433687655,,your_instagram_activity\messages\inbox\allinecabraldossantos_1477070433687655,your_instagram_activity\messages\inbox,4
file,message_1.json,.json,your_instagram_activity\messages\inbox\allinecabraldossantos_1477070433687655\message_1.json,your_instagram_activity\messages\inbox\allinecabraldossantos_1477070433687655,5
directory,alovisi_1735538887840807,,your_instagram_activity\messages\inbox\alovisi_1735538887840807,your_instagram_activity\messages\inbox,4
file,message_1.json,.json,your_instagram_activity\messages\inbox\alovisi_1735538887840807\message_1.json,your_instagram_activity\messages\inbox\alovisi_1735538887840807,5
directory,altaperformancesemexaustao_1914119019982792,,your_instagram_activity\messages\inbox\altaperformancesemexaustao_1914119019982792,your_instagram_activity\messages\inbox,4
file,message_1.json,.json,your_instagram_activity\messages\inbox\altaperformancesemexaustao_1914119019982792\message_1.json,your_instagram_activity\messages\inbox\altaperformancesemexaustao_1914119019982792,5
directory,alugueldegalpoesgoias64_1837061584355203,,your_instagram_activity\messages\inbox\alugueldegalpoesgoias64_1837061584355203,your_instagram_activity\messages\inbox,4
file,message_1.json,.json,your_instagram_activity\messages\inbox\alugueldegalpoesgoias64_1837061584355203\message_1.json,your_instagram_activity\messages\inbox\alugueldegalpoesgoias64_1837061584355203,5
directory,alvaroaugustosimoes_1822308885830473,,your_instagram_activity\messages\inbox\alvaroaugustosimoes_1822308885830473,your_instagram_activity\messages\inbox,4
file,message_1.json,.json,your_instagram_activity\messages\inbox\alvaroaugustosimoes_1822308885830473\message_1.json,your_instagram_activity\messages\inbox\alvaroaugustosimoes_1822308885830473,5
directory,amaralemeloadvogadosjuridiconoagro_1206754257385942,,your_instagram_activity\messages\inbox\amaralemeloadvogadosjuridiconoagro_1206754257385942,your_instagram_activity\messages\inbox,4
file,message_1.json,.json,your_instagram_activity\messages\inbox\amaralemeloadvogadosjuridiconoagro_1206754257385942\message_1.json,your_instagram_activity\messages\inbox\amaralemeloadvogadosjuridiconoagro_1206754257385942,5
directory,amatrv_954001049327932,,your_instagram_activity\messages\inbox\amatrv_954001049327932,your_instagram_activity\messages\inbox,4
file,message_1.json,.json,your_instagram_activity\messages\inbox\amatrv_954001049327932\message_1.json,your_instagram_activity\messages\inbox\amatrv_954001049327932,5
directory,ampereenergias_1660417718688688,,your_instagram_activity\messages\inbox\ampereenergias_1660417718688688,your_instagram_activity\messages\inbox,4
file,message_1.json,.json,your_instagram_activity\messages\inbox\ampereenergias_1660417718688688\message_1.json,your_instagram_activity\messages\inbox\ampereenergias_1660417718688688,5
directory,amtrioverde_1828989601829068,,your_instagram_activity\messages\inbox\amtrioverde_1828989601829068,your_instagram_activity\messages\inbox,4
file,message_1.json,.json,your_instagram_activity\messages\inbox\amtrioverde_1828989601829068\message_1.json,your_instagram_activity\messages\inbox\amtrioverde_1828989601829068,5
directory,anacarolinamartins_489778618774288,,your_instagram_activity\messages\inbox\anacarolinamartins_489778618774288,your_instagram_activity\messages\inbox,4
file,message_1.json,.json,your_instagram_activity\messages\inbox\anacarolinamartins_489778618774288\message_1.json,your_instagram_activity\messages\inbox\anacarolinamartins_489778618774288,5
directory,anaclaudiachaveslira_1788081949253167,,your_instagram_activity\messages\inbox\anaclaudiachaveslira_1788081949253167,your_instagram_activity\messages\inbox,4
file,message_1.json,.json,your_instagram_activity\messages\inbox\anaclaudiachaveslira_1788081949253167\message_1.json,your_instagram_activity\messages\inbox\anaclaudiachaveslira_1788081949253167,5
directory,anagabriellycarvalho_1798702288191133,,your_instagram_activity\messages\inbox\anagabriellycarvalho_1798702288191133,your_instagram_activity\messages\inbox,4
file,message_1.json,.json,your_instagram_activity\messages\inbox\anagabriellycarvalho_1798702288191133\message_1.json,your_instagram_activity\messages\inbox\anagabriellycarvalho_1798702288191133,5
directory,analuizadelimaguimaraes_1812385660156129,,your_instagram_activity\messages\inbox\analuizadelimaguimaraes_1812385660156129,your_instagram_activity\messages\inbox,4
file,message_1.json,.json,your_instagram_activity\messages\inbox\analuizadelimaguimaraes_1812385660156129\message_1.json,your_instagram_activity\messages\inbox\analuizadelimaguimaraes_1812385660156129,5
directory,anamariacintra_1689649222429774,,your_instagram_activity\messages\inbox\anamariacintra_1689649222429774,your_instagram_activity\messages\inbox,4
file,message_1.json,.json,your_instagram_activity\messages\inbox\anamariacintra_1689649222429774\message_1.json,your_instagram_activity\messages\inbox\anamariacintra_1689649222429774,5
directory,anapaulaazevedo_1706254714102558,,your_instagram_activity\messages\inbox\anapaulaazevedo_1706254714102558,your_instagram_activity\messages\inbox,4
file,message_1.json,.json,your_instagram_activity\messages\inbox\anapaulaazevedo_1706254714102558\message_1.json,your_instagram_activity\messages\inbox\anapaulaazevedo_1706254714102558,5
directory,anapaulabarbosaandrade_470766870984688,,your_instagram_activity\messages\inbox\anapaulabarbosaandrade_470766870984688,your_instagram_activity\messages\inbox,4
file,message_1.json,.json,your_instagram_activity\messages\inbox\anapaulabarbosaandrade_470766870984688\message_1.json,your_instagram_activity\messages\inbox\anapaulabarbosaandrade_470766870984688,5
directory,anapaulacintra_925180795543291,,your_instagram_activity\messages\inbox\anapaulacintra_925180795543291,your_instagram_activity\messages\inbox,4
file,message_1.json,.json,your_instagram_activity\messages\inbox\anapaulacintra_925180795543291\message_1.json,your_instagram_activity\messages\inbox\anapaulacintra_925180795543291,5
directory,anapaulagodinhoinvesttcorretoradeseguros_1113205506740818,,your_instagram_activity\messages\inbox\anapaulagodinhoinvesttcorretoradeseguros_1113205506740818,your_instagram_activity\messages\inbox,4
file,message_1.json,.json,your_instagram_activity\messages\inbox\anapaulagodinhoinvesttcorretoradeseguros_1113205506740818\message_1.json,your_instagram_activity\messages\inbox\anapaulagodinhoinvesttcorretoradeseguros_1113205506740818,5
directory,anarosabueno_554372142624160,,your_instagram_activity\messages\inbox\anarosabueno_554372142624160,your_instagram_activity\messages\inbox,4
file,message_1.json,.json,your_instagram_activity\messages\inbox\anarosabueno_554372142624160\message_1.json,your_instagram_activity\messages\inbox\anarosabueno_554372142624160,5
directory,anavarela_1830191398378077,,your_instagram_activity\messages\inbox\anavarela_1830191398378077,your_instagram_activity\messages\inbox,4
file,message_1.json,.json,your_instagram_activity\messages\inbox\anavarela_1830191398378077\message_1.json,your_instagram_activity\messages\inbox\anavarela_1830191398378077,5
directory,andersonlima_1745098390218190,,your_instagram_activity\messages\inbox\andersonlima_1745098390218190,your_instagram_activity\messages\inbox,4
file,message_1.json,.json,your_instagram_activity\messages\inbox\andersonlima_1745098390218190\message_1.json,your_instagram_activity\messages\inbox\andersonlima_1745098390218190,5
directory,audio,,your_instagram_activity\messages\inbox\andersonlima_1745098390218190\audio,your_instagram_activity\messages\inbox\andersonlima_1745098390218190,5
file,1973182823451810.mp4,.mp4,your_instagram_activity\messages\inbox\andersonlima_1745098390218190\audio\1973182823451810.mp4,your_instagram_activity\messages\inbox\andersonlima_1745098390218190\audio,6
directory,andreiasantoscuradoradeinvestimentosimobiliarios_808900967171275,,your_instagram_activity\messages\inbox\andreiasantoscuradoradeinvestimentosimobiliarios_808900967171275,your_instagram_activity\messages\inbox,4
file,message_1.json,.json,your_instagram_activity\messages\inbox\andreiasantoscuradoradeinvestimentosimobiliarios_808900967171275\message_1.json,your_instagram_activity\messages\inbox\andreiasantoscuradoradeinvestimentosimobiliarios_808900967171275,5
directory,andressamascarello_1969458747782152,,your_instagram_activity\messages\inbox\andressamascarello_1969458747782152,your_instagram_activity\messages\inbox,4
file,message_1.json,.json,your_instagram_activity\messages\inbox\andressamascarello_1969458747782152\message_1.json,your_instagram_activity\messages\inbox\andressamascarello_1969458747782152,5
directory,andressamelo_1178831983511503,,your_instagram_activity\messages\inbox\andressamelo_1178831983511503,your_instagram_activity\messages\inbox,4
file,message_1.json,.json,your_instagram_activity\messages\inbox\andressamelo_1178831983511503\message_1.json,your_instagram_activity\messages\inbox\andressamelo_1178831983511503,5
directory,andressaquinelliseguroseconsorcios_1618441532883877,,your_instagram_activity\messages\inbox\andressaquinelliseguroseconsorcios_1618441532883877,your_instagram_activity\messages\inbox,4
file,message_1.json,.json,your_instagram_activity\messages\inbox\andressaquinelliseguroseconsorcios_1618441532883877\message_1.json,your_instagram_activity\messages\inbox\andressaquinelliseguroseconsorcios_1618441532883877,5
directory,andrielefreire_1204785997582768,,your_instagram_activity\messages\inbox\andrielefreire_1204785997582768,your_instagram_activity\messages\inbox,4
file,message_1.json,.json,your_instagram_activity\messages\inbox\andrielefreire_1204785997582768\message_1.json,your_instagram_activity\messages\inbox\andrielefreire_1204785997582768,5
directory,anielemonteiro_1792140615513967,,your_instagram_activity\messages\inbox\anielemonteiro_1792140615513967,your_instagram_activity\messages\inbox,4
file,message_1.json,.json,your_instagram_activity\messages\inbox\anielemonteiro_1792140615513967\message_1.json,your_instagram_activity\messages\inbox\anielemonteiro_1792140615513967,5
directory,annacarolinafonsecabailoni_1813200193408009,,your_instagram_activity\messages\inbox\annacarolinafonsecabailoni_1813200193408009,your_instagram_activity\messages\inbox,4
file,message_1.json,.json,your_instagram_activity\messages\inbox\annacarolinafonsecabailoni_1813200193408009\message_1.json,your_instagram_activity\messages\inbox\annacarolinafonsecabailoni_1813200193408009,5
directory,annamarquez_1851090079619020,,your_instagram_activity\messages\inbox\annamarquez_1851090079619020,your_instagram_activity\messages\inbox,4
file,message_1.json,.json,your_instagram_activity\messages\inbox\annamarquez_1851090079619020\message_1.json,your_instagram_activity\messages\inbox\annamarquez_1851090079619020,5
directory,antoniodelascuevas_1647998866594810,,your_instagram_activity\messages\inbox\antoniodelascuevas_1647998866594810,your_instagram_activity\messages\inbox,4
file,message_1.json,.json,your_instagram_activity\messages\inbox\antoniodelascuevas_1647998866594810\message_1.json,your_instagram_activity\messages\inbox\antoniodelascuevas_1647998866594810,5
directory,aplausoaudiovisual_508412217220815,,your_instagram_activity\messages\inbox\aplausoaudiovisual_508412217220815,your_instagram_activity\messages\inbox,4
file,message_1.json,.json,your_instagram_activity\messages\inbox\aplausoaudiovisual_508412217220815\message_1.json,your_instagram_activity\messages\inbox\aplausoaudiovisual_508412217220815,5
directory,aporterural_1659481095446587,,your_instagram_activity\messages\inbox\aporterural_1659481095446587,your_instagram_activity\messages\inbox,4
file,message_1.json,.json,your_instagram_activity\messages\inbox\aporterural_1659481095446587\message_1.json,your_instagram_activity\messages\inbox\aporterural_1659481095446587,5
directory,arandumicroverdes_1808484473879581,,your_instagram_activity\messages\inbox\arandumicroverdes_1808484473879581,your_instagram_activity\messages\inbox,4
file,message_1.json,.json,your_instagram_activity\messages\inbox\arandumicroverdes_1808484473879581\message_1.json,your_instagram_activity\messages\inbox\arandumicroverdes_1808484473879581,5
directory,arthemisalins_1727028595358503,,your_instagram_activity\messages\inbox\arthemisalins_1727028595358503,your_instagram_activity\messages\inbox,4
file,message_1.json,.json,your_instagram_activity\messages\inbox\arthemisalins_1727028595358503\message_1.json,your_instagram_activity\messages\inbox\arthemisalins_1727028595358503,5
directory,arthurguilianeferreira_1205617667499601,,your_instagram_activity\messages\inbox\arthurguilianeferreira_1205617667499601,your_instagram_activity\messages\inbox,4
file,message_1.json,.json,your_instagram_activity\messages\inbox\arthurguilianeferreira_1205617667499601\message_1.json,your_instagram_activity\messages\inbox\arthurguilianeferreira_1205617667499601,5
directory,arturito_1220676405993727,,your_instagram_activity\messages\inbox\arturito_1220676405993727,your_instagram_activity\messages\inbox,4
file,message_1.json,.json,your_instagram_activity\messages\inbox\arturito_1220676405993727\message_1.json,your_instagram_activity\messages\inbox\arturito_1220676405993727,5
directory,arturpagnoncelli_1720264146034948,,your_instagram_activity\messages\inbox\arturpagnoncelli_1720264146034948,your_instagram_activity\messages\inbox,4
file,message_1.json,.json,your_instagram_activity\messages\inbox\arturpagnoncelli_1720264146034948\message_1.json,your_instagram_activity\messages\inbox\arturpagnoncelli_1720264146034948,5
directory,aryanasantiago_1706408390753857,,your_instagram_activity\messages\inbox\aryanasantiago_1706408390753857,your_instagram_activity\messages\inbox,4
file,message_1.json,.json,your_instagram_activity\messages\inbox\aryanasantiago_1706408390753857\message_1.json,your_instagram_activity\messages\inbox\aryanasantiago_1706408390753857,5
directory,aso_500948914633150,,your_instagram_activity\messages\inbox\aso_500948914633150,your_instagram_activity\messages\inbox,4
file,message_1.json,.json,your_instagram_activity\messages\inbox\aso_500948914633150\message_1.json,your_instagram_activity\messages\inbox\aso_500948914633150,5
directory,associacaogarvgo_1932830544778306,,your_instagram_activity\messages\inbox\associacaogarvgo_1932830544778306,your_instagram_activity\messages\inbox,4
file,message_1.json,.json,your_instagram_activity\messages\inbox\associacaogarvgo_1932830544778306\message_1.json,your_instagram_activity\messages\inbox\associacaogarvgo_1932830544778306,5
directory,associativismonetworkesgempreendedorismo_1486775319383833,,your_instagram_activity\messages\inbox\associativismonetworkesgempreendedorismo_1486775319383833,your_instagram_activity\messages\inbox,4
file,message_1.json,.json,your_instagram_activity\messages\inbox\associativismonetworkesgempreendedorismo_1486775319383833\message_1.json,your_instagram_activity\messages\inbox\associativismonetworkesgempreendedorismo_1486775319383833,5
directory,atacadaodotijoloceramicabomjardim_1777298000331562,,your_instagram_activity\messages\inbox\atacadaodotijoloceramicabomjardim_1777298000331562,your_instagram_activity\messages\inbox,4
file,message_1.json,.json,your_instagram_activity\messages\inbox\atacadaodotijoloceramicabomjardim_1777298000331562\message_1.json,your_instagram_activity\messages\inbox\atacadaodotijoloceramicabomjardim_1777298000331562,5
directory,aterapeuticafarmaciademanipulacao_1853821942679167,,your_instagram_activity\messages\inbox\aterapeuticafarmaciademanipulacao_1853821942679167,your_instagram_activity\messages\inbox,4
file,message_1.json,.json,your_instagram_activity\messages\inbox\aterapeuticafarmaciademanipulacao_1853821942679167\message_1.json,your_instagram_activity\messages\inbox\aterapeuticafarmaciademanipulacao_1853821942679167,5
directory,athusbarques_1834869607907734,,your_instagram_activity\messages\inbox\athusbarques_1834869607907734,your_instagram_activity\messages\inbox,4
file,message_1.json,.json,your_instagram_activity\messages\inbox\athusbarques_1834869607907734\message_1.json,your_instagram_activity\messages\inbox\athusbarques_1834869607907734,5
directory,aureacomunicacao_1768115214583174,,your_instagram_activity\messages\inbox\aureacomunicacao_1768115214583174,your_instagram_activity\messages\inbox,4
file,message_1.json,.json,your_instagram_activity\messages\inbox\aureacomunicacao_1768115214583174\message_1.json,your_instagram_activity\messages\inbox\aureacomunicacao_1768115214583174,5
directory,autopecaspiloto_497269688341284,,your_instagram_activity\messages\inbox\autopecaspiloto_497269688341284,your_instagram_activity\messages\inbox,4
file,message_1.json,.json,your_instagram_activity\messages\inbox\autopecaspiloto_497269688341284\message_1.json,your_instagram_activity\messages\inbox\autopecaspiloto_497269688341284,5
directory,avmadministradora_1630945264966837,,your_instagram_activity\messages\inbox\avmadministradora_1630945264966837,your_instagram_activity\messages\inbox,4
file,message_1.json,.json,your_instagram_activity\messages\inbox\avmadministradora_1630945264966837\message_1.json,your_instagram_activity\messages\inbox\avmadministradora_1630945264966837,5
directory,azullocacoes_1847768699951158,,your_instagram_activity\messages\inbox\azullocacoes_1847768699951158,your_instagram_activity\messages\inbox,4
file,message_1.json,.json,your_instagram_activity\messages\inbox\azullocacoes_1847768699951158\message_1.json,your_instagram_activity\messages\inbox\azullocacoes_1847768699951158,5
directory,basfsolucoesparaagricultura_1775526503842045,,your_instagram_activity\messages\inbox\basfsolucoesparaagricultura_1775526503842045,your_instagram_activity\messages\inbox,4
file,message_1.json,.json,your_instagram_activity\messages\inbox\basfsolucoesparaagricultura_1775526503842045\message_1.json,your_instagram_activity\messages\inbox\basfsolucoesparaagricultura_1775526503842045,5
directory,baterautobateriasrioverdesantahelena_1800962461298449,,your_instagram_activity\messages\inbox\baterautobateriasrioverdesantahelena_1800962461298449,your_instagram_activity\messages\inbox,4
file,message_1.json,.json,your_instagram_activity\messages\inbox\baterautobateriasrioverdesantahelena_1800962461298449\message_1.json,your_instagram_activity\messages\inbox\baterautobateriasrioverdesantahelena_1800962461298449,5
directory,bateriasluxfor_1788318199229542,,your_instagram_activity\messages\inbox\bateriasluxfor_1788318199229542,your_instagram_activity\messages\inbox,4
file,message_1.json,.json,your_instagram_activity\messages\inbox\bateriasluxfor_1788318199229542\message_1.json,your_instagram_activity\messages\inbox\bateriasluxfor_1788318199229542,5
directory,bdgja1eja2_1772031934198716,,your_instagram_activity\messages\inbox\bdgja1eja2_1772031934198716,your_instagram_activity\messages\inbox,4
file,message_1.json,.json,your_instagram_activity\messages\inbox\bdgja1eja2_1772031934198716\message_1.json,your_instagram_activity\messages\inbox\bdgja1eja2_1772031934198716,5
directory,beatrizrocha_1162641421797226,,your_instagram_activity\messages\inbox\beatrizrocha_1162641421797226,your_instagram_activity\messages\inbox,4
file,message_1.json,.json,your_instagram_activity\messages\inbox\beatrizrocha_1162641421797226\message_1.json,your_instagram_activity\messages\inbox\beatrizrocha_1162641421797226,5
directory,betosilva_1846411436753551,,your_instagram_activity\messages\inbox\betosilva_1846411436753551,your_instagram_activity\messages\inbox,4
file,message_1.json,.json,your_instagram_activity\messages\inbox\betosilva_1846411436753551\message_1.json,your_instagram_activity\messages\inbox\betosilva_1846411436753551,5
directory,biancaceribelli_543491833712191,,your_instagram_activity\messages\inbox\biancaceribelli_543491833712191,your_instagram_activity\messages\inbox,4
file,message_1.json,.json,your_instagram_activity\messages\inbox\biancaceribelli_543491833712191\message_1.json,your_instagram_activity\messages\inbox\biancaceribelli_543491833712191,5
directory,biancaferreiraadvogada_1912237070170987,,your_instagram_activity\messages\inbox\biancaferreiraadvogada_1912237070170987,your_instagram_activity\messages\inbox,4
file,message_1.json,.json,your_instagram_activity\messages\inbox\biancaferreiraadvogada_1912237070170987\message_1.json,your_instagram_activity\messages\inbox\biancaferreiraadvogada_1912237070170987,5
directory,biohigix_1186595696068465,,your_instagram_activity\messages\inbox\biohigix_1186595696068465,your_instagram_activity\messages\inbox,4
file,message_1.json,.json,your_instagram_activity\messages\inbox\biohigix_1186595696068465\message_1.json,your_instagram_activity\messages\inbox\biohigix_1186595696068465,5
directory,bombeirosgoias_1829303865130975,,your_instagram_activity\messages\inbox\bombeirosgoias_1829303865130975,your_instagram_activity\messages\inbox,4
file,message_1.json,.json,your_instagram_activity\messages\inbox\bombeirosgoias_1829303865130975\message_1.json,your_instagram_activity\messages\inbox\bombeirosgoias_1829303865130975,5
directory,bomhumorotimismo_1757408895653806,,your_instagram_activity\messages\inbox\bomhumorotimismo_1757408895653806,your_instagram_activity\messages\inbox,4
file,message_1.json,.json,your_instagram_activity\messages\inbox\bomhumorotimismo_1757408895653806\message_1.json,your_instagram_activity\messages\inbox\bomhumorotimismo_1757408895653806,5
directory,brunacarvalhonutricionistarioverde_1883836756344352,,your_instagram_activity\messages\inbox\brunacarvalhonutricionistarioverde_1883836756344352,your_instagram_activity\messages\inbox,4
file,message_1.json,.json,your_instagram_activity\messages\inbox\brunacarvalhonutricionistarioverde_1883836756344352\message_1.json,your_instagram_activity\messages\inbox\brunacarvalhonutricionistarioverde_1883836756344352,5
directory,brunalimadias_1625935612134469,,your_instagram_activity\messages\inbox\brunalimadias_1625935612134469,your_instagram_activity\messages\inbox,4
file,message_1.json,.json,your_instagram_activity\messages\inbox\brunalimadias_1625935612134469\message_1.json,your_instagram_activity\messages\inbox\brunalimadias_1625935612134469,5
directory,brunarieper_881658709896879,,your_instagram_activity\messages\inbox\brunarieper_881658709896879,your_instagram_activity\messages\inbox,4
file,message_1.json,.json,your_instagram_activity\messages\inbox\brunarieper_881658709896879\message_1.json,your_instagram_activity\messages\inbox\brunarieper_881658709896879,5
directory,brunoalves_1523167499077948,,your_instagram_activity\messages\inbox\brunoalves_1523167499077948,your_instagram_activity\messages\inbox,4
file,message_1.json,.json,your_instagram_activity\messages\inbox\brunoalves_1523167499077948\message_1.json,your_instagram_activity\messages\inbox\brunoalves_1523167499077948,5
directory,brunoarantes_1676940997042669,,your_instagram_activity\messages\inbox\brunoarantes_1676940997042669,your_instagram_activity\messages\inbox,4
file,message_1.json,.json,your_instagram_activity\messages\inbox\brunoarantes_1676940997042669\message_1.json,your_instagram_activity\messages\inbox\brunoarantes_1676940997042669,5
directory,brunoaraujo_1956473079080719,,your_instagram_activity\messages\inbox\brunoaraujo_1956473079080719,your_instagram_activity\messages\inbox,4
file,message_1.json,.json,your_instagram_activity\messages\inbox\brunoaraujo_1956473079080719\message_1.json,your_instagram_activity\messages\inbox\brunoaraujo_1956473079080719,5
directory,brunocastro_1857472988984818,,your_instagram_activity\messages\inbox\brunocastro_1857472988984818,your_instagram_activity\messages\inbox,4
file,message_1.json,.json,your_instagram_activity\messages\inbox\brunocastro_1857472988984818\message_1.json,your_instagram_activity\messages\inbox\brunocastro_1857472988984818,5
directory,brunogallo_1228060955255272,,your_instagram_activity\messages\inbox\brunogallo_1228060955255272,your_instagram_activity\messages\inbox,4
file,message_1.json,.json,your_instagram_activity\messages\inbox\brunogallo_1228060955255272\message_1.json,your_instagram_activity\messages\inbox\brunogallo_1228060955255272,5
directory,brunolesche_949405303120840,,your_instagram_activity\messages\inbox\brunolesche_949405303120840,your_instagram_activity\messages\inbox,4
file,message_1.json,.json,your_instagram_activity\messages\inbox\brunolesche_949405303120840\message_1.json,your_instagram_activity\messages\inbox\brunolesche_949405303120840,5
directory,brunosimaomichaleski_1384448479616518,,your_instagram_activity\messages\inbox\brunosimaomichaleski_1384448479616518,your_instagram_activity\messages\inbox,4
file,message_1.json,.json,your_instagram_activity\messages\inbox\brunosimaomichaleski_1384448479616518\message_1.json,your_instagram_activity\messages\inbox\brunosimaomichaleski_1384448479616518,5
directory,buritishoppingrioverde_561270265269386,,your_instagram_activity\messages\inbox\buritishoppingrioverde_561270265269386,your_instagram_activity\messages\inbox,4
file,message_1.json,.json,your_instagram_activity\messages\inbox\buritishoppingrioverde_561270265269386\message_1.json,your_instagram_activity\messages\inbox\buritishoppingrioverde_561270265269386,5
directory,bylucianarocha_1757532082308154,,your_instagram_activity\messages\inbox\bylucianarocha_1757532082308154,your_instagram_activity\messages\inbox,4
file,message_1.json,.json,your_instagram_activity\messages\inbox\bylucianarocha_1757532082308154\message_1.json,your_instagram_activity\messages\inbox\bylucianarocha_1757532082308154,5
directory,cabomoraespresidentedacammunderioverde_1761569175237778,,your_instagram_activity\messages\inbox\cabomoraespresidentedacammunderioverde_1761569175237778,your_instagram_activity\messages\inbox,4
file,message_1.json,.json,your_instagram_activity\messages\inbox\cabomoraespresidentedacammunderioverde_1761569175237778\message_1.json,your_instagram_activity\messages\inbox\cabomoraespresidentedacammunderioverde_1761569175237778,5
directory,cacbicoletivoempresarial_1421632255898140,,your_instagram_activity\messages\inbox\cacbicoletivoempresarial_1421632255898140,your_instagram_activity\messages\inbox,4
file,message_1.json,.json,your_instagram_activity\messages\inbox\cacbicoletivoempresarial_1421632255898140\message_1.json,your_instagram_activity\messages\inbox\cacbicoletivoempresarial_1421632255898140,5
directory,cacheadoscresposeondulados_1886756432719051,,your_instagram_activity\messages\inbox\cacheadoscresposeondulados_1886756432719051,your_instagram_activity\messages\inbox,4
file,message_1.json,.json,your_instagram_activity\messages\inbox\cacheadoscresposeondulados_1886756432719051\message_1.json,your_instagram_activity\messages\inbox\cacheadoscresposeondulados_1886756432719051,5
directory,caiocalhau_1217618472966187,,your_instagram_activity\messages\inbox\caiocalhau_1217618472966187,your_instagram_activity\messages\inbox,4
file,message_1.json,.json,your_instagram_activity\messages\inbox\caiocalhau_1217618472966187\message_1.json,your_instagram_activity\messages\inbox\caiocalhau_1217618472966187,5
directory,cairosantos_1773478057380223,,your_instagram_activity\messages\inbox\cairosantos_1773478057380223,your_instagram_activity\messages\inbox,4
file,message_1.json,.json,your_instagram_activity\messages\inbox\cairosantos_1773478057380223\message_1.json,your_instagram_activity\messages\inbox\cairosantos_1773478057380223,5
directory,camaramunicipalderioverde_573615580699816,,your_instagram_activity\messages\inbox\camaramunicipalderioverde_573615580699816,your_instagram_activity\messages\inbox,4
file,message_1.json,.json,your_instagram_activity\messages\inbox\camaramunicipalderioverde_573615580699816\message_1.json,your_instagram_activity\messages\inbox\camaramunicipalderioverde_573615580699816,5
directory,camcamaradearbitragememediacaoacirv_925011988893505,,your_instagram_activity\messages\inbox\camcamaradearbitragememediacaoacirv_925011988893505,your_instagram_activity\messages\inbox,4
file,message_1.json,.json,your_instagram_activity\messages\inbox\camcamaradearbitragememediacaoacirv_925011988893505\message_1.json,your_instagram_activity\messages\inbox\camcamaradearbitragememediacaoacirv_925011988893505,5
directory,camila_1025989258905998,,your_instagram_activity\messages\inbox\camila_1025989258905998,your_instagram_activity\messages\inbox,4
file,message_1.json,.json,your_instagram_activity\messages\inbox\camila_1025989258905998\message_1.json,your_instagram_activity\messages\inbox\camila_1025989258905998,5
directory,camilamachado_1720329092703203,,your_instagram_activity\messages\inbox\camilamachado_1720329092703203,your_instagram_activity\messages\inbox,4
file,message_1.json,.json,your_instagram_activity\messages\inbox\camilamachado_1720329092703203\message_1.json,your_instagram_activity\messages\inbox\camilamachado_1720329092703203,5
directory,camilasantoshomecoffee_1236014191130614,,your_instagram_activity\messages\inbox\camilasantoshomecoffee_1236014191130614,your_instagram_activity\messages\inbox,4
file,message_1.json,.json,your_instagram_activity\messages\inbox\camilasantoshomecoffee_1236014191130614\message_1.json,your_instagram_activity\messages\inbox\camilasantoshomecoffee_1236014191130614,5
directory,canaaatacadista_1907594353968592,,your_instagram_activity\messages\inbox\canaaatacadista_1907594353968592,your_instagram_activity\messages\inbox,4
file,message_1.json,.json,your_instagram_activity\messages\inbox\canaaatacadista_1907594353968592\message_1.json,your_instagram_activity\messages\inbox\canaaatacadista_1907594353968592,5
directory,canamoffroad_1816293376440695,,your_instagram_activity\messages\inbox\canamoffroad_1816293376440695,your_instagram_activity\messages\inbox,4
file,message_1.json,.json,your_instagram_activity\messages\inbox\canamoffroad_1816293376440695\message_1.json,your_instagram_activity\messages\inbox\canamoffroad_1816293376440695,5
directory,canindedesouza_1768819571179405,,your_instagram_activity\messages\inbox\canindedesouza_1768819571179405,your_instagram_activity\messages\inbox,4
file,message_1.json,.json,your_instagram_activity\messages\inbox\canindedesouza_1768819571179405\message_1.json,your_instagram_activity\messages\inbox\canindedesouza_1768819571179405,5
directory,cantinhovipcafesaothomaz_1771861767541852,,your_instagram_activity\messages\inbox\cantinhovipcafesaothomaz_1771861767541852,your_instagram_activity\messages\inbox,4
file,message_1.json,.json,your_instagram_activity\messages\inbox\cantinhovipcafesaothomaz_1771861767541852\message_1.json,your_instagram_activity\messages\inbox\cantinhovipcafesaothomaz_1771861767541852,5
directory,caramurubrandao_1767092581352104,,your_instagram_activity\messages\inbox\caramurubrandao_1767092581352104,your_instagram_activity\messages\inbox,4
file,message_1.json,.json,your_instagram_activity\messages\inbox\caramurubrandao_1767092581352104\message_1.json,your_instagram_activity\messages\inbox\caramurubrandao_1767092581352104,5
directory,carlagomes_383107946452688,,your_instagram_activity\messages\inbox\carlagomes_383107946452688,your_instagram_activity\messages\inbox,4
file,message_1.json,.json,your_instagram_activity\messages\inbox\carlagomes_383107946452688\message_1.json,your_instagram_activity\messages\inbox\carlagomes_383107946452688,5
directory,carlosadrianolgpdauditoria_1828768945184467,,your_instagram_activity\messages\inbox\carlosadrianolgpdauditoria_1828768945184467,your_instagram_activity\messages\inbox,4
file,message_1.json,.json,your_instagram_activity\messages\inbox\carlosadrianolgpdauditoria_1828768945184467\message_1.json,your_instagram_activity\messages\inbox\carlosadrianolgpdauditoria_1828768945184467,5
directory,carlosaugusto_1932830541444973,,your_instagram_activity\messages\inbox\carlosaugusto_1932830541444973,your_instagram_activity\messages\inbox,4
file,message_1.json,.json,your_instagram_activity\messages\inbox\carlosaugusto_1932830541444973\message_1.json,your_instagram_activity\messages\inbox\carlosaugusto_1932830541444973,5
directory,carlosaugustoregodemoraes_501025894625452,,your_instagram_activity\messages\inbox\carlosaugustoregodemoraes_501025894625452,your_instagram_activity\messages\inbox,4
file,message_1.json,.json,your_instagram_activity\messages\inbox\carlosaugustoregodemoraes_501025894625452\message_1.json,your_instagram_activity\messages\inbox\carlosaugustoregodemoraes_501025894625452,5
directory,carmemleao_559467915447916,,your_instagram_activity\messages\inbox\carmemleao_559467915447916,your_instagram_activity\messages\inbox,4
file,message_1.json,.json,your_instagram_activity\messages\inbox\carmemleao_559467915447916\message_1.json,your_instagram_activity\messages\inbox\carmemleao_559467915447916,5
directory,carolinaocassiscontadoraemrioverdego_1956148312446529,,your_instagram_activity\messages\inbox\carolinaocassiscontadoraemrioverdego_1956148312446529,your_instagram_activity\messages\inbox,4
file,message_1.json,.json,your_instagram_activity\messages\inbox\carolinaocassiscontadoraemrioverdego_1956148312446529\message_1.json,your_instagram_activity\messages\inbox\carolinaocassiscontadoraemrioverdego_1956148312446529,5
directory,carolinecostaleao_1857312532330108,,your_instagram_activity\messages\inbox\carolinecostaleao_1857312532330108,your_instagram_activity\messages\inbox,4
file,message_1.json,.json,your_instagram_activity\messages\inbox\carolinecostaleao_1857312532330108\message_1.json,your_instagram_activity\messages\inbox\carolinecostaleao_1857312532330108,5
directory,caroltabosa_1944312276963466,,your_instagram_activity\messages\inbox\caroltabosa_1944312276963466,your_instagram_activity\messages\inbox,4
file,message_1.json,.json,your_instagram_activity\messages\inbox\caroltabosa_1944312276963466\message_1.json,your_instagram_activity\messages\inbox\caroltabosa_1944312276963466,5
directory,cartorioxavier_1581133963289221,,your_instagram_activity\messages\inbox\cartorioxavier_1581133963289221,your_instagram_activity\messages\inbox,4
file,message_1.json,.json,your_instagram_activity\messages\inbox\cartorioxavier_1581133963289221\message_1.json,your_instagram_activity\messages\inbox\cartorioxavier_1581133963289221,5
directory,casadamusicaescolademusica_1218211602906874,,your_instagram_activity\messages\inbox\casadamusicaescolademusica_1218211602906874,your_instagram_activity\messages\inbox,4
file,message_1.json,.json,your_instagram_activity\messages\inbox\casadamusicaescolademusica_1218211602906874\message_1.json,your_instagram_activity\messages\inbox\casadamusicaescolademusica_1218211602906874,5
directory,casalizspaurbanomassagemesteticadepilacao_1945621816832512,,your_instagram_activity\messages\inbox\casalizspaurbanomassagemesteticadepilacao_1945621816832512,your_instagram_activity\messages\inbox,4
file,message_1.json,.json,your_instagram_activity\messages\inbox\casalizspaurbanomassagemesteticadepilacao_1945621816832512\message_1.json,your_instagram_activity\messages\inbox\casalizspaurbanomassagemesteticadepilacao_1945621816832512,5
directory,cassiobellintaniiplinsky_1745805496814578,,your_instagram_activity\messages\inbox\cassiobellintaniiplinsky_1745805496814578,your_instagram_activity\messages\inbox,4
file,message_1.json,.json,your_instagram_activity\messages\inbox\cassiobellintaniiplinsky_1745805496814578\message_1.json,your_instagram_activity\messages\inbox\cassiobellintaniiplinsky_1745805496814578,5
directory,cassiobezerraqueiroz_1768472254547470,,your_instagram_activity\messages\inbox\cassiobezerraqueiroz_1768472254547470,your_instagram_activity\messages\inbox,4
file,message_1.json,.json,your_instagram_activity\messages\inbox\cassiobezerraqueiroz_1768472254547470\message_1.json,your_instagram_activity\messages\inbox\cassiobezerraqueiroz_1768472254547470,5
directory,catintas_1779809593413736,,your_instagram_activity\messages\inbox\catintas_1779809593413736,your_instagram_activity\messages\inbox,4
file,message_1.json,.json,your_instagram_activity\messages\inbox\catintas_1779809593413736\message_1.json,your_instagram_activity\messages\inbox\catintas_1779809593413736,5
directory,ceccarlosecarreirooficial_1767205661340796,,your_instagram_activity\messages\inbox\ceccarlosecarreirooficial_1767205661340796,your_instagram_activity\messages\inbox,4
file,message_1.json,.json,your_instagram_activity\messages\inbox\ceccarlosecarreirooficial_1767205661340796\message_1.json,your_instagram_activity\messages\inbox\ceccarlosecarreirooficial_1767205661340796,5
directory,celetiellfrankcoelhocorreia_1717655509629145,,your_instagram_activity\messages\inbox\celetiellfrankcoelhocorreia_1717655509629145,your_instagram_activity\messages\inbox,4
file,message_1.json,.json,your_instagram_activity\messages\inbox\celetiellfrankcoelhocorreia_1717655509629145\message_1.json,your_instagram_activity\messages\inbox\celetiellfrankcoelhocorreia_1717655509629145,5
directory,celiamendes_824281062299932,,your_instagram_activity\messages\inbox\celiamendes_824281062299932,your_instagram_activity\messages\inbox,4
file,message_1.json,.json,your_instagram_activity\messages\inbox\celiamendes_824281062299932\message_1.json,your_instagram_activity\messages\inbox\celiamendes_824281062299932,5
directory,celiojunior_986062519460886,,your_instagram_activity\messages\inbox\celiojunior_986062519460886,your_instagram_activity\messages\inbox,4
file,message_1.json,.json,your_instagram_activity\messages\inbox\celiojunior_986062519460886\message_1.json,your_instagram_activity\messages\inbox\celiojunior_986062519460886,5
directory,celsoendrigoferrari_1435481357846563,,your_instagram_activity\messages\inbox\celsoendrigoferrari_1435481357846563,your_instagram_activity\messages\inbox,4
file,message_1.json,.json,your_instagram_activity\messages\inbox\celsoendrigoferrari_1435481357846563\message_1.json,your_instagram_activity\messages\inbox\celsoendrigoferrari_1435481357846563,5
directory,centralsementesbrasil_1760253582036004,,your_instagram_activity\messages\inbox\centralsementesbrasil_1760253582036004,your_instagram_activity\messages\inbox,4
file,message_1.json,.json,your_instagram_activity\messages\inbox\centralsementesbrasil_1760253582036004\message_1.json,your_instagram_activity\messages\inbox\centralsementesbrasil_1760253582036004,5
directory,centrodeexcelenciaemempreendedorismoinovadordegoias_1804840797577282,,your_instagram_activity\messages\inbox\centrodeexcelenciaemempreendedorismoinovadordegoias_1804840797577282,your_instagram_activity\messages\inbox,4
file,message_1.json,.json,your_instagram_activity\messages\inbox\centrodeexcelenciaemempreendedorismoinovadordegoias_1804840797577282\message_1.json,your_instagram_activity\messages\inbox\centrodeexcelenciaemempreendedorismoinovadordegoias_1804840797577282,5
directory,centromedicoaugustabastos_1099188448142524,,your_instagram_activity\messages\inbox\centromedicoaugustabastos_1099188448142524,your_instagram_activity\messages\inbox,4
file,message_1.json,.json,your_instagram_activity\messages\inbox\centromedicoaugustabastos_1099188448142524\message_1.json,your_instagram_activity\messages\inbox\centromedicoaugustabastos_1099188448142524,5
directory,cestascaixasvinhosqueijoservasgo_1686910112703685,,your_instagram_activity\messages\inbox\cestascaixasvinhosqueijoservasgo_1686910112703685,your_instagram_activity\messages\inbox,4
file,message_1.json,.json,your_instagram_activity\messages\inbox\cestascaixasvinhosqueijoservasgo_1686910112703685\message_1.json,your_instagram_activity\messages\inbox\cestascaixasvinhosqueijoservasgo_1686910112703685,5
directory,cezaraugusto_1780567853337910,,your_instagram_activity\messages\inbox\cezaraugusto_1780567853337910,your_instagram_activity\messages\inbox,4
file,message_1.json,.json,your_instagram_activity\messages\inbox\cezaraugusto_1780567853337910\message_1.json,your_instagram_activity\messages\inbox\cezaraugusto_1780567853337910,5
directory,chayenecynthia_1834885624572799,,your_instagram_activity\messages\inbox\chayenecynthia_1834885624572799,your_instagram_activity\messages\inbox,4
file,message_1.json,.json,your_instagram_activity\messages\inbox\chayenecynthia_1834885624572799\message_1.json,your_instagram_activity\messages\inbox\chayenecynthia_1834885624572799,5
directory,chicokgl_428651111928875,,your_instagram_activity\messages\inbox\chicokgl_428651111928875,your_instagram_activity\messages\inbox,4
file,message_1.json,.json,your_instagram_activity\messages\inbox\chicokgl_428651111928875\message_1.json,your_instagram_activity\messages\inbox\chicokgl_428651111928875,5
directory,christianegarciaduarte_1629932875079016,,your_instagram_activity\messages\inbox\christianegarciaduarte_1629932875079016,your_instagram_activity\messages\inbox,4
file,message_1.json,.json,your_instagram_activity\messages\inbox\christianegarciaduarte_1629932875079016\message_1.json,your_instagram_activity\messages\inbox\christianegarciaduarte_1629932875079016,5
directory,ciee_1932152638179430,,your_instagram_activity\messages\inbox\ciee_1932152638179430,your_instagram_activity\messages\inbox,4
file,message_1.json,.json,your_instagram_activity\messages\inbox\ciee_1932152638179430\message_1.json,your_instagram_activity\messages\inbox\ciee_1932152638179430,5
directory,cileiasandim_1671648060896557,,your_instagram_activity\messages\inbox\cileiasandim_1671648060896557,your_instagram_activity\messages\inbox,4
file,message_1.json,.json,your_instagram_activity\messages\inbox\cileiasandim_1671648060896557\message_1.json,your_instagram_activity\messages\inbox\cileiasandim_1671648060896557,5
directory,cinthialeao_1148387049889330,,your_instagram_activity\messages\inbox\cinthialeao_1148387049889330,your_instagram_activity\messages\inbox,4
file,message_1.json,.json,your_instagram_activity\messages\inbox\cinthialeao_1148387049889330\message_1.json,your_instagram_activity\messages\inbox\cinthialeao_1148387049889330,5
directory,cinthiamedeirossemijoias_1220623639332337,,your_instagram_activity\messages\inbox\cinthiamedeirossemijoias_1220623639332337,your_instagram_activity\messages\inbox,4
file,message_1.json,.json,your_instagram_activity\messages\inbox\cinthiamedeirossemijoias_1220623639332337\message_1.json,your_instagram_activity\messages\inbox\cinthiamedeirossemijoias_1220623639332337,5
directory,clailtonrezende_1648377943223569,,your_instagram_activity\messages\inbox\clailtonrezende_1648377943223569,your_instagram_activity\messages\inbox,4
file,message_1.json,.json,your_instagram_activity\messages\inbox\clailtonrezende_1648377943223569\message_1.json,your_instagram_activity\messages\inbox\clailtonrezende_1648377943223569,5
directory,claudiacitroni_547752159952825,,your_instagram_activity\messages\inbox\claudiacitroni_547752159952825,your_instagram_activity\messages\inbox,4
file,message_1.json,.json,your_instagram_activity\messages\inbox\claudiacitroni_547752159952825\message_1.json,your_instagram_activity\messages\inbox\claudiacitroni_547752159952825,5
directory,claudinarodrigues_1124634935597875,,your_instagram_activity\messages\inbox\claudinarodrigues_1124634935597875,your_instagram_activity\messages\inbox,4
file,message_1.json,.json,your_instagram_activity\messages\inbox\claudinarodrigues_1124634935597875\message_1.json,your_instagram_activity\messages\inbox\claudinarodrigues_1124634935597875,5
directory,cleliaresende_1835207377873957,,your_instagram_activity\messages\inbox\cleliaresende_1835207377873957,your_instagram_activity\messages\inbox,4
file,message_1.json,.json,your_instagram_activity\messages\inbox\cleliaresende_1835207377873957\message_1.json,your_instagram_activity\messages\inbox\cleliaresende_1835207377873957,5
directory,cleonicerosamendonca_1781079016620127,,your_instagram_activity\messages\inbox\cleonicerosamendonca_1781079016620127,your_instagram_activity\messages\inbox,4
file,message_1.json,.json,your_instagram_activity\messages\inbox\cleonicerosamendonca_1781079016620127\message_1.json,your_instagram_activity\messages\inbox\cleonicerosamendonca_1781079016620127,5
directory,cleudirfernandes_1767485617979467,,your_instagram_activity\messages\inbox\cleudirfernandes_1767485617979467,your_instagram_activity\messages\inbox,4
file,message_1.json,.json,your_instagram_activity\messages\inbox\cleudirfernandes_1767485617979467\message_1.json,your_instagram_activity\messages\inbox\cleudirfernandes_1767485617979467,5
directory,cleytonflima_1807239650670730,,your_instagram_activity\messages\inbox\cleytonflima_1807239650670730,your_instagram_activity\messages\inbox,4
file,message_1.json,.json,your_instagram_activity\messages\inbox\cleytonflima_1807239650670730\message_1.json,your_instagram_activity\messages\inbox\cleytonflima_1807239650670730,5
directory,photos,,your_instagram_activity\messages\inbox\cleytonflima_1807239650670730\photos,your_instagram_activity\messages\inbox\cleytonflima_1807239650670730,5
file,1521853772180155.jpg,.jpg,your_instagram_activity\messages\inbox\cleytonflima_1807239650670730\photos\1521853772180155.jpg,your_instagram_activity\messages\inbox\cleytonflima_1807239650670730\photos,6
directory,clinicaintensivafisioterapiaereabilitacao_1648613416533355,,your_instagram_activity\messages\inbox\clinicaintensivafisioterapiaereabilitacao_1648613416533355,your_instagram_activity\messages\inbox,4
file,message_1.json,.json,your_instagram_activity\messages\inbox\clinicaintensivafisioterapiaereabilitacao_1648613416533355\message_1.json,your_instagram_activity\messages\inbox\clinicaintensivafisioterapiaereabilitacao_1648613416533355,5
directory,cmveiculosrioverdegoias_1780970746630954,,your_instagram_activity\messages\inbox\cmveiculosrioverdegoias_1780970746630954,your_instagram_activity\messages\inbox,4
file,message_1.json,.json,your_instagram_activity\messages\inbox\cmveiculosrioverdegoias_1780970746630954\message_1.json,your_instagram_activity\messages\inbox\cmveiculosrioverdegoias_1780970746630954,5
directory,codejajatai_1649189943142369,,your_instagram_activity\messages\inbox\codejajatai_1649189943142369,your_instagram_activity\messages\inbox,4
file,message_1.json,.json,your_instagram_activity\messages\inbox\codejajatai_1649189943142369\message_1.json,your_instagram_activity\messages\inbox\codejajatai_1649189943142369,5
directory,codeparioverde_1742980577096638,,your_instagram_activity\messages\inbox\codeparioverde_1742980577096638,your_instagram_activity\messages\inbox,4
file,message_1.json,.json,your_instagram_activity\messages\inbox\codeparioverde_1742980577096638\message_1.json,your_instagram_activity\messages\inbox\codeparioverde_1742980577096638,5
directory,coderv_533841618020190,,your_instagram_activity\messages\inbox\coderv_533841618020190,your_instagram_activity\messages\inbox,4
file,message_1.json,.json,your_instagram_activity\messages\inbox\coderv_533841618020190\message_1.json,your_instagram_activity\messages\inbox\coderv_533841618020190,5
directory,comitivamundovalente_1914265296634831,,your_instagram_activity\messages\inbox\comitivamundovalente_1914265296634831,your_instagram_activity\messages\inbox,4
file,message_1.json,.json,your_instagram_activity\messages\inbox\comitivamundovalente_1914265296634831\message_1.json,your_instagram_activity\messages\inbox\comitivamundovalente_1914265296634831,5
directory,comprasdomeujeito_1775259257202103,,your_instagram_activity\messages\inbox\comprasdomeujeito_1775259257202103,your_instagram_activity\messages\inbox,4
file,message_1.json,.json,your_instagram_activity\messages\inbox\comprasdomeujeito_1775259257202103\message_1.json,your_instagram_activity\messages\inbox\comprasdomeujeito_1775259257202103,5
directory,conexaoagroband_1753710159357013,,your_instagram_activity\messages\inbox\conexaoagroband_1753710159357013,your_instagram_activity\messages\inbox,4
file,message_1.json,.json,your_instagram_activity\messages\inbox\conexaoagroband_1753710159357013\message_1.json,your_instagram_activity\messages\inbox\conexaoagroband_1753710159357013,5
directory,congressomedicoderioverde_1736494024415021,,your_instagram_activity\messages\inbox\congressomedicoderioverde_1736494024415021,your_instagram_activity\messages\inbox,4
file,message_1.json,.json,your_instagram_activity\messages\inbox\congressomedicoderioverde_1736494024415021\message_1.json,your_instagram_activity\messages\inbox\congressomedicoderioverde_1736494024415021,5
directory,constrular_500122174717936,,your_instagram_activity\messages\inbox\constrular_500122174717936,your_instagram_activity\messages\inbox,4
file,message_1.json,.json,your_instagram_activity\messages\inbox\constrular_500122174717936\message_1.json,your_instagram_activity\messages\inbox\constrular_500122174717936,5
directory,consultoriaambientalconsultoriaderh_1102763457785023,,your_instagram_activity\messages\inbox\consultoriaambientalconsultoriaderh_1102763457785023,your_instagram_activity\messages\inbox,4
file,message_1.json,.json,your_instagram_activity\messages\inbox\consultoriaambientalconsultoriaderh_1102763457785023\message_1.json,your_instagram_activity\messages\inbox\consultoriaambientalconsultoriaderh_1102763457785023,5
directory,contatudocontabilidade_1853822569345771,,your_instagram_activity\messages\inbox\contatudocontabilidade_1853822569345771,your_instagram_activity\messages\inbox,4
file,message_1.json,.json,your_instagram_activity\messages\inbox\contatudocontabilidade_1853822569345771\message_1.json,your_instagram_activity\messages\inbox\contatudocontabilidade_1853822569345771,5
directory,cooperativacomigo_566982878029753,,your_instagram_activity\messages\inbox\cooperativacomigo_566982878029753,your_instagram_activity\messages\inbox,4
file,message_1.json,.json,your_instagram_activity\messages\inbox\cooperativacomigo_566982878029753\message_1.json,your_instagram_activity\messages\inbox\cooperativacomigo_566982878029753,5
directory,cooprecicla_461482942404289,,your_instagram_activity\messages\inbox\cooprecicla_461482942404289,your_instagram_activity\messages\inbox,4
file,message_1.json,.json,your_instagram_activity\messages\inbox\cooprecicla_461482942404289\message_1.json,your_instagram_activity\messages\inbox\cooprecicla_461482942404289,5
directory,coristasdocoralmunicipal_1860645315330163,,your_instagram_activity\messages\inbox\coristasdocoralmunicipal_1860645315330163,your_instagram_activity\messages\inbox,4
file,message_1.json,.json,your_instagram_activity\messages\inbox\coristasdocoralmunicipal_1860645315330163\message_1.json,your_instagram_activity\messages\inbox\coristasdocoralmunicipal_1860645315330163,5
directory,correspondentecaixa_1847731813288180,,your_instagram_activity\messages\inbox\correspondentecaixa_1847731813288180,your_instagram_activity\messages\inbox,4
file,message_1.json,.json,your_instagram_activity\messages\inbox\correspondentecaixa_1847731813288180\message_1.json,your_instagram_activity\messages\inbox\correspondentecaixa_1847731813288180,5
directory,costafilho_1475477420513623,,your_instagram_activity\messages\inbox\costafilho_1475477420513623,your_instagram_activity\messages\inbox,4
file,message_1.json,.json,your_instagram_activity\messages\inbox\costafilho_1475477420513623\message_1.json,your_instagram_activity\messages\inbox\costafilho_1475477420513623,5
directory,criartpersonalizados_1700084881386208,,your_instagram_activity\messages\inbox\criartpersonalizados_1700084881386208,your_instagram_activity\messages\inbox,4
file,message_1.json,.json,your_instagram_activity\messages\inbox\criartpersonalizados_1700084881386208\message_1.json,your_instagram_activity\messages\inbox\criartpersonalizados_1700084881386208,5
directory,cris_1942746853786675,,your_instagram_activity\messages\inbox\cris_1942746853786675,your_instagram_activity\messages\inbox,4
file,message_1.json,.json,your_instagram_activity\messages\inbox\cris_1942746853786675\message_1.json,your_instagram_activity\messages\inbox\cris_1942746853786675,5
directory,crislaineneves_1083182463076456,,your_instagram_activity\messages\inbox\crislaineneves_1083182463076456,your_instagram_activity\messages\inbox,4
file,message_1.json,.json,your_instagram_activity\messages\inbox\crislaineneves_1083182463076456\message_1.json,your_instagram_activity\messages\inbox\crislaineneves_1083182463076456,5
directory,cristianecongelados_1056278772433492,,your_instagram_activity\messages\inbox\cristianecongelados_1056278772433492,your_instagram_activity\messages\inbox,4
file,message_1.json,.json,your_instagram_activity\messages\inbox\cristianecongelados_1056278772433492\message_1.json,your_instagram_activity\messages\inbox\cristianecongelados_1056278772433492,5
directory,cristianeguerra_1756451909082838,,your_instagram_activity\messages\inbox\cristianeguerra_1756451909082838,your_instagram_activity\messages\inbox,4
file,message_1.json,.json,your_instagram_activity\messages\inbox\cristianeguerra_1756451909082838\message_1.json,your_instagram_activity\messages\inbox\cristianeguerra_1756451909082838,5
directory,cristiangomes_510142310380477,,your_instagram_activity\messages\inbox\cristiangomes_510142310380477,your_instagram_activity\messages\inbox,4
file,message_1.json,.json,your_instagram_activity\messages\inbox\cristiangomes_510142310380477\message_1.json,your_instagram_activity\messages\inbox\cristiangomes_510142310380477,5
directory,croesusengenhariaarquitetura_1787422369319125,,your_instagram_activity\messages\inbox\croesusengenhariaarquitetura_1787422369319125,your_instagram_activity\messages\inbox,4
file,message_1.json,.json,your_instagram_activity\messages\inbox\croesusengenhariaarquitetura_1787422369319125\message_1.json,your_instagram_activity\messages\inbox\croesusengenhariaarquitetura_1787422369319125,5
directory,ctaxcontabilidade_1799684208092941,,your_instagram_activity\messages\inbox\ctaxcontabilidade_1799684208092941,your_instagram_activity\messages\inbox,4
file,message_1.json,.json,your_instagram_activity\messages\inbox\ctaxcontabilidade_1799684208092941\message_1.json,your_instagram_activity\messages\inbox\ctaxcontabilidade_1799684208092941,5
directory,cynthiaprado_1762471928480836,,your_instagram_activity\messages\inbox\cynthiaprado_1762471928480836,your_instagram_activity\messages\inbox,4
file,message_1.json,.json,your_instagram_activity\messages\inbox\cynthiaprado_1762471928480836\message_1.json,your_instagram_activity\messages\inbox\cynthiaprado_1762471928480836,5
directory,danielaguimaraes_1945934340134593,,your_instagram_activity\messages\inbox\danielaguimaraes_1945934340134593,your_instagram_activity\messages\inbox,4
file,message_1.json,.json,your_instagram_activity\messages\inbox\danielaguimaraes_1945934340134593\message_1.json,your_instagram_activity\messages\inbox\danielaguimaraes_1945934340134593,5
directory,danielbueno_1835186447876050,,your_instagram_activity\messages\inbox\danielbueno_1835186447876050,your_instagram_activity\messages\inbox,4
file,message_1.json,.json,your_instagram_activity\messages\inbox\danielbueno_1835186447876050\message_1.json,your_instagram_activity\messages\inbox\danielbueno_1835186447876050,5
directory,danielcaldeira_1852818652779496,,your_instagram_activity\messages\inbox\danielcaldeira_1852818652779496,your_instagram_activity\messages\inbox,4
file,message_1.json,.json,your_instagram_activity\messages\inbox\danielcaldeira_1852818652779496\message_1.json,your_instagram_activity\messages\inbox\danielcaldeira_1852818652779496,5
directory,danielguimaraesreformatributaria_1475880773806621,,your_instagram_activity\messages\inbox\danielguimaraesreformatributaria_1475880773806621,your_instagram_activity\messages\inbox,4
file,message_1.json,.json,your_instagram_activity\messages\inbox\danielguimaraesreformatributaria_1475880773806621\message_1.json,your_instagram_activity\messages\inbox\danielguimaraesreformatributaria_1475880773806621,5
directory,daniellegomesdeoliveira_1784670149594347,,your_instagram_activity\messages\inbox\daniellegomesdeoliveira_1784670149594347,your_instagram_activity\messages\inbox,4
file,message_1.json,.json,your_instagram_activity\messages\inbox\daniellegomesdeoliveira_1784670149594347\message_1.json,your_instagram_activity\messages\inbox\daniellegomesdeoliveira_1784670149594347,5
directory,daniellycardosopersonaltrainer_1881846979876663,,your_instagram_activity\messages\inbox\daniellycardosopersonaltrainer_1881846979876663,your_instagram_activity\messages\inbox,4
file,message_1.json,.json,your_instagram_activity\messages\inbox\daniellycardosopersonaltrainer_1881846979876663\message_1.json,your_instagram_activity\messages\inbox\daniellycardosopersonaltrainer_1881846979876663,5
directory,danielotavio_1459671845684800,,your_instagram_activity\messages\inbox\danielotavio_1459671845684800,your_instagram_activity\messages\inbox,4
file,message_1.json,.json,your_instagram_activity\messages\inbox\danielotavio_1459671845684800\message_1.json,your_instagram_activity\messages\inbox\danielotavio_1459671845684800,5
directory,danilloborgesveiculosseminovos_1793829108678451,,your_instagram_activity\messages\inbox\danilloborgesveiculosseminovos_1793829108678451,your_instagram_activity\messages\inbox,4
file,message_1.json,.json,your_instagram_activity\messages\inbox\danilloborgesveiculosseminovos_1793829108678451\message_1.json,your_instagram_activity\messages\inbox\danilloborgesveiculosseminovos_1793829108678451,5
directory,danillohenriqueguimaraes_551645692896805,,your_instagram_activity\messages\inbox\danillohenriqueguimaraes_551645692896805,your_instagram_activity\messages\inbox,4
file,message_1.json,.json,your_instagram_activity\messages\inbox\danillohenriqueguimaraes_551645692896805\message_1.json,your_instagram_activity\messages\inbox\danillohenriqueguimaraes_551645692896805,5
directory,danillooliveira_1827500178644677,,your_instagram_activity\messages\inbox\danillooliveira_1827500178644677,your_instagram_activity\messages\inbox,4
file,message_1.json,.json,your_instagram_activity\messages\inbox\danillooliveira_1827500178644677\message_1.json,your_instagram_activity\messages\inbox\danillooliveira_1827500178644677,5
directory,danilodamasiopersonaltrainer_1434620711265961,,your_instagram_activity\messages\inbox\danilodamasiopersonaltrainer_1434620711265961,your_instagram_activity\messages\inbox,4
file,message_1.json,.json,your_instagram_activity\messages\inbox\danilodamasiopersonaltrainer_1434620711265961\message_1.json,your_instagram_activity\messages\inbox\danilodamasiopersonaltrainer_1434620711265961,5
directory,danilofabiano_952483239479713,,your_instagram_activity\messages\inbox\danilofabiano_952483239479713,your_instagram_activity\messages\inbox,4
file,message_1.json,.json,your_instagram_activity\messages\inbox\danilofabiano_952483239479713\message_1.json,your_instagram_activity\messages\inbox\danilofabiano_952483239479713,5
directory,dardanecabralfotografa_1853700472691314,,your_instagram_activity\messages\inbox\dardanecabralfotografa_1853700472691314,your_instagram_activity\messages\inbox,4
file,message_1.json,.json,your_instagram_activity\messages\inbox\dardanecabralfotografa_1853700472691314\message_1.json,your_instagram_activity\messages\inbox\dardanecabralfotografa_1853700472691314,5
directory,darisdias_1754924419235587,,your_instagram_activity\messages\inbox\darisdias_1754924419235587,your_instagram_activity\messages\inbox,4
file,message_1.json,.json,your_instagram_activity\messages\inbox\darisdias_1754924419235587\message_1.json,your_instagram_activity\messages\inbox\darisdias_1754924419235587,5
directory,datte_1801717977889564,,your_instagram_activity\messages\inbox\datte_1801717977889564,your_instagram_activity\messages\inbox,4
file,message_1.json,.json,your_instagram_activity\messages\inbox\datte_1801717977889564\message_1.json,your_instagram_activity\messages\inbox\datte_1801717977889564,5
directory,dayanealmeida_1766744188053610,,your_instagram_activity\messages\inbox\dayanealmeida_1766744188053610,your_instagram_activity\messages\inbox,4
file,message_1.json,.json,your_instagram_activity\messages\inbox\dayanealmeida_1766744188053610\message_1.json,your_instagram_activity\messages\inbox\dayanealmeida_1766744188053610,5
directory,dayanecostaoficial_942521970475840,,your_instagram_activity\messages\inbox\dayanecostaoficial_942521970475840,your_instagram_activity\messages\inbox,4
file,message_1.json,.json,your_instagram_activity\messages\inbox\dayanecostaoficial_942521970475840\message_1.json,your_instagram_activity\messages\inbox\dayanecostaoficial_942521970475840,5
directory,dayreimotors_1689591489102214,,your_instagram_activity\messages\inbox\dayreimotors_1689591489102214,your_instagram_activity\messages\inbox,4
file,message_1.json,.json,your_instagram_activity\messages\inbox\dayreimotors_1689591489102214\message_1.json,your_instagram_activity\messages\inbox\dayreimotors_1689591489102214,5
directory,deborapedrosodasilvaperes_1732571741470855,,your_instagram_activity\messages\inbox\deborapedrosodasilvaperes_1732571741470855,your_instagram_activity\messages\inbox,4
file,message_1.json,.json,your_instagram_activity\messages\inbox\deborapedrosodasilvaperes_1732571741470855\message_1.json,your_instagram_activity\messages\inbox\deborapedrosodasilvaperes_1732571741470855,5
directory,deibyamoraes_1899303194797708,,your_instagram_activity\messages\inbox\deibyamoraes_1899303194797708,your_instagram_activity\messages\inbox,4
file,message_1.json,.json,your_instagram_activity\messages\inbox\deibyamoraes_1899303194797708\message_1.json,your_instagram_activity\messages\inbox\deibyamoraes_1899303194797708,5
directory,dejanemaramaffissoni_529845838410124,,your_instagram_activity\messages\inbox\dejanemaramaffissoni_529845838410124,your_instagram_activity\messages\inbox,4
file,message_1.json,.json,your_instagram_activity\messages\inbox\dejanemaramaffissoni_529845838410124\message_1.json,your_instagram_activity\messages\inbox\dejanemaramaffissoni_529845838410124,5
directory,delegadoeduardoprado_1859760692085292,,your_instagram_activity\messages\inbox\delegadoeduardoprado_1859760692085292,your_instagram_activity\messages\inbox,4
file,message_1.json,.json,your_instagram_activity\messages\inbox\delegadoeduardoprado_1859760692085292\message_1.json,your_instagram_activity\messages\inbox\delegadoeduardoprado_1859760692085292,5
directory,denimarcioborges_573380460723328,,your_instagram_activity\messages\inbox\denimarcioborges_573380460723328,your_instagram_activity\messages\inbox,4
file,message_1.json,.json,your_instagram_activity\messages\inbox\denimarcioborges_573380460723328\message_1.json,your_instagram_activity\messages\inbox\denimarcioborges_573380460723328,5
directory,denisemalta_1767258201335542,,your_instagram_activity\messages\inbox\denisemalta_1767258201335542,your_instagram_activity\messages\inbox,4
file,message_1.json,.json,your_instagram_activity\messages\inbox\denisemalta_1767258201335542\message_1.json,your_instagram_activity\messages\inbox\denisemalta_1767258201335542,5
directory,denisepaloschigestaodenegocios_1747785603282802,,your_instagram_activity\messages\inbox\denisepaloschigestaodenegocios_1747785603282802,your_instagram_activity\messages\inbox,4
file,message_1.json,.json,your_instagram_activity\messages\inbox\denisepaloschigestaodenegocios_1747785603282802\message_1.json,your_instagram_activity\messages\inbox\denisepaloschigestaodenegocios_1747785603282802,5
directory,dennerclementeadvogado_1766762451385117,,your_instagram_activity\messages\inbox\dennerclementeadvogado_1766762451385117,your_instagram_activity\messages\inbox,4
file,message_1.json,.json,your_instagram_activity\messages\inbox\dennerclementeadvogado_1766762451385117\message_1.json,your_instagram_activity\messages\inbox\dennerclementeadvogado_1766762451385117,5
directory,deputadoestadualjosemachado_1725471792180850,,your_instagram_activity\messages\inbox\deputadoestadualjosemachado_1725471792180850,your_instagram_activity\messages\inbox,4
file,message_1.json,.json,your_instagram_activity\messages\inbox\deputadoestadualjosemachado_1725471792180850\message_1.json,your_instagram_activity\messages\inbox\deputadoestadualjosemachado_1725471792180850,5
directory,dequalitarioverde_1750332849694744,,your_instagram_activity\messages\inbox\dequalitarioverde_1750332849694744,your_instagram_activity\messages\inbox,4
file,message_1.json,.json,your_instagram_activity\messages\inbox\dequalitarioverde_1750332849694744\message_1.json,your_instagram_activity\messages\inbox\dequalitarioverde_1750332849694744,5
directory,devanigirottomentorademulheresrendaextravendas_1700024474725582,,your_instagram_activity\messages\inbox\devanigirottomentorademulheresrendaextravendas_1700024474725582,your_instagram_activity\messages\inbox,4
file,message_1.json,.json,your_instagram_activity\messages\inbox\devanigirottomentorademulheresrendaextravendas_1700024474725582\message_1.json,your_instagram_activity\messages\inbox\devanigirottomentorademulheresrendaextravendas_1700024474725582,5
directory,dgimplantesdentistaemrioverdegoias_618033226261755,,your_instagram_activity\messages\inbox\dgimplantesdentistaemrioverdegoias_618033226261755,your_instagram_activity\messages\inbox,4
file,message_1.json,.json,your_instagram_activity\messages\inbox\dgimplantesdentistaemrioverdegoias_618033226261755\message_1.json,your_instagram_activity\messages\inbox\dgimplantesdentistaemrioverdegoias_618033226261755,5
directory,didierpersonalchefrioverdego_1718868092847998,,your_instagram_activity\messages\inbox\didierpersonalchefrioverdego_1718868092847998,your_instagram_activity\messages\inbox,4
file,message_1.json,.json,your_instagram_activity\messages\inbox\didierpersonalchefrioverdego_1718868092847998\message_1.json,your_instagram_activity\messages\inbox\didierpersonalchefrioverdego_1718868092847998,5
directory,diegomodoloribeiro_357195815834492,,your_instagram_activity\messages\inbox\diegomodoloribeiro_357195815834492,your_instagram_activity\messages\inbox,4
file,message_1.json,.json,your_instagram_activity\messages\inbox\diegomodoloribeiro_357195815834492\message_1.json,your_instagram_activity\messages\inbox\diegomodoloribeiro_357195815834492,5
directory,dillferreira_1760885765306119,,your_instagram_activity\messages\inbox\dillferreira_1760885765306119,your_instagram_activity\messages\inbox,4
file,message_1.json,.json,your_instagram_activity\messages\inbox\dillferreira_1760885765306119\message_1.json,your_instagram_activity\messages\inbox\dillferreira_1760885765306119,5
directory,dineisilvavideomaker_1668828664520242,,your_instagram_activity\messages\inbox\dineisilvavideomaker_1668828664520242,your_instagram_activity\messages\inbox,4
file,message_1.json,.json,your_instagram_activity\messages\inbox\dineisilvavideomaker_1668828664520242\message_1.json,your_instagram_activity\messages\inbox\dineisilvavideomaker_1668828664520242,5
directory,dioneserafim_1768057454588950,,your_instagram_activity\messages\inbox\dioneserafim_1768057454588950,your_instagram_activity\messages\inbox,4
file,message_1.json,.json,your_instagram_activity\messages\inbox\dioneserafim_1768057454588950\message_1.json,your_instagram_activity\messages\inbox\dioneserafim_1768057454588950,5
directory,dirceuzanchijunior_1920987989295895,,your_instagram_activity\messages\inbox\dirceuzanchijunior_1920987989295895,your_instagram_activity\messages\inbox,4
file,message_1.json,.json,your_instagram_activity\messages\inbox\dirceuzanchijunior_1920987989295895\message_1.json,your_instagram_activity\messages\inbox\dirceuzanchijunior_1920987989295895,5
directory,dircilenemendoncatranstornosdeansiedade_1787577375970291,,your_instagram_activity\messages\inbox\dircilenemendoncatranstornosdeansiedade_1787577375970291,your_instagram_activity\messages\inbox,4
file,message_1.json,.json,your_instagram_activity\messages\inbox\dircilenemendoncatranstornosdeansiedade_1787577375970291\message_1.json,your_instagram_activity\messages\inbox\dircilenemendoncatranstornosdeansiedade_1787577375970291,5
directory,disporcoletagestaoseguraderesiduos_1774732927254736,,your_instagram_activity\messages\inbox\disporcoletagestaoseguraderesiduos_1774732927254736,your_instagram_activity\messages\inbox,4
file,message_1.json,.json,your_instagram_activity\messages\inbox\disporcoletagestaoseguraderesiduos_1774732927254736\message_1.json,your_instagram_activity\messages\inbox\disporcoletagestaoseguraderesiduos_1774732927254736,5
directory,divinosouza_1944311396963554,,your_instagram_activity\messages\inbox\divinosouza_1944311396963554,your_instagram_activity\messages\inbox,4
file,message_1.json,.json,your_instagram_activity\messages\inbox\divinosouza_1944311396963554\message_1.json,your_instagram_activity\messages\inbox\divinosouza_1944311396963554,5
directory,docecozinhadapri_952880479439989,,your_instagram_activity\messages\inbox\docecozinhadapri_952880479439989,your_instagram_activity\messages\inbox,4
file,message_1.json,.json,your_instagram_activity\messages\inbox\docecozinhadapri_952880479439989\message_1.json,your_instagram_activity\messages\inbox\docecozinhadapri_952880479439989,5
directory,domgabrielrioverde_1762464385148257,,your_instagram_activity\messages\inbox\domgabrielrioverde_1762464385148257,your_instagram_activity\messages\inbox,4
file,message_1.json,.json,your_instagram_activity\messages\inbox\domgabrielrioverde_1762464385148257\message_1.json,your_instagram_activity\messages\inbox\domgabrielrioverde_1762464385148257,5
directory,douglasmorais_1901159914612036,,your_instagram_activity\messages\inbox\douglasmorais_1901159914612036,your_instagram_activity\messages\inbox,4
file,message_1.json,.json,your_instagram_activity\messages\inbox\douglasmorais_1901159914612036\message_1.json,your_instagram_activity\messages\inbox\douglasmorais_1901159914612036,5
directory,dr_rv_1827680118626683,,your_instagram_activity\messages\inbox\dr_rv_1827680118626683,your_instagram_activity\messages\inbox,4
file,message_1.json,.json,your_instagram_activity\messages\inbox\dr_rv_1827680118626683\message_1.json,your_instagram_activity\messages\inbox\dr_rv_1827680118626683,5
directory,draanapaulafranco_1249702613097002,,your_instagram_activity\messages\inbox\draanapaulafranco_1249702613097002,your_instagram_activity\messages\inbox,4
file,message_1.json,.json,your_instagram_activity\messages\inbox\draanapaulafranco_1249702613097002\message_1.json,your_instagram_activity\messages\inbox\draanapaulafranco_1249702613097002,5
directory,draelisewernerultrassomnagestacao_1945788520149175,,your_instagram_activity\messages\inbox\draelisewernerultrassomnagestacao_1945788520149175,your_instagram_activity\messages\inbox,4
file,message_1.json,.json,your_instagram_activity\messages\inbox\draelisewernerultrassomnagestacao_1945788520149175\message_1.json,your_instagram_activity\messages\inbox\draelisewernerultrassomnagestacao_1945788520149175,5
directory,dranayannefisioterapiapelvica_1748394393221923,,your_instagram_activity\messages\inbox\dranayannefisioterapiapelvica_1748394393221923,your_instagram_activity\messages\inbox,4
file,message_1.json,.json,your_instagram_activity\messages\inbox\dranayannefisioterapiapelvica_1748394393221923\message_1.json,your_instagram_activity\messages\inbox\dranayannefisioterapiapelvica_1748394393221923,5
directory,dravaniamachado_1374882313906468,,your_instagram_activity\messages\inbox\dravaniamachado_1374882313906468,your_instagram_activity\messages\inbox,4
file,message_1.json,.json,your_instagram_activity\messages\inbox\dravaniamachado_1374882313906468\message_1.json,your_instagram_activity\messages\inbox\dravaniamachado_1374882313906468,5
directory,drayassueminamidermato_805345784193460,,your_instagram_activity\messages\inbox\drayassueminamidermato_805345784193460,your_instagram_activity\messages\inbox,4
file,message_1.json,.json,your_instagram_activity\messages\inbox\drayassueminamidermato_805345784193460\message_1.json,your_instagram_activity\messages\inbox\drayassueminamidermato_805345784193460,5
directory,drfernandocruvinelinteriorfortego_814683376593034,,your_instagram_activity\messages\inbox\drfernandocruvinelinteriorfortego_814683376593034,your_instagram_activity\messages\inbox,4
file,message_1.json,.json,your_instagram_activity\messages\inbox\drfernandocruvinelinteriorfortego_814683376593034\message_1.json,your_instagram_activity\messages\inbox\drfernandocruvinelinteriorfortego_814683376593034,5
directory,drfredericobernardes_1732054851522544,,your_instagram_activity\messages\inbox\drfredericobernardes_1732054851522544,your_instagram_activity\messages\inbox,4
file,message_1.json,.json,your_instagram_activity\messages\inbox\drfredericobernardes_1732054851522544\message_1.json,your_instagram_activity\messages\inbox\drfredericobernardes_1732054851522544,5
directory,duartescakersimpletalentgestaoconsultoriaandusuariodoinstagram_8253204684769947,,your_instagram_activity\messages\inbox\duartescakersimpletalentgestaoconsultoriaandusuariodoinstagram_8253204684769947,your_instagram_activity\messages\inbox,4
file,message_1.json,.json,your_instagram_activity\messages\inbox\duartescakersimpletalentgestaoconsultoriaandusuariodoinstagram_8253204684769947\message_1.json,your_instagram_activity\messages\inbox\duartescakersimpletalentgestaoconsultoriaandusuariodoinstagram_8253204684769947,5
directory,duoclinicadepsicologia_1706316337429729,,your_instagram_activity\messages\inbox\duoclinicadepsicologia_1706316337429729,your_instagram_activity\messages\inbox,4
file,message_1.json,.json,your_instagram_activity\messages\inbox\duoclinicadepsicologia_1706316337429729\message_1.json,your_instagram_activity\messages\inbox\duoclinicadepsicologia_1706316337429729,5
directory,dynamo3d_1822375782490450,,your_instagram_activity\messages\inbox\dynamo3d_1822375782490450,your_instagram_activity\messages\inbox,4
file,message_1.json,.json,your_instagram_activity\messages\inbox\dynamo3d_1822375782490450\message_1.json,your_instagram_activity\messages\inbox\dynamo3d_1822375782490450,5
directory,dynamofinance_1822296955831666,,your_instagram_activity\messages\inbox\dynamofinance_1822296955831666,your_instagram_activity\messages\inbox,4
file,message_1.json,.json,your_instagram_activity\messages\inbox\dynamofinance_1822296955831666\message_1.json,your_instagram_activity\messages\inbox\dynamofinance_1822296955831666,5
directory,ecovillerioverdecentro_1791095525618476,,your_instagram_activity\messages\inbox\ecovillerioverdecentro_1791095525618476,your_instagram_activity\messages\inbox,4
file,message_1.json,.json,your_instagram_activity\messages\inbox\ecovillerioverdecentro_1791095525618476\message_1.json,your_instagram_activity\messages\inbox\ecovillerioverdecentro_1791095525618476,5
directory,edemilsoncosta_1468872504507448,,your_instagram_activity\messages\inbox\edemilsoncosta_1468872504507448,your_instagram_activity\messages\inbox,4
file,message_1.json,.json,your_instagram_activity\messages\inbox\edemilsoncosta_1468872504507448\message_1.json,your_instagram_activity\messages\inbox\edemilsoncosta_1468872504507448,5
directory,edilamarfagundes_531178994943475,,your_instagram_activity\messages\inbox\edilamarfagundes_531178994943475,your_instagram_activity\messages\inbox,4
file,message_1.json,.json,your_instagram_activity\messages\inbox\edilamarfagundes_531178994943475\message_1.json,your_instagram_activity\messages\inbox\edilamarfagundes_531178994943475,5
directory,edivansoouza_1397841021610597,,your_instagram_activity\messages\inbox\edivansoouza_1397841021610597,your_instagram_activity\messages\inbox,4
file,message_1.json,.json,your_instagram_activity\messages\inbox\edivansoouza_1397841021610597\message_1.json,your_instagram_activity\messages\inbox\edivansoouza_1397841021610597,5
directory,edneyarakaki_865056114361451,,your_instagram_activity\messages\inbox\edneyarakaki_865056114361451,your_instagram_activity\messages\inbox,4
file,message_1.json,.json,your_instagram_activity\messages\inbox\edneyarakaki_865056114361451\message_1.json,your_instagram_activity\messages\inbox\edneyarakaki_865056114361451,5
directory,audio,,your_instagram_activity\messages\inbox\edneyarakaki_865056114361451\audio,your_instagram_activity\messages\inbox\edneyarakaki_865056114361451,5
file,785915303892671.mp4,.mp4,your_instagram_activity\messages\inbox\edneyarakaki_865056114361451\audio\785915303892671.mp4,your_instagram_activity\messages\inbox\edneyarakaki_865056114361451\audio,6
directory,eduardafreitasmarketing_1835916094469752,,your_instagram_activity\messages\inbox\eduardafreitasmarketing_1835916094469752,your_instagram_activity\messages\inbox,4
file,message_1.json,.json,your_instagram_activity\messages\inbox\eduardafreitasmarketing_1835916094469752\message_1.json,your_instagram_activity\messages\inbox\eduardafreitasmarketing_1835916094469752,5
directory,eduardasilva_1760722261989136,,your_instagram_activity\messages\inbox\eduardasilva_1760722261989136,your_instagram_activity\messages\inbox,4
file,message_1.json,.json,your_instagram_activity\messages\inbox\eduardasilva_1760722261989136\message_1.json,your_instagram_activity\messages\inbox\eduardasilva_1760722261989136,5
directory,eduardolobo_448331876561521,,your_instagram_activity\messages\inbox\eduardolobo_448331876561521,your_instagram_activity\messages\inbox,4
file,message_1.json,.json,your_instagram_activity\messages\inbox\eduardolobo_448331876561521\message_1.json,your_instagram_activity\messages\inbox\eduardolobo_448331876561521,5
directory,edwalportilho_1820613289333366,,your_instagram_activity\messages\inbox\edwalportilho_1820613289333366,your_instagram_activity\messages\inbox,4
file,message_1.json,.json,your_instagram_activity\messages\inbox\edwalportilho_1820613289333366\message_1.json,your_instagram_activity\messages\inbox\edwalportilho_1820613289333366,5
directory,elaineeleo_1768060851255277,,your_instagram_activity\messages\inbox\elaineeleo_1768060851255277,your_instagram_activity\messages\inbox,4
file,message_1.json,.json,your_instagram_activity\messages\inbox\elaineeleo_1768060851255277\message_1.json,your_instagram_activity\messages\inbox\elaineeleo_1768060851255277,5
directory,eletromar_1186999612694740,,your_instagram_activity\messages\inbox\eletromar_1186999612694740,your_instagram_activity\messages\inbox,4
file,message_1.json,.json,your_instagram_activity\messages\inbox\eletromar_1186999612694740\message_1.json,your_instagram_activity\messages\inbox\eletromar_1186999612694740,5
directory,elevetecnologia_1200411461353555,,your_instagram_activity\messages\inbox\elevetecnologia_1200411461353555,your_instagram_activity\messages\inbox,4
file,message_1.json,.json,your_instagram_activity\messages\inbox\elevetecnologia_1200411461353555\message_1.json,your_instagram_activity\messages\inbox\elevetecnologia_1200411461353555,5
directory,eliamarsousa_1715218509872845,,your_instagram_activity\messages\inbox\eliamarsousa_1715218509872845,your_instagram_activity\messages\inbox,4
file,message_1.json,.json,your_instagram_activity\messages\inbox\eliamarsousa_1715218509872845\message_1.json,your_instagram_activity\messages\inbox\eliamarsousa_1715218509872845,5
directory,eliane_1773907234003972,,your_instagram_activity\messages\inbox\eliane_1773907234003972,your_instagram_activity\messages\inbox,4
file,message_1.json,.json,your_instagram_activity\messages\inbox\eliane_1773907234003972\message_1.json,your_instagram_activity\messages\inbox\eliane_1773907234003972,5
directory,elianearruda_989519559109414,,your_instagram_activity\messages\inbox\elianearruda_989519559109414,your_instagram_activity\messages\inbox,4
file,message_1.json,.json,your_instagram_activity\messages\inbox\elianearruda_989519559109414\message_1.json,your_instagram_activity\messages\inbox\elianearruda_989519559109414,5
directory,elianepasini_579539133447461,,your_instagram_activity\messages\inbox\elianepasini_579539133447461,your_instagram_activity\messages\inbox,4
file,message_1.json,.json,your_instagram_activity\messages\inbox\elianepasini_579539133447461\message_1.json,your_instagram_activity\messages\inbox\elianepasini_579539133447461,5
directory,elismarnaves_1773907230670639,,your_instagram_activity\messages\inbox\elismarnaves_1773907230670639,your_instagram_activity\messages\inbox,4
file,message_1.json,.json,your_instagram_activity\messages\inbox\elismarnaves_1773907230670639\message_1.json,your_instagram_activity\messages\inbox\elismarnaves_1773907230670639,5
directory,ellenfarias_1767110331350329,,your_instagram_activity\messages\inbox\ellenfarias_1767110331350329,your_instagram_activity\messages\inbox,4
file,message_1.json,.json,your_instagram_activity\messages\inbox\ellenfarias_1767110331350329\message_1.json,your_instagram_activity\messages\inbox\ellenfarias_1767110331350329,5
directory,elmara_1757521395642556,,your_instagram_activity\messages\inbox\elmara_1757521395642556,your_instagram_activity\messages\inbox,4
file,message_1.json,.json,your_instagram_activity\messages\inbox\elmara_1757521395642556\message_1.json,your_instagram_activity\messages\inbox\elmara_1757521395642556,5
directory,emilianecarvalho_1327844525276914,,your_instagram_activity\messages\inbox\emilianecarvalho_1327844525276914,your_instagram_activity\messages\inbox,4
file,message_1.json,.json,your_instagram_activity\messages\inbox\emilianecarvalho_1327844525276914\message_1.json,your_instagram_activity\messages\inbox\emilianecarvalho_1327844525276914,5
directory,emirellyleao_1780558190005543,,your_instagram_activity\messages\inbox\emirellyleao_1780558190005543,your_instagram_activity\messages\inbox,4
file,message_1.json,.json,your_instagram_activity\messages\inbox\emirellyleao_1780558190005543\message_1.json,your_instagram_activity\messages\inbox\emirellyleao_1780558190005543,5
directory,erickmartins_1751119206282775,,your_instagram_activity\messages\inbox\erickmartins_1751119206282775,your_instagram_activity\messages\inbox,4
file,message_1.json,.json,your_instagram_activity\messages\inbox\erickmartins_1751119206282775\message_1.json,your_instagram_activity\messages\inbox\erickmartins_1751119206282775,5
directory,erikabarcelo_677741700338662,,your_instagram_activity\messages\inbox\erikabarcelo_677741700338662,your_instagram_activity\messages\inbox,4
file,message_1.json,.json,your_instagram_activity\messages\inbox\erikabarcelo_677741700338662\message_1.json,your_instagram_activity\messages\inbox\erikabarcelo_677741700338662,5
directory,erlayneborges_1709150917146271,,your_instagram_activity\messages\inbox\erlayneborges_1709150917146271,your_instagram_activity\messages\inbox,4
file,message_1.json,.json,your_instagram_activity\messages\inbox\erlayneborges_1709150917146271\message_1.json,your_instagram_activity\messages\inbox\erlayneborges_1709150917146271,5
directory,erosboutiquemodafeminina_573182157416930,,your_instagram_activity\messages\inbox\erosboutiquemodafeminina_573182157416930,your_instagram_activity\messages\inbox,4
file,message_1.json,.json,your_instagram_activity\messages\inbox\erosboutiquemodafeminina_573182157416930\message_1.json,your_instagram_activity\messages\inbox\erosboutiquemodafeminina_573182157416930,5
directory,escoladeidiomasrioverdego_560762055318502,,your_instagram_activity\messages\inbox\escoladeidiomasrioverdego_560762055318502,your_instagram_activity\messages\inbox,4
file,message_1.json,.json,your_instagram_activity\messages\inbox\escoladeidiomasrioverdego_560762055318502\message_1.json,your_instagram_activity\messages\inbox\escoladeidiomasrioverdego_560762055318502,5
directory,escolademusicatomjobim_1747708303290532,,your_instagram_activity\messages\inbox\escolademusicatomjobim_1747708303290532,your_instagram_activity\messages\inbox,4
file,message_1.json,.json,your_instagram_activity\messages\inbox\escolademusicatomjobim_1747708303290532\message_1.json,your_instagram_activity\messages\inbox\escolademusicatomjobim_1747708303290532,5
directory,espacocapitalcoworking_566379804756727,,your_instagram_activity\messages\inbox\espacocapitalcoworking_566379804756727,your_instagram_activity\messages\inbox,4
file,message_1.json,.json,your_instagram_activity\messages\inbox\espacocapitalcoworking_566379804756727\message_1.json,your_instagram_activity\messages\inbox\espacocapitalcoworking_566379804756727,5
directory,espacoterapeuticosimonealves_1196403741754327,,your_instagram_activity\messages\inbox\espacoterapeuticosimonealves_1196403741754327,your_instagram_activity\messages\inbox,4
file,message_1.json,.json,your_instagram_activity\messages\inbox\espacoterapeuticosimonealves_1196403741754327\message_1.json,your_instagram_activity\messages\inbox\espacoterapeuticosimonealves_1196403741754327,5
directory,estefanialimagourmet_1595528175175213,,your_instagram_activity\messages\inbox\estefanialimagourmet_1595528175175213,your_instagram_activity\messages\inbox,4
file,message_1.json,.json,your_instagram_activity\messages\inbox\estefanialimagourmet_1595528175175213\message_1.json,your_instagram_activity\messages\inbox\estefanialimagourmet_1595528175175213,5
directory,esterrocha_842900493024888,,your_instagram_activity\messages\inbox\esterrocha_842900493024888,your_instagram_activity\messages\inbox,4
file,message_1.json,.json,your_instagram_activity\messages\inbox\esterrocha_842900493024888\message_1.json,your_instagram_activity\messages\inbox\esterrocha_842900493024888,5
directory,esthersantos_1889156912479003,,your_instagram_activity\messages\inbox\esthersantos_1889156912479003,your_instagram_activity\messages\inbox,4
file,message_1.json,.json,your_instagram_activity\messages\inbox\esthersantos_1889156912479003\message_1.json,your_instagram_activity\messages\inbox\esthersantos_1889156912479003,5
directory,estrelinhakids_1768576464537049,,your_instagram_activity\messages\inbox\estrelinhakids_1768576464537049,your_instagram_activity\messages\inbox,4
file,message_1.json,.json,your_instagram_activity\messages\inbox\estrelinhakids_1768576464537049\message_1.json,your_instagram_activity\messages\inbox\estrelinhakids_1768576464537049,5
directory,estruturaseproducoesdeeventos_1889444282450266,,your_instagram_activity\messages\inbox\estruturaseproducoesdeeventos_1889444282450266,your_instagram_activity\messages\inbox,4
file,message_1.json,.json,your_instagram_activity\messages\inbox\estruturaseproducoesdeeventos_1889444282450266\message_1.json,your_instagram_activity\messages\inbox\estruturaseproducoesdeeventos_1889444282450266,5
directory,eunersantiagodefesamedica_1780970749964287,,your_instagram_activity\messages\inbox\eunersantiagodefesamedica_1780970749964287,your_instagram_activity\messages\inbox,4
file,message_1.json,.json,your_instagram_activity\messages\inbox\eunersantiagodefesamedica_1780970749964287\message_1.json,your_instagram_activity\messages\inbox\eunersantiagodefesamedica_1780970749964287,5
directory,evaristolira_1384327572961942,,your_instagram_activity\messages\inbox\evaristolira_1384327572961942,your_instagram_activity\messages\inbox,4
file,message_1.json,.json,your_instagram_activity\messages\inbox\evaristolira_1384327572961942\message_1.json,your_instagram_activity\messages\inbox\evaristolira_1384327572961942,5
directory,evelyneduardaduarte_1956091149118912,,your_instagram_activity\messages\inbox\evelyneduardaduarte_1956091149118912,your_instagram_activity\messages\inbox,4
file,message_1.json,.json,your_instagram_activity\messages\inbox\evelyneduardaduarte_1956091149118912\message_1.json,your_instagram_activity\messages\inbox\evelyneduardaduarte_1956091149118912,5
directory,evertoneduardokochhann_1742992607095435,,your_instagram_activity\messages\inbox\evertoneduardokochhann_1742992607095435,your_instagram_activity\messages\inbox,4
file,message_1.json,.json,your_instagram_activity\messages\inbox\evertoneduardokochhann_1742992607095435\message_1.json,your_instagram_activity\messages\inbox\evertoneduardokochhann_1742992607095435,5
directory,exatacredrioverde_1705486820846014,,your_instagram_activity\messages\inbox\exatacredrioverde_1705486820846014,your_instagram_activity\messages\inbox,4
file,message_1.json,.json,your_instagram_activity\messages\inbox\exatacredrioverde_1705486820846014\message_1.json,your_instagram_activity\messages\inbox\exatacredrioverde_1705486820846014,5
directory,excellentglobalidiomasrioverde_1771986970862665,,your_instagram_activity\messages\inbox\excellentglobalidiomasrioverde_1771986970862665,your_instagram_activity\messages\inbox,4
file,message_1.json,.json,your_instagram_activity\messages\inbox\excellentglobalidiomasrioverde_1771986970862665\message_1.json,your_instagram_activity\messages\inbox\excellentglobalidiomasrioverde_1771986970862665,5
directory,exporioverde_1411180300276669,,your_instagram_activity\messages\inbox\exporioverde_1411180300276669,your_instagram_activity\messages\inbox,4
file,message_1.json,.json,your_instagram_activity\messages\inbox\exporioverde_1411180300276669\message_1.json,your_instagram_activity\messages\inbox\exporioverde_1411180300276669,5
directory,fabianoguimaraes_1116341966427172,,your_instagram_activity\messages\inbox\fabianoguimaraes_1116341966427172,your_instagram_activity\messages\inbox,4
file,message_1.json,.json,your_instagram_activity\messages\inbox\fabianoguimaraes_1116341966427172\message_1.json,your_instagram_activity\messages\inbox\fabianoguimaraes_1116341966427172,5
directory,fabianomoraescardoso_1760771305317565,,your_instagram_activity\messages\inbox\fabianomoraescardoso_1760771305317565,your_instagram_activity\messages\inbox,4
file,message_1.json,.json,your_instagram_activity\messages\inbox\fabianomoraescardoso_1760771305317565\message_1.json,your_instagram_activity\messages\inbox\fabianomoraescardoso_1760771305317565,5
directory,fabiobittencourtprofonline_1230348768359824,,your_instagram_activity\messages\inbox\fabiobittencourtprofonline_1230348768359824,your_instagram_activity\messages\inbox,4
file,message_1.json,.json,your_instagram_activity\messages\inbox\fabiobittencourtprofonline_1230348768359824\message_1.json,your_instagram_activity\messages\inbox\fabiobittencourtprofonline_1230348768359824,5
directory,fabiomatheussalomao_1373595634122170,,your_instagram_activity\messages\inbox\fabiomatheussalomao_1373595634122170,your_instagram_activity\messages\inbox,4
file,message_1.json,.json,your_instagram_activity\messages\inbox\fabiomatheussalomao_1373595634122170\message_1.json,your_instagram_activity\messages\inbox\fabiomatheussalomao_1373595634122170,5
directory,fabiorezende_1689546502440046,,your_instagram_activity\messages\inbox\fabiorezende_1689546502440046,your_instagram_activity\messages\inbox,4
file,message_1.json,.json,your_instagram_activity\messages\inbox\fabiorezende_1689546502440046\message_1.json,your_instagram_activity\messages\inbox\fabiorezende_1689546502440046,5
directory,fabiotrancolinduarte_573264527401588,,your_instagram_activity\messages\inbox\fabiotrancolinduarte_573264527401588,your_instagram_activity\messages\inbox,4
file,message_1.json,.json,your_instagram_activity\messages\inbox\fabiotrancolinduarte_573264527401588\message_1.json,your_instagram_activity\messages\inbox\fabiotrancolinduarte_573264527401588,5
directory,faciegfederacaodasassociacoescomeinddoestdegoias_563057961755578,,your_instagram_activity\messages\inbox\faciegfederacaodasassociacoescomeinddoestdegoias_563057961755578,your_instagram_activity\messages\inbox,4
file,message_1.json,.json,your_instagram_activity\messages\inbox\faciegfederacaodasassociacoescomeinddoestdegoias_563057961755578\message_1.json,your_instagram_activity\messages\inbox\faciegfederacaodasassociacoescomeinddoestdegoias_563057961755578,5
directory,faciegmulher_1273374600723907,,your_instagram_activity\messages\inbox\faciegmulher_1273374600723907,your_instagram_activity\messages\inbox,4
file,message_1.json,.json,your_instagram_activity\messages\inbox\faciegmulher_1273374600723907\message_1.json,your_instagram_activity\messages\inbox\faciegmulher_1273374600723907,5
directory,faiasolucoesfinanceiras_1999249388138890,,your_instagram_activity\messages\inbox\faiasolucoesfinanceiras_1999249388138890,your_instagram_activity\messages\inbox,4
file,message_1.json,.json,your_instagram_activity\messages\inbox\faiasolucoesfinanceiras_1999249388138890\message_1.json,your_instagram_activity\messages\inbox\faiasolucoesfinanceiras_1999249388138890,5
directory,fajegoias_1211378736923494,,your_instagram_activity\messages\inbox\fajegoias_1211378736923494,your_instagram_activity\messages\inbox,4
file,message_1.json,.json,your_instagram_activity\messages\inbox\fajegoias_1211378736923494\message_1.json,your_instagram_activity\messages\inbox\fajegoias_1211378736923494,5
directory,fatimarosamartins_1763402378387791,,your_instagram_activity\messages\inbox\fatimarosamartins_1763402378387791,your_instagram_activity\messages\inbox,4
file,message_1.json,.json,your_instagram_activity\messages\inbox\fatimarosamartins_1763402378387791\message_1.json,your_instagram_activity\messages\inbox\fatimarosamartins_1763402378387791,5
directory,fazendoterapiaclinicamultidisciplinarinfantil_1848144923253841,,your_instagram_activity\messages\inbox\fazendoterapiaclinicamultidisciplinarinfantil_1848144923253841,your_instagram_activity\messages\inbox,4
file,message_1.json,.json,your_instagram_activity\messages\inbox\fazendoterapiaclinicamultidisciplinarinfantil_1848144923253841\message_1.json,your_instagram_activity\messages\inbox\fazendoterapiaclinicamultidisciplinarinfantil_1848144923253841,5
directory,felipecomellicomber_1192367328824635,,your_instagram_activity\messages\inbox\felipecomellicomber_1192367328824635,your_instagram_activity\messages\inbox,4
file,message_1.json,.json,your_instagram_activity\messages\inbox\felipecomellicomber_1192367328824635\message_1.json,your_instagram_activity\messages\inbox\felipecomellicomber_1192367328824635,5
directory,felipedefaria_541986120529429,,your_instagram_activity\messages\inbox\felipedefaria_541986120529429,your_instagram_activity\messages\inbox,4
file,message_1.json,.json,your_instagram_activity\messages\inbox\felipedefaria_541986120529429\message_1.json,your_instagram_activity\messages\inbox\felipedefaria_541986120529429,5
directory,feliperibeiro_1761087298619299,,your_instagram_activity\messages\inbox\feliperibeiro_1761087298619299,your_instagram_activity\messages\inbox,4
file,message_1.json,.json,your_instagram_activity\messages\inbox\feliperibeiro_1761087298619299\message_1.json,your_instagram_activity\messages\inbox\feliperibeiro_1761087298619299,5
directory,feliperufinoengenheiromecanico_1960889541972406,,your_instagram_activity\messages\inbox\feliperufinoengenheiromecanico_1960889541972406,your_instagram_activity\messages\inbox,4
file,message_1.json,.json,your_instagram_activity\messages\inbox\feliperufinoengenheiromecanico_1960889541972406\message_1.json,your_instagram_activity\messages\inbox\feliperufinoengenheiromecanico_1960889541972406,5
directory,fernandaalvesger_813209376740434,,your_instagram_activity\messages\inbox\fernandaalvesger_813209376740434,your_instagram_activity\messages\inbox,4
file,message_1.json,.json,your_instagram_activity\messages\inbox\fernandaalvesger_813209376740434\message_1.json,your_instagram_activity\messages\inbox\fernandaalvesger_813209376740434,5
directory,fernandoalves_1757532072308155,,your_instagram_activity\messages\inbox\fernandoalves_1757532072308155,your_instagram_activity\messages\inbox,4
file,message_1.json,.json,your_instagram_activity\messages\inbox\fernandoalves_1757532072308155\message_1.json,your_instagram_activity\messages\inbox\fernandoalves_1757532072308155,5
directory,fernandoantonioeneagramadenegocios_1031338514932868,,your_instagram_activity\messages\inbox\fernandoantonioeneagramadenegocios_1031338514932868,your_instagram_activity\messages\inbox,4
file,message_1.json,.json,your_instagram_activity\messages\inbox\fernandoantonioeneagramadenegocios_1031338514932868\message_1.json,your_instagram_activity\messages\inbox\fernandoantonioeneagramadenegocios_1031338514932868,5
directory,fernandocabral_1834875094573852,,your_instagram_activity\messages\inbox\fernandocabral_1834875094573852,your_instagram_activity\messages\inbox,4
file,message_1.json,.json,your_instagram_activity\messages\inbox\fernandocabral_1834875094573852\message_1.json,your_instagram_activity\messages\inbox\fernandocabral_1834875094573852,5
directory,fernandohenrique_1834203121307716,,your_instagram_activity\messages\inbox\fernandohenrique_1834203121307716,your_instagram_activity\messages\inbox,4
file,message_1.json,.json,your_instagram_activity\messages\inbox\fernandohenrique_1834203121307716\message_1.json,your_instagram_activity\messages\inbox\fernandohenrique_1834203121307716,5
directory,ferraregestaofinanceira_1757219492339413,,your_instagram_activity\messages\inbox\ferraregestaofinanceira_1757219492339413,your_instagram_activity\messages\inbox,4
file,message_1.json,.json,your_instagram_activity\messages\inbox\ferraregestaofinanceira_1757219492339413\message_1.json,your_instagram_activity\messages\inbox\ferraregestaofinanceira_1757219492339413,5
directory,photos,,your_instagram_activity\messages\inbox\ferraregestaofinanceira_1757219492339413\photos,your_instagram_activity\messages\inbox\ferraregestaofinanceira_1757219492339413,5
file,1045984824273954.jpg,.jpg,your_instagram_activity\messages\inbox\ferraregestaofinanceira_1757219492339413\photos\1045984824273954.jpg,your_instagram_activity\messages\inbox\ferraregestaofinanceira_1757219492339413\photos,6
file,1416398066119656.jpg,.jpg,your_instagram_activity\messages\inbox\ferraregestaofinanceira_1757219492339413\photos\1416398066119656.jpg,your_instagram_activity\messages\inbox\ferraregestaofinanceira_1757219492339413\photos,6
file,1485631675862091.jpg,.jpg,your_instagram_activity\messages\inbox\ferraregestaofinanceira_1757219492339413\photos\1485631675862091.jpg,your_instagram_activity\messages\inbox\ferraregestaofinanceira_1757219492339413\photos,6
file,2165970127235592.jpg,.jpg,your_instagram_activity\messages\inbox\ferraregestaofinanceira_1757219492339413\photos\2165970127235592.jpg,your_instagram_activity\messages\inbox\ferraregestaofinanceira_1757219492339413\photos,6
directory,ferreirasinstalacoeseletricas_1780940816633947,,your_instagram_activity\messages\inbox\ferreirasinstalacoeseletricas_1780940816633947,your_instagram_activity\messages\inbox,4
file,message_1.json,.json,your_instagram_activity\messages\inbox\ferreirasinstalacoeseletricas_1780940816633947\message_1.json,your_instagram_activity\messages\inbox\ferreirasinstalacoeseletricas_1780940816633947,5
directory,fiatravel_1439618244108115,,your_instagram_activity\messages\inbox\fiatravel_1439618244108115,your_instagram_activity\messages\inbox,4
file,message_1.json,.json,your_instagram_activity\messages\inbox\fiatravel_1439618244108115\message_1.json,your_instagram_activity\messages\inbox\fiatravel_1439618244108115,5
directory,ficgoias_1823953542332674,,your_instagram_activity\messages\inbox\ficgoias_1823953542332674,your_instagram_activity\messages\inbox,4
file,message_1.json,.json,your_instagram_activity\messages\inbox\ficgoias_1823953542332674\message_1.json,your_instagram_activity\messages\inbox\ficgoias_1823953542332674,5
directory,fieg_1694705115257518,,your_instagram_activity\messages\inbox\fieg_1694705115257518,your_instagram_activity\messages\inbox,4
file,message_1.json,.json,your_instagram_activity\messages\inbox\fieg_1694705115257518\message_1.json,your_instagram_activity\messages\inbox\fieg_1694705115257518,5
directory,filipediogo_1750276693033693,,your_instagram_activity\messages\inbox\filipediogo_1750276693033693,your_instagram_activity\messages\inbox,4
file,message_1.json,.json,your_instagram_activity\messages\inbox\filipediogo_1750276693033693\message_1.json,your_instagram_activity\messages\inbox\filipediogo_1750276693033693,5
directory,filipenery_1883822619679099,,your_instagram_activity\messages\inbox\filipenery_1883822619679099,your_instagram_activity\messages\inbox,4
file,message_1.json,.json,your_instagram_activity\messages\inbox\filipenery_1883822619679099\message_1.json,your_instagram_activity\messages\inbox\filipenery_1883822619679099,5
directory,financecredsolucoesemcredito_1677772310284132,,your_instagram_activity\messages\inbox\financecredsolucoesemcredito_1677772310284132,your_instagram_activity\messages\inbox,4
file,message_1.json,.json,your_instagram_activity\messages\inbox\financecredsolucoesemcredito_1677772310284132\message_1.json,your_instagram_activity\messages\inbox\financecredsolucoesemcredito_1677772310284132,5
directory,flavialemesfotografia_1834888587905836,,your_instagram_activity\messages\inbox\flavialemesfotografia_1834888587905836,your_instagram_activity\messages\inbox,4
file,message_1.json,.json,your_instagram_activity\messages\inbox\flavialemesfotografia_1834888587905836\message_1.json,your_instagram_activity\messages\inbox\flavialemesfotografia_1834888587905836,5
directory,flaviarezendemartins_1321368169386006,,your_instagram_activity\messages\inbox\flaviarezendemartins_1321368169386006,your_instagram_activity\messages\inbox,4
file,message_1.json,.json,your_instagram_activity\messages\inbox\flaviarezendemartins_1321368169386006\message_1.json,your_instagram_activity\messages\inbox\flaviarezendemartins_1321368169386006,5
directory,flavioandrade_1793785248682837,,your_instagram_activity\messages\inbox\flavioandrade_1793785248682837,your_instagram_activity\messages\inbox,4
file,message_1.json,.json,your_instagram_activity\messages\inbox\flavioandrade_1793785248682837\message_1.json,your_instagram_activity\messages\inbox\flavioandrade_1793785248682837,5
directory,flavioeduardo_1768680531193309,,your_instagram_activity\messages\inbox\flavioeduardo_1768680531193309,your_instagram_activity\messages\inbox,4
file,message_1.json,.json,your_instagram_activity\messages\inbox\flavioeduardo_1768680531193309\message_1.json,your_instagram_activity\messages\inbox\flavioeduardo_1768680531193309,5
directory,fogoebrasa_1482746253120073,,your_instagram_activity\messages\inbox\fogoebrasa_1482746253120073,your_instagram_activity\messages\inbox,4
file,message_1.json,.json,your_instagram_activity\messages\inbox\fogoebrasa_1482746253120073\message_1.json,your_instagram_activity\messages\inbox\fogoebrasa_1482746253120073,5
directory,folhadacidade_1192140912180610,,your_instagram_activity\messages\inbox\folhadacidade_1192140912180610,your_instagram_activity\messages\inbox,4
file,message_1.json,.json,your_instagram_activity\messages\inbox\folhadacidade_1192140912180610\message_1.json,your_instagram_activity\messages\inbox\folhadacidade_1192140912180610,5
directory,folhadosudoeste32anosdecredibilidade_1735484104512952,,your_instagram_activity\messages\inbox\folhadosudoeste32anosdecredibilidade_1735484104512952,your_instagram_activity\messages\inbox,4
file,message_1.json,.json,your_instagram_activity\messages\inbox\folhadosudoeste32anosdecredibilidade_1735484104512952\message_1.json,your_instagram_activity\messages\inbox\folhadosudoeste32anosdecredibilidade_1735484104512952,5
directory,forumderh_1229194865141881,,your_instagram_activity\messages\inbox\forumderh_1229194865141881,your_instagram_activity\messages\inbox,4
file,message_1.json,.json,your_instagram_activity\messages\inbox\forumderh_1229194865141881\message_1.json,your_instagram_activity\messages\inbox\forumderh_1229194865141881,5
directory,franboloartesanal_1706612604066769,,your_instagram_activity\messages\inbox\franboloartesanal_1706612604066769,your_instagram_activity\messages\inbox,4
file,message_1.json,.json,your_instagram_activity\messages\inbox\franboloartesanal_1706612604066769\message_1.json,your_instagram_activity\messages\inbox\franboloartesanal_1706612604066769,5
directory,francielletizzoribeirochaves_1699995758061787,,your_instagram_activity\messages\inbox\francielletizzoribeirochaves_1699995758061787,your_instagram_activity\messages\inbox,4
file,message_1.json,.json,your_instagram_activity\messages\inbox\francielletizzoribeirochaves_1699995758061787\message_1.json,your_instagram_activity\messages\inbox\francielletizzoribeirochaves_1699995758061787,5
directory,frank_1813173866752989,,your_instagram_activity\messages\inbox\frank_1813173866752989,your_instagram_activity\messages\inbox,4
file,message_1.json,.json,your_instagram_activity\messages\inbox\frank_1813173866752989\message_1.json,your_instagram_activity\messages\inbox\frank_1813173866752989,5
directory,franklinaraujopsicologo_1538444690883562,,your_instagram_activity\messages\inbox\franklinaraujopsicologo_1538444690883562,your_instagram_activity\messages\inbox,4
file,message_1.json,.json,your_instagram_activity\messages\inbox\franklinaraujopsicologo_1538444690883562\message_1.json,your_instagram_activity\messages\inbox\franklinaraujopsicologo_1538444690883562,5
directory,franmachadoconsultora_1332386821489351,,your_instagram_activity\messages\inbox\franmachadoconsultora_1332386821489351,your_instagram_activity\messages\inbox,4
file,message_1.json,.json,your_instagram_activity\messages\inbox\franmachadoconsultora_1332386821489351\message_1.json,your_instagram_activity\messages\inbox\franmachadoconsultora_1332386821489351,5
directory,fransleybatista_1893368502058897,,your_instagram_activity\messages\inbox\fransleybatista_1893368502058897,your_instagram_activity\messages\inbox,4
file,message_1.json,.json,your_instagram_activity\messages\inbox\fransleybatista_1893368502058897\message_1.json,your_instagram_activity\messages\inbox\fransleybatista_1893368502058897,5
directory,frutbrasrioverde_1813240493403979,,your_instagram_activity\messages\inbox\frutbrasrioverde_1813240493403979,your_instagram_activity\messages\inbox,4
file,message_1.json,.json,your_instagram_activity\messages\inbox\frutbrasrioverde_1813240493403979\message_1.json,your_instagram_activity\messages\inbox\frutbrasrioverde_1813240493403979,5
directory,futuraaluguelrioverde_1490635298997835,,your_instagram_activity\messages\inbox\futuraaluguelrioverde_1490635298997835,your_instagram_activity\messages\inbox,4
file,message_1.json,.json,your_instagram_activity\messages\inbox\futuraaluguelrioverde_1490635298997835\message_1.json,your_instagram_activity\messages\inbox\futuraaluguelrioverde_1490635298997835,5
directory,futuraimoveisrioverde_536014437793264,,your_instagram_activity\messages\inbox\futuraimoveisrioverde_536014437793264,your_instagram_activity\messages\inbox,4
file,message_1.json,.json,your_instagram_activity\messages\inbox\futuraimoveisrioverde_536014437793264\message_1.json,your_instagram_activity\messages\inbox\futuraimoveisrioverde_536014437793264,5
directory,gabriel_1705493804178649,,your_instagram_activity\messages\inbox\gabriel_1705493804178649,your_instagram_activity\messages\inbox,4
file,message_1.json,.json,your_instagram_activity\messages\inbox\gabriel_1705493804178649\message_1.json,your_instagram_activity\messages\inbox\gabriel_1705493804178649,5
directory,gabrielabaylao_805341197527252,,your_instagram_activity\messages\inbox\gabrielabaylao_805341197527252,your_instagram_activity\messages\inbox,4
file,message_1.json,.json,your_instagram_activity\messages\inbox\gabrielabaylao_805341197527252\message_1.json,your_instagram_activity\messages\inbox\gabrielabaylao_805341197527252,5
directory,gabrielabullsports_1860345908693437,,your_instagram_activity\messages\inbox\gabrielabullsports_1860345908693437,your_instagram_activity\messages\inbox,4
file,message_1.json,.json,your_instagram_activity\messages\inbox\gabrielabullsports_1860345908693437\message_1.json,your_instagram_activity\messages\inbox\gabrielabullsports_1860345908693437,5
directory,photos,,your_instagram_activity\messages\inbox\gabrielabullsports_1860345908693437\photos,your_instagram_activity\messages\inbox\gabrielabullsports_1860345908693437,5
file,1452424486307889.webp,.webp,your_instagram_activity\messages\inbox\gabrielabullsports_1860345908693437\photos\1452424486307889.webp,your_instagram_activity\messages\inbox\gabrielabullsports_1860345908693437\photos,6
directory,gabrieldelimamoraes_1070005834394119,,your_instagram_activity\messages\inbox\gabrieldelimamoraes_1070005834394119,your_instagram_activity\messages\inbox,4
file,message_1.json,.json,your_instagram_activity\messages\inbox\gabrieldelimamoraes_1070005834394119\message_1.json,your_instagram_activity\messages\inbox\gabrieldelimamoraes_1070005834394119,5
directory,gabriellegarcianutricionista_1620809345990698,,your_instagram_activity\messages\inbox\gabriellegarcianutricionista_1620809345990698,your_instagram_activity\messages\inbox,4
file,message_1.json,.json,your_instagram_activity\messages\inbox\gabriellegarcianutricionista_1620809345990698\message_1.json,your_instagram_activity\messages\inbox\gabriellegarcianutricionista_1620809345990698,5
directory,gabriellinunesnailiriedigerbiomedicaestetamichelefariaand2others_1563429291775459,,your_instagram_activity\messages\inbox\gabriellinunesnailiriedigerbiomedicaestetamichelefariaand2others_1563429291775459,your_instagram_activity\messages\inbox,4
file,message_1.json,.json,your_instagram_activity\messages\inbox\gabriellinunesnailiriedigerbiomedicaestetamichelefariaand2others_1563429291775459\message_1.json,your_instagram_activity\messages\inbox\gabriellinunesnailiriedigerbiomedicaestetamichelefariaand2others_1563429291775459,5
directory,gapesgrupoassociadodepesquisadosudoestegoiano_1211265386934829,,your_instagram_activity\messages\inbox\gapesgrupoassociadodepesquisadosudoestegoiano_1211265386934829,your_instagram_activity\messages\inbox,4
file,message_1.json,.json,your_instagram_activity\messages\inbox\gapesgrupoassociadodepesquisadosudoestegoiano_1211265386934829\message_1.json,your_instagram_activity\messages\inbox\gapesgrupoassociadodepesquisadosudoestegoiano_1211265386934829,5
directory,gcamp_1800709311323764,,your_instagram_activity\messages\inbox\gcamp_1800709311323764,your_instagram_activity\messages\inbox,4
file,message_1.json,.json,your_instagram_activity\messages\inbox\gcamp_1800709311323764\message_1.json,your_instagram_activity\messages\inbox\gcamp_1800709311323764,5
directory,gecoelhoconscienciafinanceiraaltaperformance_1171005287627506,,your_instagram_activity\messages\inbox\gecoelhoconscienciafinanceiraaltaperformance_1171005287627506,your_instagram_activity\messages\inbox,4
file,message_1.json,.json,your_instagram_activity\messages\inbox\gecoelhoconscienciafinanceiraaltaperformance_1171005287627506\message_1.json,your_instagram_activity\messages\inbox\gecoelhoconscienciafinanceiraaltaperformance_1171005287627506,5
directory,geneiltonassis_1760927108635318,,your_instagram_activity\messages\inbox\geneiltonassis_1760927108635318,your_instagram_activity\messages\inbox,4
file,message_1.json,.json,your_instagram_activity\messages\inbox\geneiltonassis_1760927108635318\message_1.json,your_instagram_activity\messages\inbox\geneiltonassis_1760927108635318,5
directory,geone_1768064154588280,,your_instagram_activity\messages\inbox\geone_1768064154588280,your_instagram_activity\messages\inbox,4
file,message_1.json,.json,your_instagram_activity\messages\inbox\geone_1768064154588280\message_1.json,your_instagram_activity\messages\inbox\geone_1768064154588280,5
directory,geovanacoelho_1728405738559425,,your_instagram_activity\messages\inbox\geovanacoelho_1728405738559425,your_instagram_activity\messages\inbox,4
file,message_1.json,.json,your_instagram_activity\messages\inbox\geovanacoelho_1728405738559425\message_1.json,your_instagram_activity\messages\inbox\geovanacoelho_1728405738559425,5
directory,geraldogarciadeandrade_754512702615744,,your_instagram_activity\messages\inbox\geraldogarciadeandrade_754512702615744,your_instagram_activity\messages\inbox,4
file,message_1.json,.json,your_instagram_activity\messages\inbox\geraldogarciadeandrade_754512702615744\message_1.json,your_instagram_activity\messages\inbox\geraldogarciadeandrade_754512702615744,5
directory,geraldorufino_1794069361987759,,your_instagram_activity\messages\inbox\geraldorufino_1794069361987759,your_instagram_activity\messages\inbox,4
file,message_1.json,.json,your_instagram_activity\messages\inbox\geraldorufino_1794069361987759\message_1.json,your_instagram_activity\messages\inbox\geraldorufino_1794069361987759,5
directory,geruzzamartinscruvinelcruvinel_1850516933017204,,your_instagram_activity\messages\inbox\geruzzamartinscruvinelcruvinel_1850516933017204,your_instagram_activity\messages\inbox,4
file,message_1.json,.json,your_instagram_activity\messages\inbox\geruzzamartinscruvinelcruvinel_1850516933017204\message_1.json,your_instagram_activity\messages\inbox\geruzzamartinscruvinelcruvinel_1850516933017204,5
directory,gicelirech_1779444313457982,,your_instagram_activity\messages\inbox\gicelirech_1779444313457982,your_instagram_activity\messages\inbox,4
file,message_1.json,.json,your_instagram_activity\messages\inbox\gicelirech_1779444313457982\message_1.json,your_instagram_activity\messages\inbox\gicelirech_1779444313457982,5
directory,gilmararech_1708978443830185,,your_instagram_activity\messages\inbox\gilmararech_1708978443830185,your_instagram_activity\messages\inbox,4
file,message_1.json,.json,your_instagram_activity\messages\inbox\gilmararech_1708978443830185\message_1.json,your_instagram_activity\messages\inbox\gilmararech_1708978443830185,5
directory,gisely_1799135471481148,,your_instagram_activity\messages\inbox\gisely_1799135471481148,your_instagram_activity\messages\inbox,4
file,message_1.json,.json,your_instagram_activity\messages\inbox\gisely_1799135471481148\message_1.json,your_instagram_activity\messages\inbox\gisely_1799135471481148,5
directory,giuliannacontefotografia_1769657524428943,,your_instagram_activity\messages\inbox\giuliannacontefotografia_1769657524428943,your_instagram_activity\messages\inbox,4
file,message_1.json,.json,your_instagram_activity\messages\inbox\giuliannacontefotografia_1769657524428943\message_1.json,your_instagram_activity\messages\inbox\giuliannacontefotografia_1769657524428943,5
directory,givaldosilva_1755654279162601,,your_instagram_activity\messages\inbox\givaldosilva_1755654279162601,your_instagram_activity\messages\inbox,4
file,message_1.json,.json,your_instagram_activity\messages\inbox\givaldosilva_1755654279162601\message_1.json,your_instagram_activity\messages\inbox\givaldosilva_1755654279162601,5
directory,glardislampert_1706175404110489,,your_instagram_activity\messages\inbox\glardislampert_1706175404110489,your_instagram_activity\messages\inbox,4
file,message_1.json,.json,your_instagram_activity\messages\inbox\glardislampert_1706175404110489\message_1.json,your_instagram_activity\messages\inbox\glardislampert_1706175404110489,5
directory,glendapontes_1196962805039794,,your_instagram_activity\messages\inbox\glendapontes_1196962805039794,your_instagram_activity\messages\inbox,4
file,message_1.json,.json,your_instagram_activity\messages\inbox\glendapontes_1196962805039794\message_1.json,your_instagram_activity\messages\inbox\glendapontes_1196962805039794,5
directory,gobahsolucoesemti_1243437827050918,,your_instagram_activity\messages\inbox\gobahsolucoesemti_1243437827050918,your_instagram_activity\messages\inbox,4
file,message_1.json,.json,your_instagram_activity\messages\inbox\gobahsolucoesemti_1243437827050918\message_1.json,your_instagram_activity\messages\inbox\gobahsolucoesemti_1243437827050918,5
directory,grasiele_1204905984237436,,your_instagram_activity\messages\inbox\grasiele_1204905984237436,your_instagram_activity\messages\inbox,4
file,message_1.json,.json,your_instagram_activity\messages\inbox\grasiele_1204905984237436\message_1.json,your_instagram_activity\messages\inbox\grasiele_1204905984237436,5
directory,grazielanogueiramachado_1757532075641488,,your_instagram_activity\messages\inbox\grazielanogueiramachado_1757532075641488,your_instagram_activity\messages\inbox,4
file,message_1.json,.json,your_instagram_activity\messages\inbox\grazielanogueiramachado_1757532075641488\message_1.json,your_instagram_activity\messages\inbox\grazielanogueiramachado_1757532075641488,5
directory,grazy_1769283501133012,,your_instagram_activity\messages\inbox\grazy_1769283501133012,your_instagram_activity\messages\inbox,4
file,message_1.json,.json,your_instagram_activity\messages\inbox\grazy_1769283501133012\message_1.json,your_instagram_activity\messages\inbox\grazy_1769283501133012,5
directory,greidianeliraacompanhamentovocal_546791070056143,,your_instagram_activity\messages\inbox\greidianeliraacompanhamentovocal_546791070056143,your_instagram_activity\messages\inbox,4
file,message_1.json,.json,your_instagram_activity\messages\inbox\greidianeliraacompanhamentovocal_546791070056143\message_1.json,your_instagram_activity\messages\inbox\greidianeliraacompanhamentovocal_546791070056143,5
directory,grupoacelerador_1681860489875314,,your_instagram_activity\messages\inbox\grupoacelerador_1681860489875314,your_instagram_activity\messages\inbox,4
file,message_1.json,.json,your_instagram_activity\messages\inbox\grupoacelerador_1681860489875314\message_1.json,your_instagram_activity\messages\inbox\grupoacelerador_1681860489875314,5
directory,grupocereal_562647081796666,,your_instagram_activity\messages\inbox\grupocereal_562647081796666,your_instagram_activity\messages\inbox,4
file,message_1.json,.json,your_instagram_activity\messages\inbox\grupocereal_562647081796666\message_1.json,your_instagram_activity\messages\inbox\grupocereal_562647081796666,5
directory,grupoconceito_1223575869037114,,your_instagram_activity\messages\inbox\grupoconceito_1223575869037114,your_instagram_activity\messages\inbox,4
file,message_1.json,.json,your_instagram_activity\messages\inbox\grupoconceito_1223575869037114\message_1.json,your_instagram_activity\messages\inbox\grupoconceito_1223575869037114,5
directory,grupoequatorial_1767512771310085,,your_instagram_activity\messages\inbox\grupoequatorial_1767512771310085,your_instagram_activity\messages\inbox,4
file,message_1.json,.json,your_instagram_activity\messages\inbox\grupoequatorial_1767512771310085\message_1.json,your_instagram_activity\messages\inbox\grupoequatorial_1767512771310085,5
directory,grupoquinelliseguroseconsorcios_1477164053678293,,your_instagram_activity\messages\inbox\grupoquinelliseguroseconsorcios_1477164053678293,your_instagram_activity\messages\inbox,4
file,message_1.json,.json,your_instagram_activity\messages\inbox\grupoquinelliseguroseconsorcios_1477164053678293\message_1.json,your_instagram_activity\messages\inbox\grupoquinelliseguroseconsorcios_1477164053678293,5
directory,gruposada_1774748557253173,,your_instagram_activity\messages\inbox\gruposada_1774748557253173,your_instagram_activity\messages\inbox,4
file,message_1.json,.json,your_instagram_activity\messages\inbox\gruposada_1774748557253173\message_1.json,your_instagram_activity\messages\inbox\gruposada_1774748557253173,5
directory,gruposocietyrevistaeventos_1695376051857091,,your_instagram_activity\messages\inbox\gruposocietyrevistaeventos_1695376051857091,your_instagram_activity\messages\inbox,4
file,message_1.json,.json,your_instagram_activity\messages\inbox\gruposocietyrevistaeventos_1695376051857091\message_1.json,your_instagram_activity\messages\inbox\gruposocietyrevistaeventos_1695376051857091,5
directory,guilhermesilvapsicologoclinicoperitopsicossocial_1968942037833823,,your_instagram_activity\messages\inbox\guilhermesilvapsicologoclinicoperitopsicossocial_1968942037833823,your_instagram_activity\messages\inbox,4
file,message_1.json,.json,your_instagram_activity\messages\inbox\guilhermesilvapsicologoclinicoperitopsicossocial_1968942037833823\message_1.json,your_instagram_activity\messages\inbox\guilhermesilvapsicologoclinicoperitopsicossocial_1968942037833823,5
directory,gustavolacerda_311060573968974,,your_instagram_activity\messages\inbox\gustavolacerda_311060573968974,your_instagram_activity\messages\inbox,4
file,message_1.json,.json,your_instagram_activity\messages\inbox\gustavolacerda_311060573968974\message_1.json,your_instagram_activity\messages\inbox\gustavolacerda_311060573968974,5
directory,photos,,your_instagram_activity\messages\inbox\gustavolacerda_311060573968974\photos,your_instagram_activity\messages\inbox\gustavolacerda_311060573968974,5
file,1434602498348967.jpg,.jpg,your_instagram_activity\messages\inbox\gustavolacerda_311060573968974\photos\1434602498348967.jpg,your_instagram_activity\messages\inbox\gustavolacerda_311060573968974\photos,6
file,2024645344813430.jpg,.jpg,your_instagram_activity\messages\inbox\gustavolacerda_311060573968974\photos\2024645344813430.jpg,your_instagram_activity\messages\inbox\gustavolacerda_311060573968974\photos,6
directory,gustavopignattidonascimento_567144171346957,,your_instagram_activity\messages\inbox\gustavopignattidonascimento_567144171346957,your_instagram_activity\messages\inbox,4
file,message_1.json,.json,your_instagram_activity\messages\inbox\gustavopignattidonascimento_567144171346957\message_1.json,your_instagram_activity\messages\inbox\gustavopignattidonascimento_567144171346957,5
directory,haihanipassosliderancagestaoeinovacao_1926088632119164,,your_instagram_activity\messages\inbox\haihanipassosliderancagestaoeinovacao_1926088632119164,your_instagram_activity\messages\inbox,4
file,message_1.json,.json,your_instagram_activity\messages\inbox\haihanipassosliderancagestaoeinovacao_1926088632119164\message_1.json,your_instagram_activity\messages\inbox\haihanipassosliderancagestaoeinovacao_1926088632119164,5
directory,heitorcarrijo_1478713266856705,,your_instagram_activity\messages\inbox\heitorcarrijo_1478713266856705,your_instagram_activity\messages\inbox,4
file,message_1.json,.json,your_instagram_activity\messages\inbox\heitorcarrijo_1478713266856705\message_1.json,your_instagram_activity\messages\inbox\heitorcarrijo_1478713266856705,5
directory,heloferraz_891678382226866,,your_instagram_activity\messages\inbox\heloferraz_891678382226866,your_instagram_activity\messages\inbox,4
file,message_1.json,.json,your_instagram_activity\messages\inbox\heloferraz_891678382226866\message_1.json,your_instagram_activity\messages\inbox\heloferraz_891678382226866,5
directory,heloferrazpratasespecialistaempratadesde2009_887184909342880,,your_instagram_activity\messages\inbox\heloferrazpratasespecialistaempratadesde2009_887184909342880,your_instagram_activity\messages\inbox,4
file,message_1.json,.json,your_instagram_activity\messages\inbox\heloferrazpratasespecialistaempratadesde2009_887184909342880\message_1.json,your_instagram_activity\messages\inbox\heloferrazpratasespecialistaempratadesde2009_887184909342880,5
directory,higoroliveira_1760873541974008,,your_instagram_activity\messages\inbox\higoroliveira_1760873541974008,your_instagram_activity\messages\inbox,4
file,message_1.json,.json,your_instagram_activity\messages\inbox\higoroliveira_1760873541974008\message_1.json,your_instagram_activity\messages\inbox\higoroliveira_1760873541974008,5
directory,howardfrederic_1283948902999810,,your_instagram_activity\messages\inbox\howardfrederic_1283948902999810,your_instagram_activity\messages\inbox,4
file,message_1.json,.json,your_instagram_activity\messages\inbox\howardfrederic_1283948902999810\message_1.json,your_instagram_activity\messages\inbox\howardfrederic_1283948902999810,5
directory,hubrioverde_1833383251389703,,your_instagram_activity\messages\inbox\hubrioverde_1833383251389703,your_instagram_activity\messages\inbox,4
file,message_1.json,.json,your_instagram_activity\messages\inbox\hubrioverde_1833383251389703\message_1.json,your_instagram_activity\messages\inbox\hubrioverde_1833383251389703,5
directory,hugoataidecfprassessordeinvestimentos_604300980571540,,your_instagram_activity\messages\inbox\hugoataidecfprassessordeinvestimentos_604300980571540,your_instagram_activity\messages\inbox,4
file,message_1.json,.json,your_instagram_activity\messages\inbox\hugoataidecfprassessordeinvestimentos_604300980571540\message_1.json,your_instagram_activity\messages\inbox\hugoataidecfprassessordeinvestimentos_604300980571540,5
directory,hugoborges_1899303191464375,,your_instagram_activity\messages\inbox\hugoborges_1899303191464375,your_instagram_activity\messages\inbox,4
file,message_1.json,.json,your_instagram_activity\messages\inbox\hugoborges_1899303191464375\message_1.json,your_instagram_activity\messages\inbox\hugoborges_1899303191464375,5
directory,humanouscorporative_1900896454638382,,your_instagram_activity\messages\inbox\humanouscorporative_1900896454638382,your_instagram_activity\messages\inbox,4
file,message_1.json,.json,your_instagram_activity\messages\inbox\humanouscorporative_1900896454638382\message_1.json,your_instagram_activity\messages\inbox\humanouscorporative_1900896454638382,5
directory,i9agencymarketingrioverdego_1704513914276638,,your_instagram_activity\messages\inbox\i9agencymarketingrioverdego_1704513914276638,your_instagram_activity\messages\inbox,4
file,message_1.json,.json,your_instagram_activity\messages\inbox\i9agencymarketingrioverdego_1704513914276638\message_1.json,your_instagram_activity\messages\inbox\i9agencymarketingrioverdego_1704513914276638,5
directory,ianewsrmidiaianegocios_1856236319104396,,your_instagram_activity\messages\inbox\ianewsrmidiaianegocios_1856236319104396,your_instagram_activity\messages\inbox,4
file,message_1.json,.json,your_instagram_activity\messages\inbox\ianewsrmidiaianegocios_1856236319104396\message_1.json,your_instagram_activity\messages\inbox\ianewsrmidiaianegocios_1856236319104396,5
directory,ibrascigo_1681322553262441,,your_instagram_activity\messages\inbox\ibrascigo_1681322553262441,your_instagram_activity\messages\inbox,4
file,message_1.json,.json,your_instagram_activity\messages\inbox\ibrascigo_1681322553262441\message_1.json,your_instagram_activity\messages\inbox\ibrascigo_1681322553262441,5
directory,idelsonmendesvereadorrioverde_1708609957200367,,your_instagram_activity\messages\inbox\idelsonmendesvereadorrioverde_1708609957200367,your_instagram_activity\messages\inbox,4
file,message_1.json,.json,your_instagram_activity\messages\inbox\idelsonmendesvereadorrioverde_1708609957200367\message_1.json,your_instagram_activity\messages\inbox\idelsonmendesvereadorrioverde_1708609957200367,5
directory,idtaggcartaointeligente_1800926804635348,,your_instagram_activity\messages\inbox\idtaggcartaointeligente_1800926804635348,your_instagram_activity\messages\inbox,4
file,message_1.json,.json,your_instagram_activity\messages\inbox\idtaggcartaointeligente_1800926804635348\message_1.json,your_instagram_activity\messages\inbox\idtaggcartaointeligente_1800926804635348,5
directory,ielgoiasestagios_1800650194663009,,your_instagram_activity\messages\inbox\ielgoiasestagios_1800650194663009,your_instagram_activity\messages\inbox,4
file,message_1.json,.json,your_instagram_activity\messages\inbox\ielgoiasestagios_1800650194663009\message_1.json,your_instagram_activity\messages\inbox\ielgoiasestagios_1800650194663009,5
directory,ielgoinstitutoeuvaldolodi_1815164603222335,,your_instagram_activity\messages\inbox\ielgoinstitutoeuvaldolodi_1815164603222335,your_instagram_activity\messages\inbox,4
file,message_1.json,.json,your_instagram_activity\messages\inbox\ielgoinstitutoeuvaldolodi_1815164603222335\message_1.json,your_instagram_activity\messages\inbox\ielgoinstitutoeuvaldolodi_1815164603222335,5
directory,ifgoianorioverde_1207853627276005,,your_instagram_activity\messages\inbox\ifgoianorioverde_1207853627276005,your_instagram_activity\messages\inbox,4
file,message_1.json,.json,your_instagram_activity\messages\inbox\ifgoianorioverde_1207853627276005\message_1.json,your_instagram_activity\messages\inbox\ifgoianorioverde_1207853627276005,5
directory,igorefilipe_1768870164507679,,your_instagram_activity\messages\inbox\igorefilipe_1768870164507679,your_instagram_activity\messages\inbox,4
file,message_1.json,.json,your_instagram_activity\messages\inbox\igorefilipe_1768870164507679\message_1.json,your_instagram_activity\messages\inbox\igorefilipe_1768870164507679,5
directory,imperiotintas_1700413904686639,,your_instagram_activity\messages\inbox\imperiotintas_1700413904686639,your_instagram_activity\messages\inbox,4
file,message_1.json,.json,your_instagram_activity\messages\inbox\imperiotintas_1700413904686639\message_1.json,your_instagram_activity\messages\inbox\imperiotintas_1700413904686639,5
directory,inovarioverde_1732064401521589,,your_instagram_activity\messages\inbox\inovarioverde_1732064401521589,your_instagram_activity\messages\inbox,4
file,message_1.json,.json,your_instagram_activity\messages\inbox\inovarioverde_1732064401521589\message_1.json,your_instagram_activity\messages\inbox\inovarioverde_1732064401521589,5
directory,inpasabrasil_1788987405829288,,your_instagram_activity\messages\inbox\inpasabrasil_1788987405829288,your_instagram_activity\messages\inbox,4
file,message_1.json,.json,your_instagram_activity\messages\inbox\inpasabrasil_1788987405829288\message_1.json,your_instagram_activity\messages\inbox\inpasabrasil_1788987405829288,5
directory,inpasabrasil_1822006465860715,,your_instagram_activity\messages\inbox\inpasabrasil_1822006465860715,your_instagram_activity\messages\inbox,4
file,message_1.json,.json,your_instagram_activity\messages\inbox\inpasabrasil_1822006465860715\message_1.json,your_instagram_activity\messages\inbox\inpasabrasil_1822006465860715,5
directory,institutoveras_1931845988210095,,your_instagram_activity\messages\inbox\institutoveras_1931845988210095,your_instagram_activity\messages\inbox,4
file,message_1.json,.json,your_instagram_activity\messages\inbox\institutoveras_1931845988210095\message_1.json,your_instagram_activity\messages\inbox\institutoveras_1931845988210095,5
directory,institutovoce_1784670152927680,,your_instagram_activity\messages\inbox\institutovoce_1784670152927680,your_instagram_activity\messages\inbox,4
file,message_1.json,.json,your_instagram_activity\messages\inbox\institutovoce_1784670152927680\message_1.json,your_instagram_activity\messages\inbox\institutovoce_1784670152927680,5
directory,institutovocegoias_985153452881615,,your_instagram_activity\messages\inbox\institutovocegoias_985153452881615,your_instagram_activity\messages\inbox,4
file,message_1.json,.json,your_instagram_activity\messages\inbox\institutovocegoias_985153452881615\message_1.json,your_instagram_activity\messages\inbox\institutovocegoias_985153452881615,5
directory,intensiva_1773204674077251,,your_instagram_activity\messages\inbox\intensiva_1773204674077251,your_instagram_activity\messages\inbox,4
file,message_1.json,.json,your_instagram_activity\messages\inbox\intensiva_1773204674077251\message_1.json,your_instagram_activity\messages\inbox\intensiva_1773204674077251,5
directory,irenelimavilela_923606372367400,,your_instagram_activity\messages\inbox\irenelimavilela_923606372367400,your_instagram_activity\messages\inbox,4
file,message_1.json,.json,your_instagram_activity\messages\inbox\irenelimavilela_923606372367400\message_1.json,your_instagram_activity\messages\inbox\irenelimavilela_923606372367400,5
directory,ivanbrucceli_950627929665244,,your_instagram_activity\messages\inbox\ivanbrucceli_950627929665244,your_instagram_activity\messages\inbox,4
file,message_1.json,.json,your_instagram_activity\messages\inbox\ivanbrucceli_950627929665244\message_1.json,your_instagram_activity\messages\inbox\ivanbrucceli_950627929665244,5
directory,ivomarquesdemoraesjunior_450648049663237,,your_instagram_activity\messages\inbox\ivomarquesdemoraesjunior_450648049663237,your_instagram_activity\messages\inbox,4
file,message_1.json,.json,your_instagram_activity\messages\inbox\ivomarquesdemoraesjunior_450648049663237\message_1.json,your_instagram_activity\messages\inbox\ivomarquesdemoraesjunior_450648049663237,5
directory,ivonevieiratributaristadoutoraemcontabilidade_1919952999399394,,your_instagram_activity\messages\inbox\ivonevieiratributaristadoutoraemcontabilidade_1919952999399394,your_instagram_activity\messages\inbox,4
file,message_1.json,.json,your_instagram_activity\messages\inbox\ivonevieiratributaristadoutoraemcontabilidade_1919952999399394\message_1.json,your_instagram_activity\messages\inbox\ivonevieiratributaristadoutoraemcontabilidade_1919952999399394,5
directory,jackcelygouveiaconselheiraestrategicaareapessoas_555155635879144,,your_instagram_activity\messages\inbox\jackcelygouveiaconselheiraestrategicaareapessoas_555155635879144,your_instagram_activity\messages\inbox,4
file,message_1.json,.json,your_instagram_activity\messages\inbox\jackcelygouveiaconselheiraestrategicaareapessoas_555155635879144\message_1.json,your_instagram_activity\messages\inbox\jackcelygouveiaconselheiraestrategicaareapessoas_555155635879144,5
directory,jacobestevamlara_1786192012775494,,your_instagram_activity\messages\inbox\jacobestevamlara_1786192012775494,your_instagram_activity\messages\inbox,4
file,message_1.json,.json,your_instagram_activity\messages\inbox\jacobestevamlara_1786192012775494\message_1.json,your_instagram_activity\messages\inbox\jacobestevamlara_1786192012775494,5
directory,jadyfischer_1798874431507252,,your_instagram_activity\messages\inbox\jadyfischer_1798874431507252,your_instagram_activity\messages\inbox,4
file,message_1.json,.json,your_instagram_activity\messages\inbox\jadyfischer_1798874431507252\message_1.json,your_instagram_activity\messages\inbox\jadyfischer_1798874431507252,5
directory,jakellynearaujogestaodeprocessoseresultados_1705737427487620,,your_instagram_activity\messages\inbox\jakellynearaujogestaodeprocessoseresultados_1705737427487620,your_instagram_activity\messages\inbox,4
file,message_1.json,.json,your_instagram_activity\messages\inbox\jakellynearaujogestaodeprocessoseresultados_1705737427487620\message_1.json,your_instagram_activity\messages\inbox\jakellynearaujogestaodeprocessoseresultados_1705737427487620,5
directory,jakyoficial_1708656540529042,,your_instagram_activity\messages\inbox\jakyoficial_1708656540529042,your_instagram_activity\messages\inbox,4
file,message_1.json,.json,your_instagram_activity\messages\inbox\jakyoficial_1708656540529042\message_1.json,your_instagram_activity\messages\inbox\jakyoficial_1708656540529042,5
directory,jamilleradiestesistaterapeuticareikiana_555582075845403,,your_instagram_activity\messages\inbox\jamilleradiestesistaterapeuticareikiana_555582075845403,your_instagram_activity\messages\inbox,4
file,message_1.json,.json,your_instagram_activity\messages\inbox\jamilleradiestesistaterapeuticareikiana_555582075845403\message_1.json,your_instagram_activity\messages\inbox\jamilleradiestesistaterapeuticareikiana_555582075845403,5
directory,janainerodrigues_1857851792276182,,your_instagram_activity\messages\inbox\janainerodrigues_1857851792276182,your_instagram_activity\messages\inbox,4
file,message_1.json,.json,your_instagram_activity\messages\inbox\janainerodrigues_1857851792276182\message_1.json,your_instagram_activity\messages\inbox\janainerodrigues_1857851792276182,5
directory,janainnecalixtomacedoguimaraes_816577395697167,,your_instagram_activity\messages\inbox\janainnecalixtomacedoguimaraes_816577395697167,your_instagram_activity\messages\inbox,4
file,message_1.json,.json,your_instagram_activity\messages\inbox\janainnecalixtomacedoguimaraes_816577395697167\message_1.json,your_instagram_activity\messages\inbox\janainnecalixtomacedoguimaraes_816577395697167,5
directory,jandercamilo_1681827343220861,,your_instagram_activity\messages\inbox\jandercamilo_1681827343220861,your_instagram_activity\messages\inbox,4
file,message_1.json,.json,your_instagram_activity\messages\inbox\jandercamilo_1681827343220861\message_1.json,your_instagram_activity\messages\inbox\jandercamilo_1681827343220861,5
directory,jaquelinepaiva_1331363584990492,,your_instagram_activity\messages\inbox\jaquelinepaiva_1331363584990492,your_instagram_activity\messages\inbox,4
file,message_1.json,.json,your_instagram_activity\messages\inbox\jaquelinepaiva_1331363584990492\message_1.json,your_instagram_activity\messages\inbox\jaquelinepaiva_1331363584990492,5
directory,jefersonprosperocomercialtvanhanguera_1349222939805739,,your_instagram_activity\messages\inbox\jefersonprosperocomercialtvanhanguera_1349222939805739,your_instagram_activity\messages\inbox,4
file,message_1.json,.json,your_instagram_activity\messages\inbox\jefersonprosperocomercialtvanhanguera_1349222939805739\message_1.json,your_instagram_activity\messages\inbox\jefersonprosperocomercialtvanhanguera_1349222939805739,5
directory,jeffersonlimonge_570347097693331,,your_instagram_activity\messages\inbox\jeffersonlimonge_570347097693331,your_instagram_activity\messages\inbox,4
file,message_1.json,.json,your_instagram_activity\messages\inbox\jeffersonlimonge_570347097693331\message_1.json,your_instagram_activity\messages\inbox\jeffersonlimonge_570347097693331,5
directory,jeomaqimplementosagricola_1735982721129757,,your_instagram_activity\messages\inbox\jeomaqimplementosagricola_1735982721129757,your_instagram_activity\messages\inbox,4
file,message_1.json,.json,your_instagram_activity\messages\inbox\jeomaqimplementosagricola_1735982721129757\message_1.json,your_instagram_activity\messages\inbox\jeomaqimplementosagricola_1735982721129757,5
directory,jessicajuliana_1756452505749445,,your_instagram_activity\messages\inbox\jessicajuliana_1756452505749445,your_instagram_activity\messages\inbox,4
file,message_1.json,.json,your_instagram_activity\messages\inbox\jessicajuliana_1756452505749445\message_1.json,your_instagram_activity\messages\inbox\jessicajuliana_1756452505749445,5
directory,jessicatupper_1714980643229965,,your_instagram_activity\messages\inbox\jessicatupper_1714980643229965,your_instagram_activity\messages\inbox,4
file,message_1.json,.json,your_instagram_activity\messages\inbox\jessicatupper_1714980643229965\message_1.json,your_instagram_activity\messages\inbox\jessicatupper_1714980643229965,5
directory,jessikaandrade_1370730080988358,,your_instagram_activity\messages\inbox\jessikaandrade_1370730080988358,your_instagram_activity\messages\inbox,4
file,message_1.json,.json,your_instagram_activity\messages\inbox\jessikaandrade_1370730080988358\message_1.json,your_instagram_activity\messages\inbox\jessikaandrade_1370730080988358,5
directory,jessikaleaonutricionistasaudedamulher_1433880804829008,,your_instagram_activity\messages\inbox\jessikaleaonutricionistasaudedamulher_1433880804829008,your_instagram_activity\messages\inbox,4
file,message_1.json,.json,your_instagram_activity\messages\inbox\jessikaleaonutricionistasaudedamulher_1433880804829008\message_1.json,your_instagram_activity\messages\inbox\jessikaleaonutricionistasaudedamulher_1433880804829008,5
directory,jgimpressoes3d_814680733259965,,your_instagram_activity\messages\inbox\jgimpressoes3d_814680733259965,your_instagram_activity\messages\inbox,4
file,message_1.json,.json,your_instagram_activity\messages\inbox\jgimpressoes3d_814680733259965\message_1.json,your_instagram_activity\messages\inbox\jgimpressoes3d_814680733259965,5
directory,jhonykalleb_1768046404590055,,your_instagram_activity\messages\inbox\jhonykalleb_1768046404590055,your_instagram_activity\messages\inbox,4
file,message_1.json,.json,your_instagram_activity\messages\inbox\jhonykalleb_1768046404590055\message_1.json,your_instagram_activity\messages\inbox\jhonykalleb_1768046404590055,5
directory,jmexcursoeseturismoviagem_1811445170250178,,your_instagram_activity\messages\inbox\jmexcursoeseturismoviagem_1811445170250178,your_instagram_activity\messages\inbox,4
file,message_1.json,.json,your_instagram_activity\messages\inbox\jmexcursoeseturismoviagem_1811445170250178\message_1.json,your_instagram_activity\messages\inbox\jmexcursoeseturismoviagem_1811445170250178,5
directory,joaofelicio_1780736633321032,,your_instagram_activity\messages\inbox\joaofelicio_1780736633321032,your_instagram_activity\messages\inbox,4
file,message_1.json,.json,your_instagram_activity\messages\inbox\joaofelicio_1780736633321032\message_1.json,your_instagram_activity\messages\inbox\joaofelicio_1780736633321032,5
directory,joaomichalczyk_1699712218090141,,your_instagram_activity\messages\inbox\joaomichalczyk_1699712218090141,your_instagram_activity\messages\inbox,4
file,message_1.json,.json,your_instagram_activity\messages\inbox\joaomichalczyk_1699712218090141\message_1.json,your_instagram_activity\messages\inbox\joaomichalczyk_1699712218090141,5
directory,joaoneto_1656882629039767,,your_instagram_activity\messages\inbox\joaoneto_1656882629039767,your_instagram_activity\messages\inbox,4
file,message_1.json,.json,your_instagram_activity\messages\inbox\joaoneto_1656882629039767\message_1.json,your_instagram_activity\messages\inbox\joaoneto_1656882629039767,5
directory,joaopaulofarias_1768504051210957,,your_instagram_activity\messages\inbox\joaopaulofarias_1768504051210957,your_instagram_activity\messages\inbox,4
file,message_1.json,.json,your_instagram_activity\messages\inbox\joaopaulofarias_1768504051210957\message_1.json,your_instagram_activity\messages\inbox\joaopaulofarias_1768504051210957,5
directory,joaovitorramada_1885345122860182,,your_instagram_activity\messages\inbox\joaovitorramada_1885345122860182,your_instagram_activity\messages\inbox,4
file,message_1.json,.json,your_instagram_activity\messages\inbox\joaovitorramada_1885345122860182\message_1.json,your_instagram_activity\messages\inbox\joaovitorramada_1885345122860182,5
directory,jocastaimoveis_1779838723410823,,your_instagram_activity\messages\inbox\jocastaimoveis_1779838723410823,your_instagram_activity\messages\inbox,4
file,message_1.json,.json,your_instagram_activity\messages\inbox\jocastaimoveis_1779838723410823\message_1.json,your_instagram_activity\messages\inbox\jocastaimoveis_1779838723410823,5
directory,johnyrocha_1745137323555415,,your_instagram_activity\messages\inbox\johnyrocha_1745137323555415,your_instagram_activity\messages\inbox,4
file,message_1.json,.json,your_instagram_activity\messages\inbox\johnyrocha_1745137323555415\message_1.json,your_instagram_activity\messages\inbox\johnyrocha_1745137323555415,5
directory,joissecosta_1768988704495825,,your_instagram_activity\messages\inbox\joissecosta_1768988704495825,your_instagram_activity\messages\inbox,4
file,message_1.json,.json,your_instagram_activity\messages\inbox\joissecosta_1768988704495825\message_1.json,your_instagram_activity\messages\inbox\joissecosta_1768988704495825,5
directory,jon_1763397591721603,,your_instagram_activity\messages\inbox\jon_1763397591721603,your_instagram_activity\messages\inbox,4
file,message_1.json,.json,your_instagram_activity\messages\inbox\jon_1763397591721603\message_1.json,your_instagram_activity\messages\inbox\jon_1763397591721603,5
directory,jonatanneves_1729680635093299,,your_instagram_activity\messages\inbox\jonatanneves_1729680635093299,your_instagram_activity\messages\inbox,4
file,message_1.json,.json,your_instagram_activity\messages\inbox\jonatanneves_1729680635093299\message_1.json,your_instagram_activity\messages\inbox\jonatanneves_1729680635093299,5
directory,jornalsomos_556697512391623,,your_instagram_activity\messages\inbox\jornalsomos_556697512391623,your_instagram_activity\messages\inbox,4
file,message_1.json,.json,your_instagram_activity\messages\inbox\jornalsomos_556697512391623\message_1.json,your_instagram_activity\messages\inbox\jornalsomos_556697512391623,5
directory,jornalsudoeste_1457176012343764,,your_instagram_activity\messages\inbox\jornalsudoeste_1457176012343764,your_instagram_activity\messages\inbox,4
file,message_1.json,.json,your_instagram_activity\messages\inbox\jornalsudoeste_1457176012343764\message_1.json,your_instagram_activity\messages\inbox\jornalsudoeste_1457176012343764,5
directory,josefleurydacostamendes_1801007101293985,,your_instagram_activity\messages\inbox\josefleurydacostamendes_1801007101293985,your_instagram_activity\messages\inbox,4
file,message_1.json,.json,your_instagram_activity\messages\inbox\josefleurydacostamendes_1801007101293985\message_1.json,your_instagram_activity\messages\inbox\josefleurydacostamendes_1801007101293985,5
directory,joseneto_1762494498478579,,your_instagram_activity\messages\inbox\joseneto_1762494498478579,your_instagram_activity\messages\inbox,4
file,message_1.json,.json,your_instagram_activity\messages\inbox\joseneto_1762494498478579\message_1.json,your_instagram_activity\messages\inbox\joseneto_1762494498478579,5
directory,josianearantesautoconhecimento_814777343250304,,your_instagram_activity\messages\inbox\josianearantesautoconhecimento_814777343250304,your_instagram_activity\messages\inbox,4
file,message_1.json,.json,your_instagram_activity\messages\inbox\josianearantesautoconhecimento_814777343250304\message_1.json,your_instagram_activity\messages\inbox\josianearantesautoconhecimento_814777343250304,5
directory,jozidellascabeloepele_1758904598837569,,your_instagram_activity\messages\inbox\jozidellascabeloepele_1758904598837569,your_instagram_activity\messages\inbox,4
file,message_1.json,.json,your_instagram_activity\messages\inbox\jozidellascabeloepele_1758904598837569\message_1.json,your_instagram_activity\messages\inbox\jozidellascabeloepele_1758904598837569,5
directory,jpassessoriacontabil_1625347312193299,,your_instagram_activity\messages\inbox\jpassessoriacontabil_1625347312193299,your_instagram_activity\messages\inbox,4
file,message_1.json,.json,your_instagram_activity\messages\inbox\jpassessoriacontabil_1625347312193299\message_1.json,your_instagram_activity\messages\inbox\jpassessoriacontabil_1625347312193299,5
directory,juarantes_1264694291595023,,your_instagram_activity\messages\inbox\juarantes_1264694291595023,your_instagram_activity\messages\inbox,4
file,message_1.json,.json,your_instagram_activity\messages\inbox\juarantes_1264694291595023\message_1.json,your_instagram_activity\messages\inbox\juarantes_1264694291595023,5
directory,jubellejoias_1999971201400860,,your_instagram_activity\messages\inbox\jubellejoias_1999971201400860,your_instagram_activity\messages\inbox,4
file,message_1.json,.json,your_instagram_activity\messages\inbox\jubellejoias_1999971201400860\message_1.json,your_instagram_activity\messages\inbox\jubellejoias_1999971201400860,5
directory,jucileiagarcia_1860580835336611,,your_instagram_activity\messages\inbox\jucileiagarcia_1860580835336611,your_instagram_activity\messages\inbox,4
file,message_1.json,.json,your_instagram_activity\messages\inbox\jucileiagarcia_1860580835336611\message_1.json,your_instagram_activity\messages\inbox\jucileiagarcia_1860580835336611,5
directory,juiracarvalho_1956074442453916,,your_instagram_activity\messages\inbox\juiracarvalho_1956074442453916,your_instagram_activity\messages\inbox,4
file,message_1.json,.json,your_instagram_activity\messages\inbox\juiracarvalho_1956074442453916\message_1.json,your_instagram_activity\messages\inbox\juiracarvalho_1956074442453916,5
directory,jujugourmetdamarllagelateriagourmetrioverdegoias_1936694941058533,,your_instagram_activity\messages\inbox\jujugourmetdamarllagelateriagourmetrioverdegoias_1936694941058533,your_instagram_activity\messages\inbox,4
file,message_1.json,.json,your_instagram_activity\messages\inbox\jujugourmetdamarllagelateriagourmetrioverdegoias_1936694941058533\message_1.json,your_instagram_activity\messages\inbox\jujugourmetdamarllagelateriagourmetrioverdegoias_1936694941058533,5
directory,juliamattosgondimebeling_1795159708545391,,your_instagram_activity\messages\inbox\juliamattosgondimebeling_1795159708545391,your_instagram_activity\messages\inbox,4
file,message_1.json,.json,your_instagram_activity\messages\inbox\juliamattosgondimebeling_1795159708545391\message_1.json,your_instagram_activity\messages\inbox\juliamattosgondimebeling_1795159708545391,5
directory,julianacampeiro_1523176329077065,,your_instagram_activity\messages\inbox\julianacampeiro_1523176329077065,your_instagram_activity\messages\inbox,4
file,message_1.json,.json,your_instagram_activity\messages\inbox\julianacampeiro_1523176329077065\message_1.json,your_instagram_activity\messages\inbox\julianacampeiro_1523176329077065,5
directory,julianatdpereira_1795153081879387,,your_instagram_activity\messages\inbox\julianatdpereira_1795153081879387,your_instagram_activity\messages\inbox,4
file,message_1.json,.json,your_instagram_activity\messages\inbox\julianatdpereira_1795153081879387\message_1.json,your_instagram_activity\messages\inbox\julianatdpereira_1795153081879387,5
directory,julianobueno_1753674056027290,,your_instagram_activity\messages\inbox\julianobueno_1753674056027290,your_instagram_activity\messages\inbox,4
file,message_1.json,.json,your_instagram_activity\messages\inbox\julianobueno_1753674056027290\message_1.json,your_instagram_activity\messages\inbox\julianobueno_1753674056027290,5
directory,juliaqueiroz_1476226777105354,,your_instagram_activity\messages\inbox\juliaqueiroz_1476226777105354,your_instagram_activity\messages\inbox,4
file,message_1.json,.json,your_instagram_activity\messages\inbox\juliaqueiroz_1476226777105354\message_1.json,your_instagram_activity\messages\inbox\juliaqueiroz_1476226777105354,5
directory,juliocarmoianexusgoai_1821125522615476,,your_instagram_activity\messages\inbox\juliocarmoianexusgoai_1821125522615476,your_instagram_activity\messages\inbox,4
file,message_1.json,.json,your_instagram_activity\messages\inbox\juliocarmoianexusgoai_1821125522615476\message_1.json,your_instagram_activity\messages\inbox\juliocarmoianexusgoai_1821125522615476,5
directory,juliocfrancafranco_908756193862494,,your_instagram_activity\messages\inbox\juliocfrancafranco_908756193862494,your_instagram_activity\messages\inbox,4
file,message_1.json,.json,your_instagram_activity\messages\inbox\juliocfrancafranco_908756193862494\message_1.json,your_instagram_activity\messages\inbox\juliocfrancafranco_908756193862494,5
directory,julioengmec_1799957271398968,,your_instagram_activity\messages\inbox\julioengmec_1799957271398968,your_instagram_activity\messages\inbox,4
file,message_1.json,.json,your_instagram_activity\messages\inbox\julioengmec_1799957271398968\message_1.json,your_instagram_activity\messages\inbox\julioengmec_1799957271398968,5
directory,juliojoaomarquesdeoliveira_1830994301628598,,your_instagram_activity\messages\inbox\juliojoaomarquesdeoliveira_1830994301628598,your_instagram_activity\messages\inbox,4
file,message_1.json,.json,your_instagram_activity\messages\inbox\juliojoaomarquesdeoliveira_1830994301628598\message_1.json,your_instagram_activity\messages\inbox\juliojoaomarquesdeoliveira_1830994301628598,5
directory,juniorcosta_937002754361095,,your_instagram_activity\messages\inbox\juniorcosta_937002754361095,your_instagram_activity\messages\inbox,4
file,message_1.json,.json,your_instagram_activity\messages\inbox\juniorcosta_937002754361095\message_1.json,your_instagram_activity\messages\inbox\juniorcosta_937002754361095,5
directory,juniorpimenta_1786224379438924,,your_instagram_activity\messages\inbox\juniorpimenta_1786224379438924,your_instagram_activity\messages\inbox,4
file,message_1.json,.json,your_instagram_activity\messages\inbox\juniorpimenta_1786224379438924\message_1.json,your_instagram_activity\messages\inbox\juniorpimenta_1786224379438924,5
directory,jusinei_1754730299254999,,your_instagram_activity\messages\inbox\jusinei_1754730299254999,your_instagram_activity\messages\inbox,4
file,message_1.json,.json,your_instagram_activity\messages\inbox\jusinei_1754730299254999\message_1.json,your_instagram_activity\messages\inbox\jusinei_1754730299254999,5
directory,kallebemoura_1795361601858535,,your_instagram_activity\messages\inbox\kallebemoura_1795361601858535,your_instagram_activity\messages\inbox,4
file,message_1.json,.json,your_instagram_activity\messages\inbox\kallebemoura_1795361601858535\message_1.json,your_instagram_activity\messages\inbox\kallebemoura_1795361601858535,5
directory,kamelia_1667823527945677,,your_instagram_activity\messages\inbox\kamelia_1667823527945677,your_instagram_activity\messages\inbox,4
file,message_1.json,.json,your_instagram_activity\messages\inbox\kamelia_1667823527945677\message_1.json,your_instagram_activity\messages\inbox\kamelia_1667823527945677,5
directory,karenmachado_1757532078974821,,your_instagram_activity\messages\inbox\karenmachado_1757532078974821,your_instagram_activity\messages\inbox,4
file,message_1.json,.json,your_instagram_activity\messages\inbox\karenmachado_1757532078974821\message_1.json,your_instagram_activity\messages\inbox\karenmachado_1757532078974821,5
directory,karinacarvalho_1713908496675677,,your_instagram_activity\messages\inbox\karinacarvalho_1713908496675677,your_instagram_activity\messages\inbox,4
file,message_1.json,.json,your_instagram_activity\messages\inbox\karinacarvalho_1713908496675677\message_1.json,your_instagram_activity\messages\inbox\karinacarvalho_1713908496675677,5
directory,karinalimapontes_1774422847285744,,your_instagram_activity\messages\inbox\karinalimapontes_1774422847285744,your_instagram_activity\messages\inbox,4
file,message_1.json,.json,your_instagram_activity\messages\inbox\karinalimapontes_1774422847285744\message_1.json,your_instagram_activity\messages\inbox\karinalimapontes_1774422847285744,5
directory,karineinsuela_1837805574281312,,your_instagram_activity\messages\inbox\karineinsuela_1837805574281312,your_instagram_activity\messages\inbox,4
file,message_1.json,.json,your_instagram_activity\messages\inbox\karineinsuela_1837805574281312\message_1.json,your_instagram_activity\messages\inbox\karineinsuela_1837805574281312,5
directory,karlarosaataides_1067367690438468,,your_instagram_activity\messages\inbox\karlarosaataides_1067367690438468,your_instagram_activity\messages\inbox,4
file,message_1.json,.json,your_instagram_activity\messages\inbox\karlarosaataides_1067367690438468\message_1.json,your_instagram_activity\messages\inbox\karlarosaataides_1067367690438468,5
directory,karloscabral_531060651621976,,your_instagram_activity\messages\inbox\karloscabral_531060651621976,your_instagram_activity\messages\inbox,4
file,message_1.json,.json,your_instagram_activity\messages\inbox\karloscabral_531060651621976\message_1.json,your_instagram_activity\messages\inbox\karloscabral_531060651621976,5
directory,karolainyalvescorretoradeimoveis_1124605895600779,,your_instagram_activity\messages\inbox\karolainyalvescorretoradeimoveis_1124605895600779,your_instagram_activity\messages\inbox,4
file,message_1.json,.json,your_instagram_activity\messages\inbox\karolainyalvescorretoradeimoveis_1124605895600779\message_1.json,your_instagram_activity\messages\inbox\karolainyalvescorretoradeimoveis_1124605895600779,5
directory,karolgraphicdesigner_1392734348787931,,your_instagram_activity\messages\inbox\karolgraphicdesigner_1392734348787931,your_instagram_activity\messages\inbox,4
file,message_1.json,.json,your_instagram_activity\messages\inbox\karolgraphicdesigner_1392734348787931\message_1.json,your_instagram_activity\messages\inbox\karolgraphicdesigner_1392734348787931,5
directory,karolinaleao_1956505195744174,,your_instagram_activity\messages\inbox\karolinaleao_1956505195744174,your_instagram_activity\messages\inbox,4
file,message_1.json,.json,your_instagram_activity\messages\inbox\karolinaleao_1956505195744174\message_1.json,your_instagram_activity\messages\inbox\karolinaleao_1956505195744174,5
directory,kassyenerodriguesespecialistaemnr01saudemental_1853760629351965,,your_instagram_activity\messages\inbox\kassyenerodriguesespecialistaemnr01saudemental_1853760629351965,your_instagram_activity\messages\inbox,4
file,message_1.json,.json,your_instagram_activity\messages\inbox\kassyenerodriguesespecialistaemnr01saudemental_1853760629351965\message_1.json,your_instagram_activity\messages\inbox\kassyenerodriguesespecialistaemnr01saudemental_1853760629351965,5
directory,katiabessegato_1001193641275339,,your_instagram_activity\messages\inbox\katiabessegato_1001193641275339,your_instagram_activity\messages\inbox,4
file,message_1.json,.json,your_instagram_activity\messages\inbox\katiabessegato_1001193641275339\message_1.json,your_instagram_activity\messages\inbox\katiabessegato_1001193641275339,5
directory,katiadasilveira_1547882063273158,,your_instagram_activity\messages\inbox\katiadasilveira_1547882063273158,your_instagram_activity\messages\inbox,4
file,message_1.json,.json,your_instagram_activity\messages\inbox\katiadasilveira_1547882063273158\message_1.json,your_instagram_activity\messages\inbox\katiadasilveira_1547882063273158,5
directory,katianesantos_1706103517451011,,your_instagram_activity\messages\inbox\katianesantos_1706103517451011,your_instagram_activity\messages\inbox,4
file,message_1.json,.json,your_instagram_activity\messages\inbox\katianesantos_1706103517451011\message_1.json,your_instagram_activity\messages\inbox\katianesantos_1706103517451011,5
directory,kaykefurquim_1780569733337722,,your_instagram_activity\messages\inbox\kaykefurquim_1780569733337722,your_instagram_activity\messages\inbox,4
file,message_1.json,.json,your_instagram_activity\messages\inbox\kaykefurquim_1780569733337722\message_1.json,your_instagram_activity\messages\inbox\kaykefurquim_1780569733337722,5
directory,kellyfederighisilvamagalhaes_1708667363861293,,your_instagram_activity\messages\inbox\kellyfederighisilvamagalhaes_1708667363861293,your_instagram_activity\messages\inbox,4
file,message_1.json,.json,your_instagram_activity\messages\inbox\kellyfederighisilvamagalhaes_1708667363861293\message_1.json,your_instagram_activity\messages\inbox\kellyfederighisilvamagalhaes_1708667363861293,5
directory,kellymaia_1817032586363192,,your_instagram_activity\messages\inbox\kellymaia_1817032586363192,your_instagram_activity\messages\inbox,4
file,message_1.json,.json,your_instagram_activity\messages\inbox\kellymaia_1817032586363192\message_1.json,your_instagram_activity\messages\inbox\kellymaia_1817032586363192,5
directory,kellysilva_1768879947840034,,your_instagram_activity\messages\inbox\kellysilva_1768879947840034,your_instagram_activity\messages\inbox,4
file,message_1.json,.json,your_instagram_activity\messages\inbox\kellysilva_1768879947840034\message_1.json,your_instagram_activity\messages\inbox\kellysilva_1768879947840034,5
directory,kenialeite_1763788165021386,,your_instagram_activity\messages\inbox\kenialeite_1763788165021386,your_instagram_activity\messages\inbox,4
file,message_1.json,.json,your_instagram_activity\messages\inbox\kenialeite_1763788165021386\message_1.json,your_instagram_activity\messages\inbox\kenialeite_1763788165021386,5
directory,kevynlucas_1834318487962846,,your_instagram_activity\messages\inbox\kevynlucas_1834318487962846,your_instagram_activity\messages\inbox,4
file,message_1.json,.json,your_instagram_activity\messages\inbox\kevynlucas_1834318487962846\message_1.json,your_instagram_activity\messages\inbox\kevynlucas_1834318487962846,5
directory,krisleycruvinel_1760044792056883,,your_instagram_activity\messages\inbox\krisleycruvinel_1760044792056883,your_instagram_activity\messages\inbox,4
file,message_1.json,.json,your_instagram_activity\messages\inbox\krisleycruvinel_1760044792056883\message_1.json,your_instagram_activity\messages\inbox\krisleycruvinel_1760044792056883,5
directory,krisnaflorestoledo_1759672535434214,,your_instagram_activity\messages\inbox\krisnaflorestoledo_1759672535434214,your_instagram_activity\messages\inbox,4
file,message_1.json,.json,your_instagram_activity\messages\inbox\krisnaflorestoledo_1759672535434214\message_1.json,your_instagram_activity\messages\inbox\krisnaflorestoledo_1759672535434214,5
directory,kslconsultoriaegestaoempresarial_1221020479292653,,your_instagram_activity\messages\inbox\kslconsultoriaegestaoempresarial_1221020479292653,your_instagram_activity\messages\inbox,4
file,message_1.json,.json,your_instagram_activity\messages\inbox\kslconsultoriaegestaoempresarial_1221020479292653\message_1.json,your_instagram_activity\messages\inbox\kslconsultoriaegestaoempresarial_1221020479292653,5
directory,ktataurv_1787528592641836,,your_instagram_activity\messages\inbox\ktataurv_1787528592641836,your_instagram_activity\messages\inbox,4
file,message_1.json,.json,your_instagram_activity\messages\inbox\ktataurv_1787528592641836\message_1.json,your_instagram_activity\messages\inbox\ktataurv_1787528592641836,5
directory,laboratoriodeestudosavancadosemagriculturavertical_1808239583904070,,your_instagram_activity\messages\inbox\laboratoriodeestudosavancadosemagriculturavertical_1808239583904070,your_instagram_activity\messages\inbox,4
file,message_1.json,.json,your_instagram_activity\messages\inbox\laboratoriodeestudosavancadosemagriculturavertical_1808239583904070\message_1.json,your_instagram_activity\messages\inbox\laboratoriodeestudosavancadosemagriculturavertical_1808239583904070,5
directory,laissamamedio_1787998439261518,,your_instagram_activity\messages\inbox\laissamamedio_1787998439261518,your_instagram_activity\messages\inbox,4
file,message_1.json,.json,your_instagram_activity\messages\inbox\laissamamedio_1787998439261518\message_1.json,your_instagram_activity\messages\inbox\laissamamedio_1787998439261518,5
directory,lanablaukrugel_1899872304740797,,your_instagram_activity\messages\inbox\lanablaukrugel_1899872304740797,your_instagram_activity\messages\inbox,4
file,message_1.json,.json,your_instagram_activity\messages\inbox\lanablaukrugel_1899872304740797\message_1.json,your_instagram_activity\messages\inbox\lanablaukrugel_1899872304740797,5
directory,laracostafonoaudiologaemrioverdego_1754230502638722,,your_instagram_activity\messages\inbox\laracostafonoaudiologaemrioverdego_1754230502638722,your_instagram_activity\messages\inbox,4
file,message_1.json,.json,your_instagram_activity\messages\inbox\laracostafonoaudiologaemrioverdego_1754230502638722\message_1.json,your_instagram_activity\messages\inbox\laracostafonoaudiologaemrioverdego_1754230502638722,5
directory,laradutra_1103781667683202,,your_instagram_activity\messages\inbox\laradutra_1103781667683202,your_instagram_activity\messages\inbox,4
file,message_1.json,.json,your_instagram_activity\messages\inbox\laradutra_1103781667683202\message_1.json,your_instagram_activity\messages\inbox\laradutra_1103781667683202,5
directory,lararibeiro_1818600449534650,,your_instagram_activity\messages\inbox\lararibeiro_1818600449534650,your_instagram_activity\messages\inbox,4
file,message_1.json,.json,your_instagram_activity\messages\inbox\lararibeiro_1818600449534650\message_1.json,your_instagram_activity\messages\inbox\lararibeiro_1818600449534650,5
directory,larasoares_1914179079976786,,your_instagram_activity\messages\inbox\larasoares_1914179079976786,your_instagram_activity\messages\inbox,4
file,message_1.json,.json,your_instagram_activity\messages\inbox\larasoares_1914179079976786\message_1.json,your_instagram_activity\messages\inbox\larasoares_1914179079976786,5
directory,larissaribeiro_1826620582065970,,your_instagram_activity\messages\inbox\larissaribeiro_1826620582065970,your_instagram_activity\messages\inbox,4
file,message_1.json,.json,your_instagram_activity\messages\inbox\larissaribeiro_1826620582065970\message_1.json,your_instagram_activity\messages\inbox\larissaribeiro_1826620582065970,5
directory,leandrogaribaldi_1759869862074376,,your_instagram_activity\messages\inbox\leandrogaribaldi_1759869862074376,your_instagram_activity\messages\inbox,4
file,message_1.json,.json,your_instagram_activity\messages\inbox\leandrogaribaldi_1759869862074376\message_1.json,your_instagram_activity\messages\inbox\leandrogaribaldi_1759869862074376,5
directory,leandrolopes_1768002451261117,,your_instagram_activity\messages\inbox\leandrolopes_1768002451261117,your_instagram_activity\messages\inbox,4
file,message_1.json,.json,your_instagram_activity\messages\inbox\leandrolopes_1768002451261117\message_1.json,your_instagram_activity\messages\inbox\leandrolopes_1768002451261117,5
directory,leanedomicianopaiva_1799026814825347,,your_instagram_activity\messages\inbox\leanedomicianopaiva_1799026814825347,your_instagram_activity\messages\inbox,4
file,message_1.json,.json,your_instagram_activity\messages\inbox\leanedomicianopaiva_1799026814825347\message_1.json,your_instagram_activity\messages\inbox\leanedomicianopaiva_1799026814825347,5
directory,lecharmeroupasfemininaemodaintimapijamas_1780926446635384,,your_instagram_activity\messages\inbox\lecharmeroupasfemininaemodaintimapijamas_1780926446635384,your_instagram_activity\messages\inbox,4
file,message_1.json,.json,your_instagram_activity\messages\inbox\lecharmeroupasfemininaemodaintimapijamas_1780926446635384\message_1.json,your_instagram_activity\messages\inbox\lecharmeroupasfemininaemodaintimapijamas_1780926446635384,5
directory,leiavianna_1752360786162534,,your_instagram_activity\messages\inbox\leiavianna_1752360786162534,your_instagram_activity\messages\inbox,4
file,message_1.json,.json,your_instagram_activity\messages\inbox\leiavianna_1752360786162534\message_1.json,your_instagram_activity\messages\inbox\leiavianna_1752360786162534,5
directory,leidianecorteze_1431156281612404,,your_instagram_activity\messages\inbox\leidianecorteze_1431156281612404,your_instagram_activity\messages\inbox,4
file,message_1.json,.json,your_instagram_activity\messages\inbox\leidianecorteze_1431156281612404\message_1.json,your_instagram_activity\messages\inbox\leidianecorteze_1431156281612404,5
directory,leidianesilvadeoliveiraoliveira_1892527312141963,,your_instagram_activity\messages\inbox\leidianesilvadeoliveiraoliveira_1892527312141963,your_instagram_activity\messages\inbox,4
file,message_1.json,.json,your_instagram_activity\messages\inbox\leidianesilvadeoliveiraoliveira_1892527312141963\message_1.json,your_instagram_activity\messages\inbox\leidianesilvadeoliveiraoliveira_1892527312141963,5
directory,leidisouzacorretorarioverdego_1827014895359872,,your_instagram_activity\messages\inbox\leidisouzacorretorarioverdego_1827014895359872,your_instagram_activity\messages\inbox,4
file,message_1.json,.json,your_instagram_activity\messages\inbox\leidisouzacorretorarioverdego_1827014895359872\message_1.json,your_instagram_activity\messages\inbox\leidisouzacorretorarioverdego_1827014895359872,5
directory,leilaanicetoferreira_1923325269069990,,your_instagram_activity\messages\inbox\leilaanicetoferreira_1923325269069990,your_instagram_activity\messages\inbox,4
file,message_1.json,.json,your_instagram_activity\messages\inbox\leilaanicetoferreira_1923325269069990\message_1.json,your_instagram_activity\messages\inbox\leilaanicetoferreira_1923325269069990,5
directory,leilaberft_501201074607934,,your_instagram_activity\messages\inbox\leilaberft_501201074607934,your_instagram_activity\messages\inbox,4
file,message_1.json,.json,your_instagram_activity\messages\inbox\leilaberft_501201074607934\message_1.json,your_instagram_activity\messages\inbox\leilaberft_501201074607934,5
directory,lemeraidentidadevisual_1296904545037579,,your_instagram_activity\messages\inbox\lemeraidentidadevisual_1296904545037579,your_instagram_activity\messages\inbox,4
file,message_1.json,.json,your_instagram_activity\messages\inbox\lemeraidentidadevisual_1296904545037579\message_1.json,your_instagram_activity\messages\inbox\lemeraidentidadevisual_1296904545037579,5
directory,leonardoamaraltributarionoagro_1814024633325565,,your_instagram_activity\messages\inbox\leonardoamaraltributarionoagro_1814024633325565,your_instagram_activity\messages\inbox,4
file,message_1.json,.json,your_instagram_activity\messages\inbox\leonardoamaraltributarionoagro_1814024633325565\message_1.json,your_instagram_activity\messages\inbox\leonardoamaraltributarionoagro_1814024633325565,5
directory,leonardobenevides_1723635512364478,,your_instagram_activity\messages\inbox\leonardobenevides_1723635512364478,your_instagram_activity\messages\inbox,4
file,message_1.json,.json,your_instagram_activity\messages\inbox\leonardobenevides_1723635512364478\message_1.json,your_instagram_activity\messages\inbox\leonardobenevides_1723635512364478,5
directory,leonardolacraiavereadorderioverde_1710780183650011,,your_instagram_activity\messages\inbox\leonardolacraiavereadorderioverde_1710780183650011,your_instagram_activity\messages\inbox,4
file,message_1.json,.json,your_instagram_activity\messages\inbox\leonardolacraiavereadorderioverde_1710780183650011\message_1.json,your_instagram_activity\messages\inbox\leonardolacraiavereadorderioverde_1710780183650011,5
directory,leonardoprivadopsicologoempreendedor_1834788464582515,,your_instagram_activity\messages\inbox\leonardoprivadopsicologoempreendedor_1834788464582515,your_instagram_activity\messages\inbox,4
file,message_1.json,.json,your_instagram_activity\messages\inbox\leonardoprivadopsicologoempreendedor_1834788464582515\message_1.json,your_instagram_activity\messages\inbox\leonardoprivadopsicologoempreendedor_1834788464582515,5
directory,leonardoribeiro_1266652771396090,,your_instagram_activity\messages\inbox\leonardoribeiro_1266652771396090,your_instagram_activity\messages\inbox,4
file,message_1.json,.json,your_instagram_activity\messages\inbox\leonardoribeiro_1266652771396090\message_1.json,your_instagram_activity\messages\inbox\leonardoribeiro_1266652771396090,5
directory,leonnardocruvinelfurquim_1805836144144414,,your_instagram_activity\messages\inbox\leonnardocruvinelfurquim_1805836144144414,your_instagram_activity\messages\inbox,4
file,message_1.json,.json,your_instagram_activity\messages\inbox\leonnardocruvinelfurquim_1805836144144414\message_1.json,your_instagram_activity\messages\inbox\leonnardocruvinelfurquim_1805836144144414,5
directory,lesaudavel_2040265110702765,,your_instagram_activity\messages\inbox\lesaudavel_2040265110702765,your_instagram_activity\messages\inbox,4
file,message_1.json,.json,your_instagram_activity\messages\inbox\lesaudavel_2040265110702765\message_1.json,your_instagram_activity\messages\inbox\lesaudavel_2040265110702765,5
directory,leticiabrito_1760990735295622,,your_instagram_activity\messages\inbox\leticiabrito_1760990735295622,your_instagram_activity\messages\inbox,4
file,message_1.json,.json,your_instagram_activity\messages\inbox\leticiabrito_1760990735295622\message_1.json,your_instagram_activity\messages\inbox\leticiabrito_1760990735295622,5
directory,lidiamachadoalmeida_568666974528010,,your_instagram_activity\messages\inbox\lidiamachadoalmeida_568666974528010,your_instagram_activity\messages\inbox,4
file,message_1.json,.json,your_instagram_activity\messages\inbox\lidiamachadoalmeida_568666974528010\message_1.json,your_instagram_activity\messages\inbox\lidiamachadoalmeida_568666974528010,5
directory,lidiarodriguessterapeutaempnl_952477112813659,,your_instagram_activity\messages\inbox\lidiarodriguessterapeutaempnl_952477112813659,your_instagram_activity\messages\inbox,4
file,message_1.json,.json,your_instagram_activity\messages\inbox\lidiarodriguessterapeutaempnl_952477112813659\message_1.json,your_instagram_activity\messages\inbox\lidiarodriguessterapeutaempnl_952477112813659,5
directory,lilianalencar_1932152634846097,,your_instagram_activity\messages\inbox\lilianalencar_1932152634846097,your_instagram_activity\messages\inbox,4
file,message_1.json,.json,your_instagram_activity\messages\inbox\lilianalencar_1932152634846097\message_1.json,your_instagram_activity\messages\inbox\lilianalencar_1932152634846097,5
directory,lilianandradeadvogadaimentora_1779959083398787,,your_instagram_activity\messages\inbox\lilianandradeadvogadaimentora_1779959083398787,your_instagram_activity\messages\inbox,4
file,message_1.json,.json,your_instagram_activity\messages\inbox\lilianandradeadvogadaimentora_1779959083398787\message_1.json,your_instagram_activity\messages\inbox\lilianandradeadvogadaimentora_1779959083398787,5
directory,lilianrosa_1535133627927276,,your_instagram_activity\messages\inbox\lilianrosa_1535133627927276,your_instagram_activity\messages\inbox,4
file,message_1.json,.json,your_instagram_activity\messages\inbox\lilianrosa_1535133627927276\message_1.json,your_instagram_activity\messages\inbox\lilianrosa_1535133627927276,5
directory,limacalculoscontabilidadedigital_1747749659953063,,your_instagram_activity\messages\inbox\limacalculoscontabilidadedigital_1747749659953063,your_instagram_activity\messages\inbox,4
file,message_1.json,.json,your_instagram_activity\messages\inbox\limacalculoscontabilidadedigital_1747749659953063\message_1.json,your_instagram_activity\messages\inbox\limacalculoscontabilidadedigital_1747749659953063,5
directory,limperiolimpeza_1537058151022216,,your_instagram_activity\messages\inbox\limperiolimpeza_1537058151022216,your_instagram_activity\messages\inbox,4
file,message_1.json,.json,your_instagram_activity\messages\inbox\limperiolimpeza_1537058151022216\message_1.json,your_instagram_activity\messages\inbox\limperiolimpeza_1537058151022216,5
directory,limplacsolgoias_1247897289938305,,your_instagram_activity\messages\inbox\limplacsolgoias_1247897289938305,your_instagram_activity\messages\inbox,4
file,message_1.json,.json,your_instagram_activity\messages\inbox\limplacsolgoias_1247897289938305\message_1.json,your_instagram_activity\messages\inbox\limplacsolgoias_1247897289938305,5
directory,lioniziagoya_1859343765460318,,your_instagram_activity\messages\inbox\lioniziagoya_1859343765460318,your_instagram_activity\messages\inbox,4
file,message_1.json,.json,your_instagram_activity\messages\inbox\lioniziagoya_1859343765460318\message_1.json,your_instagram_activity\messages\inbox\lioniziagoya_1859343765460318,5
directory,lisangelapassarello_1666403854754311,,your_instagram_activity\messages\inbox\lisangelapassarello_1666403854754311,your_instagram_activity\messages\inbox,4
file,message_1.json,.json,your_instagram_activity\messages\inbox\lisangelapassarello_1666403854754311\message_1.json,your_instagram_activity\messages\inbox\lisangelapassarello_1666403854754311,5
directory,lismaramartinsmartinscastro_1708640860530610,,your_instagram_activity\messages\inbox\lismaramartinsmartinscastro_1708640860530610,your_instagram_activity\messages\inbox,4
file,message_1.json,.json,your_instagram_activity\messages\inbox\lismaramartinsmartinscastro_1708640860530610\message_1.json,your_instagram_activity\messages\inbox\lismaramartinsmartinscastro_1708640860530610,5
directory,lissauervieira_549179056476802,,your_instagram_activity\messages\inbox\lissauervieira_549179056476802,your_instagram_activity\messages\inbox,4
file,message_1.json,.json,your_instagram_activity\messages\inbox\lissauervieira_549179056476802\message_1.json,your_instagram_activity\messages\inbox\lissauervieira_549179056476802,5
directory,liviaandradesilva_1676244013770295,,your_instagram_activity\messages\inbox\liviaandradesilva_1676244013770295,your_instagram_activity\messages\inbox,4
file,message_1.json,.json,your_instagram_activity\messages\inbox\liviaandradesilva_1676244013770295\message_1.json,your_instagram_activity\messages\inbox\liviaandradesilva_1676244013770295,5
directory,liviaataides_843828817011823,,your_instagram_activity\messages\inbox\liviaataides_843828817011823,your_instagram_activity\messages\inbox,4
file,message_1.json,.json,your_instagram_activity\messages\inbox\liviaataides_843828817011823\message_1.json,your_instagram_activity\messages\inbox\liviaataides_843828817011823,5
directory,liviamartins_1708718937189469,,your_instagram_activity\messages\inbox\liviamartins_1708718937189469,your_instagram_activity\messages\inbox,4
file,message_1.json,.json,your_instagram_activity\messages\inbox\liviamartins_1708718937189469\message_1.json,your_instagram_activity\messages\inbox\liviamartins_1708718937189469,5
directory,lojadebiquinis_1821946302533398,,your_instagram_activity\messages\inbox\lojadebiquinis_1821946302533398,your_instagram_activity\messages\inbox,4
file,message_1.json,.json,your_instagram_activity\messages\inbox\lojadebiquinis_1821946302533398\message_1.json,your_instagram_activity\messages\inbox\lojadebiquinis_1821946302533398,5
directory,lojakaranda_1959838948744132,,your_instagram_activity\messages\inbox\lojakaranda_1959838948744132,your_instagram_activity\messages\inbox,4
file,message_1.json,.json,your_instagram_activity\messages\inbox\lojakaranda_1959838948744132\message_1.json,your_instagram_activity\messages\inbox\lojakaranda_1959838948744132,5
directory,photos,,your_instagram_activity\messages\inbox\lojakaranda_1959838948744132\photos,your_instagram_activity\messages\inbox\lojakaranda_1959838948744132,5
file,2197155757768322.png,.png,your_instagram_activity\messages\inbox\lojakaranda_1959838948744132\photos\2197155757768322.png,your_instagram_activity\messages\inbox\lojakaranda_1959838948744132\photos,6
directory,lorenacolchoesconsultoriadosono_1311295360265164,,your_instagram_activity\messages\inbox\lorenacolchoesconsultoriadosono_1311295360265164,your_instagram_activity\messages\inbox,4
file,message_1.json,.json,your_instagram_activity\messages\inbox\lorenacolchoesconsultoriadosono_1311295360265164\message_1.json,your_instagram_activity\messages\inbox\lorenacolchoesconsultoriadosono_1311295360265164,5
directory,lorenagomespsicologaorganizacional_1806030420791653,,your_instagram_activity\messages\inbox\lorenagomespsicologaorganizacional_1806030420791653,your_instagram_activity\messages\inbox,4
file,message_1.json,.json,your_instagram_activity\messages\inbox\lorenagomespsicologaorganizacional_1806030420791653\message_1.json,your_instagram_activity\messages\inbox\lorenagomespsicologaorganizacional_1806030420791653,5
directory,lorenanogueira_1653457342715629,,your_instagram_activity\messages\inbox\lorenanogueira_1653457342715629,your_instagram_activity\messages\inbox,4
file,message_1.json,.json,your_instagram_activity\messages\inbox\lorenanogueira_1653457342715629\message_1.json,your_instagram_activity\messages\inbox\lorenanogueira_1653457342715629,5
directory,lorescarvalho_596049988457588,,your_instagram_activity\messages\inbox\lorescarvalho_596049988457588,your_instagram_activity\messages\inbox,4
file,message_1.json,.json,your_instagram_activity\messages\inbox\lorescarvalho_596049988457588\message_1.json,your_instagram_activity\messages\inbox\lorescarvalho_596049988457588,5
directory,lorrainebuenoconsultoraderh_1179492913445410,,your_instagram_activity\messages\inbox\lorrainebuenoconsultoraderh_1179492913445410,your_instagram_activity\messages\inbox,4
file,message_1.json,.json,your_instagram_activity\messages\inbox\lorrainebuenoconsultoraderh_1179492913445410\message_1.json,your_instagram_activity\messages\inbox\lorrainebuenoconsultoraderh_1179492913445410,5
directory,lorrannysousaempresariatrainermentora_1699958124732217,,your_instagram_activity\messages\inbox\lorrannysousaempresariatrainermentora_1699958124732217,your_instagram_activity\messages\inbox,4
file,message_1.json,.json,your_instagram_activity\messages\inbox\lorrannysousaempresariatrainermentora_1699958124732217\message_1.json,your_instagram_activity\messages\inbox\lorrannysousaempresariatrainermentora_1699958124732217,5
directory,lovemmysexshoprioverde_1433440401383992,,your_instagram_activity\messages\inbox\lovemmysexshoprioverde_1433440401383992,your_instagram_activity\messages\inbox,4
file,message_1.json,.json,your_instagram_activity\messages\inbox\lovemmysexshoprioverde_1433440401383992\message_1.json,your_instagram_activity\messages\inbox\lovemmysexshoprioverde_1433440401383992,5
directory,luanasoaresestrategiadeinvestimentos_1688609939207910,,your_instagram_activity\messages\inbox\luanasoaresestrategiadeinvestimentos_1688609939207910,your_instagram_activity\messages\inbox,4
file,message_1.json,.json,your_instagram_activity\messages\inbox\luanasoaresestrategiadeinvestimentos_1688609939207910\message_1.json,your_instagram_activity\messages\inbox\luanasoaresestrategiadeinvestimentos_1688609939207910,5
directory,luanasouza_1772959800765382,,your_instagram_activity\messages\inbox\luanasouza_1772959800765382,your_instagram_activity\messages\inbox,4
file,message_1.json,.json,your_instagram_activity\messages\inbox\luanasouza_1772959800765382\message_1.json,your_instagram_activity\messages\inbox\luanasouza_1772959800765382,5
directory,lucasbarrosoleosessenciais_1847646209963407,,your_instagram_activity\messages\inbox\lucasbarrosoleosessenciais_1847646209963407,your_instagram_activity\messages\inbox,4
file,message_1.json,.json,your_instagram_activity\messages\inbox\lucasbarrosoleosessenciais_1847646209963407\message_1.json,your_instagram_activity\messages\inbox\lucasbarrosoleosessenciais_1847646209963407,5
directory,photos,,your_instagram_activity\messages\inbox\lucasbarrosoleosessenciais_1847646209963407\photos,your_instagram_activity\messages\inbox\lucasbarrosoleosessenciais_1847646209963407,5
file,1585875729229739.jpg,.jpg,your_instagram_activity\messages\inbox\lucasbarrosoleosessenciais_1847646209963407\photos\1585875729229739.jpg,your_instagram_activity\messages\inbox\lucasbarrosoleosessenciais_1847646209963407\photos,6
directory,lucasdovale_944903673571003,,your_instagram_activity\messages\inbox\lucasdovale_944903673571003,your_instagram_activity\messages\inbox,4
file,message_1.json,.json,your_instagram_activity\messages\inbox\lucasdovale_944903673571003\message_1.json,your_instagram_activity\messages\inbox\lucasdovale_944903673571003,5
directory,lucasprado_1883585293036165,,your_instagram_activity\messages\inbox\lucasprado_1883585293036165,your_instagram_activity\messages\inbox,4
file,message_1.json,.json,your_instagram_activity\messages\inbox\lucasprado_1883585293036165\message_1.json,your_instagram_activity\messages\inbox\lucasprado_1883585293036165,5
directory,lucasprimeesteticaautomotivarioverde_1817285696332792,,your_instagram_activity\messages\inbox\lucasprimeesteticaautomotivarioverde_1817285696332792,your_instagram_activity\messages\inbox,4
file,message_1.json,.json,your_instagram_activity\messages\inbox\lucasprimeesteticaautomotivarioverde_1817285696332792\message_1.json,your_instagram_activity\messages\inbox\lucasprimeesteticaautomotivarioverde_1817285696332792,5
directory,lucasrochalemes_1963096575085132,,your_instagram_activity\messages\inbox\lucasrochalemes_1963096575085132,your_instagram_activity\messages\inbox,4
file,message_1.json,.json,your_instagram_activity\messages\inbox\lucasrochalemes_1963096575085132\message_1.json,your_instagram_activity\messages\inbox\lucasrochalemes_1963096575085132,5
directory,luciamichalczykadvogada_805345787526793,,your_instagram_activity\messages\inbox\luciamichalczykadvogada_805345787526793,your_instagram_activity\messages\inbox,4
file,message_1.json,.json,your_instagram_activity\messages\inbox\luciamichalczykadvogada_805345787526793\message_1.json,your_instagram_activity\messages\inbox\luciamichalczykadvogada_805345787526793,5
directory,lucianaalmeidaadvogadadasfamilias_931372478257456,,your_instagram_activity\messages\inbox\lucianaalmeidaadvogadadasfamilias_931372478257456,your_instagram_activity\messages\inbox,4
file,message_1.json,.json,your_instagram_activity\messages\inbox\lucianaalmeidaadvogadadasfamilias_931372478257456\message_1.json,your_instagram_activity\messages\inbox\lucianaalmeidaadvogadadasfamilias_931372478257456,5
directory,lucianafagundes_1800984034629625,,your_instagram_activity\messages\inbox\lucianafagundes_1800984034629625,your_instagram_activity\messages\inbox,4
file,message_1.json,.json,your_instagram_activity\messages\inbox\lucianafagundes_1800984034629625\message_1.json,your_instagram_activity\messages\inbox\lucianafagundes_1800984034629625,5
directory,lucianesonda_1904557094272318,,your_instagram_activity\messages\inbox\lucianesonda_1904557094272318,your_instagram_activity\messages\inbox,4
file,message_1.json,.json,your_instagram_activity\messages\inbox\lucianesonda_1904557094272318\message_1.json,your_instagram_activity\messages\inbox\lucianesonda_1904557094272318,5
directory,lucianomonteirolimaadvogadorioverdego_1702236414504388,,your_instagram_activity\messages\inbox\lucianomonteirolimaadvogadorioverdego_1702236414504388,your_instagram_activity\messages\inbox,4
file,message_1.json,.json,your_instagram_activity\messages\inbox\lucianomonteirolimaadvogadorioverdego_1702236414504388\message_1.json,your_instagram_activity\messages\inbox\lucianomonteirolimaadvogadorioverdego_1702236414504388,5
directory,lucianoribeiro_1834196561308372,,your_instagram_activity\messages\inbox\lucianoribeiro_1834196561308372,your_instagram_activity\messages\inbox,4
file,message_1.json,.json,your_instagram_activity\messages\inbox\lucianoribeiro_1834196561308372\message_1.json,your_instagram_activity\messages\inbox\lucianoribeiro_1834196561308372,5
directory,lucianorodrigues_1834879754573386,,your_instagram_activity\messages\inbox\lucianorodrigues_1834879754573386,your_instagram_activity\messages\inbox,4
file,message_1.json,.json,your_instagram_activity\messages\inbox\lucianorodrigues_1834879754573386\message_1.json,your_instagram_activity\messages\inbox\lucianorodrigues_1834879754573386,5
directory,lucieneribeiro_1732489414812421,,your_instagram_activity\messages\inbox\lucieneribeiro_1732489414812421,your_instagram_activity\messages\inbox,4
file,message_1.json,.json,your_instagram_activity\messages\inbox\lucieneribeiro_1732489414812421\message_1.json,your_instagram_activity\messages\inbox\lucieneribeiro_1732489414812421,5
directory,lucileabrandao_1821937372534291,,your_instagram_activity\messages\inbox\lucileabrandao_1821937372534291,your_instagram_activity\messages\inbox,4
file,message_1.json,.json,your_instagram_activity\messages\inbox\lucileabrandao_1821937372534291\message_1.json,your_instagram_activity\messages\inbox\lucileabrandao_1821937372534291,5
directory,lucivaineprado_1879538310116454,,your_instagram_activity\messages\inbox\lucivaineprado_1879538310116454,your_instagram_activity\messages\inbox,4
file,message_1.json,.json,your_instagram_activity\messages\inbox\lucivaineprado_1879538310116454\message_1.json,your_instagram_activity\messages\inbox\lucivaineprado_1879538310116454,5
directory,ludmillamenezes_1753710156023680,,your_instagram_activity\messages\inbox\ludmillamenezes_1753710156023680,your_instagram_activity\messages\inbox,4
file,message_1.json,.json,your_instagram_activity\messages\inbox\ludmillamenezes_1753710156023680\message_1.json,your_instagram_activity\messages\inbox\ludmillamenezes_1753710156023680,5
directory,luis_1835278171200211,,your_instagram_activity\messages\inbox\luis_1835278171200211,your_instagram_activity\messages\inbox,4
file,message_1.json,.json,your_instagram_activity\messages\inbox\luis_1835278171200211\message_1.json,your_instagram_activity\messages\inbox\luis_1835278171200211,5
directory,luizaildocabralaraujo_1001617044566332,,your_instagram_activity\messages\inbox\luizaildocabralaraujo_1001617044566332,your_instagram_activity\messages\inbox,4
file,message_1.json,.json,your_instagram_activity\messages\inbox\luizaildocabralaraujo_1001617044566332\message_1.json,your_instagram_activity\messages\inbox\luizaildocabralaraujo_1001617044566332,5
directory,luizalourenco_1767083328019696,,your_instagram_activity\messages\inbox\luizalourenco_1767083328019696,your_instagram_activity\messages\inbox,4
file,message_1.json,.json,your_instagram_activity\messages\inbox\luizalourenco_1767083328019696\message_1.json,your_instagram_activity\messages\inbox\luizalourenco_1767083328019696,5
directory,luizcarlos_1744065640321465,,your_instagram_activity\messages\inbox\luizcarlos_1744065640321465,your_instagram_activity\messages\inbox,4
file,message_1.json,.json,your_instagram_activity\messages\inbox\luizcarlos_1744065640321465\message_1.json,your_instagram_activity\messages\inbox\luizcarlos_1744065640321465,5
directory,luizeduardobuenoborges_163019685995598,,your_instagram_activity\messages\inbox\luizeduardobuenoborges_163019685995598,your_instagram_activity\messages\inbox,4
file,message_1.json,.json,your_instagram_activity\messages\inbox\luizeduardobuenoborges_163019685995598\message_1.json,your_instagram_activity\messages\inbox\luizeduardobuenoborges_163019685995598,5
directory,luizegidiogaletti_565840404810667,,your_instagram_activity\messages\inbox\luizegidiogaletti_565840404810667,your_instagram_activity\messages\inbox,4
file,message_1.json,.json,your_instagram_activity\messages\inbox\luizegidiogaletti_565840404810667\message_1.json,your_instagram_activity\messages\inbox\luizegidiogaletti_565840404810667,5
directory,luminaassessoriademarketingmedico_1826844278710267,,your_instagram_activity\messages\inbox\luminaassessoriademarketingmedico_1826844278710267,your_instagram_activity\messages\inbox,4
file,message_1.json,.json,your_instagram_activity\messages\inbox\luminaassessoriademarketingmedico_1826844278710267\message_1.json,your_instagram_activity\messages\inbox\luminaassessoriademarketingmedico_1826844278710267,5
directory,lunaralucas_1706080774119952,,your_instagram_activity\messages\inbox\lunaralucas_1706080774119952,your_instagram_activity\messages\inbox,4
file,message_1.json,.json,your_instagram_activity\messages\inbox\lunaralucas_1706080774119952\message_1.json,your_instagram_activity\messages\inbox\lunaralucas_1706080774119952,5
directory,luterciojr_1780564806671548,,your_instagram_activity\messages\inbox\luterciojr_1780564806671548,your_instagram_activity\messages\inbox,4
file,message_1.json,.json,your_instagram_activity\messages\inbox\luterciojr_1780564806671548\message_1.json,your_instagram_activity\messages\inbox\luterciojr_1780564806671548,5
directory,luxforbaterias_1788318195896209,,your_instagram_activity\messages\inbox\luxforbaterias_1788318195896209,your_instagram_activity\messages\inbox,4
file,message_1.json,.json,your_instagram_activity\messages\inbox\luxforbaterias_1788318195896209\message_1.json,your_instagram_activity\messages\inbox\luxforbaterias_1788318195896209,5
directory,ma_1767294651331897,,your_instagram_activity\messages\inbox\ma_1767294651331897,your_instagram_activity\messages\inbox,4
file,message_1.json,.json,your_instagram_activity\messages\inbox\ma_1767294651331897\message_1.json,your_instagram_activity\messages\inbox\ma_1767294651331897,5
directory,machadolemesadvogadosrioverdego_1768686497859379,,your_instagram_activity\messages\inbox\machadolemesadvogadosrioverdego_1768686497859379,your_instagram_activity\messages\inbox,4
file,message_1.json,.json,your_instagram_activity\messages\inbox\machadolemesadvogadosrioverdego_1768686497859379\message_1.json,your_instagram_activity\messages\inbox\machadolemesadvogadosrioverdego_1768686497859379,5
directory,machonacozinhabr_1960578948670132,,your_instagram_activity\messages\inbox\machonacozinhabr_1960578948670132,your_instagram_activity\messages\inbox,4
file,message_1.json,.json,your_instagram_activity\messages\inbox\machonacozinhabr_1960578948670132\message_1.json,your_instagram_activity\messages\inbox\machonacozinhabr_1960578948670132,5
directory,mactoengenhariagestaosolucoesconstrutivasltda_1798954384832590,,your_instagram_activity\messages\inbox\mactoengenhariagestaosolucoesconstrutivasltda_1798954384832590,your_instagram_activity\messages\inbox,4
file,message_1.json,.json,your_instagram_activity\messages\inbox\mactoengenhariagestaosolucoesconstrutivasltda_1798954384832590\message_1.json,your_instagram_activity\messages\inbox\mactoengenhariagestaosolucoesconstrutivasltda_1798954384832590,5
directory,mafermoveisparaescritorio_1401626097898756,,your_instagram_activity\messages\inbox\mafermoveisparaescritorio_1401626097898756,your_instagram_activity\messages\inbox,4
file,message_1.json,.json,your_instagram_activity\messages\inbox\mafermoveisparaescritorio_1401626097898756\message_1.json,your_instagram_activity\messages\inbox\mafermoveisparaescritorio_1401626097898756,5
directory,maikeguedes_1768029444591751,,your_instagram_activity\messages\inbox\maikeguedes_1768029444591751,your_instagram_activity\messages\inbox,4
file,message_1.json,.json,your_instagram_activity\messages\inbox\maikeguedes_1768029444591751\message_1.json,your_instagram_activity\messages\inbox\maikeguedes_1768029444591751,5
directory,maisassessoriafinanciamentoimobiliario_596874608302068,,your_instagram_activity\messages\inbox\maisassessoriafinanciamentoimobiliario_596874608302068,your_instagram_activity\messages\inbox,4
file,message_1.json,.json,your_instagram_activity\messages\inbox\maisassessoriafinanciamentoimobiliario_596874608302068\message_1.json,your_instagram_activity\messages\inbox\maisassessoriafinanciamentoimobiliario_596874608302068,5
directory,mannysemijoiasrioverdego_1627686807612112,,your_instagram_activity\messages\inbox\mannysemijoiasrioverdego_1627686807612112,your_instagram_activity\messages\inbox,4
file,message_1.json,.json,your_instagram_activity\messages\inbox\mannysemijoiasrioverdego_1627686807612112\message_1.json,your_instagram_activity\messages\inbox\mannysemijoiasrioverdego_1627686807612112,5
directory,marcelainacio_1796009915127037,,your_instagram_activity\messages\inbox\marcelainacio_1796009915127037,your_instagram_activity\messages\inbox,4
file,message_1.json,.json,your_instagram_activity\messages\inbox\marcelainacio_1796009915127037\message_1.json,your_instagram_activity\messages\inbox\marcelainacio_1796009915127037,5
directory,marcelamelo_1850243046373957,,your_instagram_activity\messages\inbox\marcelamelo_1850243046373957,your_instagram_activity\messages\inbox,4
file,message_1.json,.json,your_instagram_activity\messages\inbox\marcelamelo_1850243046373957\message_1.json,your_instagram_activity\messages\inbox\marcelamelo_1850243046373957,5
directory,marcellozocchio_1665570828170947,,your_instagram_activity\messages\inbox\marcellozocchio_1665570828170947,your_instagram_activity\messages\inbox,4
file,message_1.json,.json,your_instagram_activity\messages\inbox\marcellozocchio_1665570828170947\message_1.json,your_instagram_activity\messages\inbox\marcellozocchio_1665570828170947,5
directory,marcelofoliveira_1715204716540891,,your_instagram_activity\messages\inbox\marcelofoliveira_1715204716540891,your_instagram_activity\messages\inbox,4
file,message_1.json,.json,your_instagram_activity\messages\inbox\marcelofoliveira_1715204716540891\message_1.json,your_instagram_activity\messages\inbox\marcelofoliveira_1715204716540891,5
directory,marcelorocha_1329167018477998,,your_instagram_activity\messages\inbox\marcelorocha_1329167018477998,your_instagram_activity\messages\inbox,4
file,message_1.json,.json,your_instagram_activity\messages\inbox\marcelorocha_1329167018477998\message_1.json,your_instagram_activity\messages\inbox\marcelorocha_1329167018477998,5
directory,marciocarmo_1019070596154310,,your_instagram_activity\messages\inbox\marciocarmo_1019070596154310,your_instagram_activity\messages\inbox,4
file,message_1.json,.json,your_instagram_activity\messages\inbox\marciocarmo_1019070596154310\message_1.json,your_instagram_activity\messages\inbox\marciocarmo_1019070596154310,5
directory,marcioluis_182928170600510,,your_instagram_activity\messages\inbox\marcioluis_182928170600510,your_instagram_activity\messages\inbox,4
file,message_1.json,.json,your_instagram_activity\messages\inbox\marcioluis_182928170600510\message_1.json,your_instagram_activity\messages\inbox\marcioluis_182928170600510,5
directory,marcioportilho_245764450834552,,your_instagram_activity\messages\inbox\marcioportilho_245764450834552,your_instagram_activity\messages\inbox,4
file,message_1.json,.json,your_instagram_activity\messages\inbox\marcioportilho_245764450834552\message_1.json,your_instagram_activity\messages\inbox\marcioportilho_245764450834552,5
directory,marcoantonioexecutivoderesultados_1677774466950583,,your_instagram_activity\messages\inbox\marcoantonioexecutivoderesultados_1677774466950583,your_instagram_activity\messages\inbox,4
file,message_1.json,.json,your_instagram_activity\messages\inbox\marcoantonioexecutivoderesultados_1677774466950583\message_1.json,your_instagram_activity\messages\inbox\marcoantonioexecutivoderesultados_1677774466950583,5
directory,marconiperillo_1821487629245932,,your_instagram_activity\messages\inbox\marconiperillo_1821487629245932,your_instagram_activity\messages\inbox,4
file,message_1.json,.json,your_instagram_activity\messages\inbox\marconiperillo_1821487629245932\message_1.json,your_instagram_activity\messages\inbox\marconiperillo_1821487629245932,5
directory,marcosarias_1845489460179082,,your_instagram_activity\messages\inbox\marcosarias_1845489460179082,your_instagram_activity\messages\inbox,4
file,message_1.json,.json,your_instagram_activity\messages\inbox\marcosarias_1845489460179082\message_1.json,your_instagram_activity\messages\inbox\marcosarias_1845489460179082,5
directory,marcosvinicius_1174121783982523,,your_instagram_activity\messages\inbox\marcosvinicius_1174121783982523,your_instagram_activity\messages\inbox,4
file,message_1.json,.json,your_instagram_activity\messages\inbox\marcosvinicius_1174121783982523\message_1.json,your_instagram_activity\messages\inbox\marcosvinicius_1174121783982523,5
directory,marcuscampos_1103796977681671,,your_instagram_activity\messages\inbox\marcuscampos_1103796977681671,your_instagram_activity\messages\inbox,4
file,message_1.json,.json,your_instagram_activity\messages\inbox\marcuscampos_1103796977681671\message_1.json,your_instagram_activity\messages\inbox\marcuscampos_1103796977681671,5
directory,mariabittencourt_1459830338744998,,your_instagram_activity\messages\inbox\mariabittencourt_1459830338744998,your_instagram_activity\messages\inbox,4
file,message_1.json,.json,your_instagram_activity\messages\inbox\mariabittencourt_1459830338744998\message_1.json,your_instagram_activity\messages\inbox\mariabittencourt_1459830338744998,5
directory,mariabunitaexpress_1478875576840474,,your_instagram_activity\messages\inbox\mariabunitaexpress_1478875576840474,your_instagram_activity\messages\inbox,4
file,message_1.json,.json,your_instagram_activity\messages\inbox\mariabunitaexpress_1478875576840474\message_1.json,your_instagram_activity\messages\inbox\mariabunitaexpress_1478875576840474,5
directory,mariacecilia_1760147798713249,,your_instagram_activity\messages\inbox\mariacecilia_1760147798713249,your_instagram_activity\messages\inbox,4
file,message_1.json,.json,your_instagram_activity\messages\inbox\mariacecilia_1760147798713249\message_1.json,your_instagram_activity\messages\inbox\mariacecilia_1760147798713249,5
directory,mariadefatimasilva_1675506520510711,,your_instagram_activity\messages\inbox\mariadefatimasilva_1675506520510711,your_instagram_activity\messages\inbox,4
file,message_1.json,.json,your_instagram_activity\messages\inbox\mariadefatimasilva_1675506520510711\message_1.json,your_instagram_activity\messages\inbox\mariadefatimasilva_1675506520510711,5
directory,mariaeduardaataides_1365895371471829,,your_instagram_activity\messages\inbox\mariaeduardaataides_1365895371471829,your_instagram_activity\messages\inbox,4
file,message_1.json,.json,your_instagram_activity\messages\inbox\mariaeduardaataides_1365895371471829\message_1.json,your_instagram_activity\messages\inbox\mariaeduardaataides_1365895371471829,5
directory,mariaelizalneves_1166517300517260,,your_instagram_activity\messages\inbox\mariaelizalneves_1166517300517260,your_instagram_activity\messages\inbox,4
file,message_1.json,.json,your_instagram_activity\messages\inbox\mariaelizalneves_1166517300517260\message_1.json,your_instagram_activity\messages\inbox\mariaelizalneves_1166517300517260,5
directory,marialarissa_1732214584839904,,your_instagram_activity\messages\inbox\marialarissa_1732214584839904,your_instagram_activity\messages\inbox,4
file,message_1.json,.json,your_instagram_activity\messages\inbox\marialarissa_1732214584839904\message_1.json,your_instagram_activity\messages\inbox\marialarissa_1732214584839904,5
directory,marianaduarte_472476734147035,,your_instagram_activity\messages\inbox\marianaduarte_472476734147035,your_instagram_activity\messages\inbox,4
file,message_1.json,.json,your_instagram_activity\messages\inbox\marianaduarte_472476734147035\message_1.json,your_instagram_activity\messages\inbox\marianaduarte_472476734147035,5
directory,marianaduartesemijoias_526293365432038,,your_instagram_activity\messages\inbox\marianaduartesemijoias_526293365432038,your_instagram_activity\messages\inbox,4
file,message_1.json,.json,your_instagram_activity\messages\inbox\marianaduartesemijoias_526293365432038\message_1.json,your_instagram_activity\messages\inbox\marianaduartesemijoias_526293365432038,5
directory,marianamazzogiacomelli_1642305057164191,,your_instagram_activity\messages\inbox\marianamazzogiacomelli_1642305057164191,your_instagram_activity\messages\inbox,4
file,message_1.json,.json,your_instagram_activity\messages\inbox\marianamazzogiacomelli_1642305057164191\message_1.json,your_instagram_activity\messages\inbox\marianamazzogiacomelli_1642305057164191,5
directory,marianaperdomo_1705747660819930,,your_instagram_activity\messages\inbox\marianaperdomo_1705747660819930,your_instagram_activity\messages\inbox,4
file,message_1.json,.json,your_instagram_activity\messages\inbox\marianaperdomo_1705747660819930\message_1.json,your_instagram_activity\messages\inbox\marianaperdomo_1705747660819930,5
directory,marianirceguimaraesleite_1887287949332566,,your_instagram_activity\messages\inbox\marianirceguimaraesleite_1887287949332566,your_instagram_activity\messages\inbox,4
file,message_1.json,.json,your_instagram_activity\messages\inbox\marianirceguimaraesleite_1887287949332566\message_1.json,your_instagram_activity\messages\inbox\marianirceguimaraesleite_1887287949332566,5
directory,marioaugustopadulacastro_1587272562667441,,your_instagram_activity\messages\inbox\marioaugustopadulacastro_1587272562667441,your_instagram_activity\messages\inbox,4
file,message_1.json,.json,your_instagram_activity\messages\inbox\marioaugustopadulacastro_1587272562667441\message_1.json,your_instagram_activity\messages\inbox\marioaugustopadulacastro_1587272562667441,5
directory,mariojunio_1848205906574104,,your_instagram_activity\messages\inbox\mariojunio_1848205906574104,your_instagram_activity\messages\inbox,4
file,message_1.json,.json,your_instagram_activity\messages\inbox\mariojunio_1848205906574104\message_1.json,your_instagram_activity\messages\inbox\mariojunio_1848205906574104,5
directory,maristelacarvalhomarykayrioverde_1351404882927728,,your_instagram_activity\messages\inbox\maristelacarvalhomarykayrioverde_1351404882927728,your_instagram_activity\messages\inbox,4
file,message_1.json,.json,your_instagram_activity\messages\inbox\maristelacarvalhomarykayrioverde_1351404882927728\message_1.json,your_instagram_activity\messages\inbox\maristelacarvalhomarykayrioverde_1351404882927728,5
directory,maristelamoraes_1626238362104194,,your_instagram_activity\messages\inbox\maristelamoraes_1626238362104194,your_instagram_activity\messages\inbox,4
file,message_1.json,.json,your_instagram_activity\messages\inbox\maristelamoraes_1626238362104194\message_1.json,your_instagram_activity\messages\inbox\maristelamoraes_1626238362104194,5
directory,marketingmedicojuridicoassessoriadeimprensa_1725415425520813,,your_instagram_activity\messages\inbox\marketingmedicojuridicoassessoriadeimprensa_1725415425520813,your_instagram_activity\messages\inbox,4
file,message_1.json,.json,your_instagram_activity\messages\inbox\marketingmedicojuridicoassessoriadeimprensa_1725415425520813\message_1.json,your_instagram_activity\messages\inbox\marketingmedicojuridicoassessoriadeimprensa_1725415425520813,5
directory,marlizifarezinbarbosa_1708781620516534,,your_instagram_activity\messages\inbox\marlizifarezinbarbosa_1708781620516534,your_instagram_activity\messages\inbox,4
file,message_1.json,.json,your_instagram_activity\messages\inbox\marlizifarezinbarbosa_1708781620516534\message_1.json,your_instagram_activity\messages\inbox\marlizifarezinbarbosa_1708781620516534,5
directory,marquimeletromarrioverdego_1657236069004423,,your_instagram_activity\messages\inbox\marquimeletromarrioverdego_1657236069004423,your_instagram_activity\messages\inbox,4
file,message_1.json,.json,your_instagram_activity\messages\inbox\marquimeletromarrioverdego_1657236069004423\message_1.json,your_instagram_activity\messages\inbox\marquimeletromarrioverdego_1657236069004423,5
directory,marussaboldrin_483040899757285,,your_instagram_activity\messages\inbox\marussaboldrin_483040899757285,your_instagram_activity\messages\inbox,4
file,message_1.json,.json,your_instagram_activity\messages\inbox\marussaboldrin_483040899757285\message_1.json,your_instagram_activity\messages\inbox\marussaboldrin_483040899757285,5
directory,marysilva_954316992629671,,your_instagram_activity\messages\inbox\marysilva_954316992629671,your_instagram_activity\messages\inbox,4
file,message_1.json,.json,your_instagram_activity\messages\inbox\marysilva_954316992629671\message_1.json,your_instagram_activity\messages\inbox\marysilva_954316992629671,5
directory,mastergeoengenharia_1178831976844837,,your_instagram_activity\messages\inbox\mastergeoengenharia_1178831976844837,your_instagram_activity\messages\inbox,4
file,message_1.json,.json,your_instagram_activity\messages\inbox\mastergeoengenharia_1178831976844837\message_1.json,your_instagram_activity\messages\inbox\mastergeoengenharia_1178831976844837,5
directory,mauricioebeling_1700413908019972,,your_instagram_activity\messages\inbox\mauricioebeling_1700413908019972,your_instagram_activity\messages\inbox,4
file,message_1.json,.json,your_instagram_activity\messages\inbox\mauricioebeling_1700413908019972\message_1.json,your_instagram_activity\messages\inbox\mauricioebeling_1700413908019972,5
directory,maxegabriel_1751101689617860,,your_instagram_activity\messages\inbox\maxegabriel_1751101689617860,your_instagram_activity\messages\inbox,4
file,message_1.json,.json,your_instagram_activity\messages\inbox\maxegabriel_1751101689617860\message_1.json,your_instagram_activity\messages\inbox\maxegabriel_1751101689617860,5
directory,mayckonferreira_1648388359889194,,your_instagram_activity\messages\inbox\mayckonferreira_1648388359889194,your_instagram_activity\messages\inbox,4
file,message_1.json,.json,your_instagram_activity\messages\inbox\mayckonferreira_1648388359889194\message_1.json,your_instagram_activity\messages\inbox\mayckonferreira_1648388359889194,5
directory,mayraekauan_1767090278019001,,your_instagram_activity\messages\inbox\mayraekauan_1767090278019001,your_instagram_activity\messages\inbox,4
file,message_1.json,.json,your_instagram_activity\messages\inbox\mayraekauan_1767090278019001\message_1.json,your_instagram_activity\messages\inbox\mayraekauan_1767090278019001,5
directory,mbrf_1491665868894778,,your_instagram_activity\messages\inbox\mbrf_1491665868894778,your_instagram_activity\messages\inbox,4
file,message_1.json,.json,your_instagram_activity\messages\inbox\mbrf_1491665868894778\message_1.json,your_instagram_activity\messages\inbox\mbrf_1491665868894778,5
directory,medeiroseanicetoassessoria_1795053155222713,,your_instagram_activity\messages\inbox\medeiroseanicetoassessoria_1795053155222713,your_instagram_activity\messages\inbox,4
file,message_1.json,.json,your_instagram_activity\messages\inbox\medeiroseanicetoassessoria_1795053155222713\message_1.json,your_instagram_activity\messages\inbox\medeiroseanicetoassessoria_1795053155222713,5
directory,mercadaorioverde_540860793975295,,your_instagram_activity\messages\inbox\mercadaorioverde_540860793975295,your_instagram_activity\messages\inbox,4
file,message_1.json,.json,your_instagram_activity\messages\inbox\mercadaorioverde_540860793975295\message_1.json,your_instagram_activity\messages\inbox\mercadaorioverde_540860793975295,5
directory,mercieaparecidapsicologa_1889131792481515,,your_instagram_activity\messages\inbox\mercieaparecidapsicologa_1889131792481515,your_instagram_activity\messages\inbox,4
file,message_1.json,.json,your_instagram_activity\messages\inbox\mercieaparecidapsicologa_1889131792481515\message_1.json,your_instagram_activity\messages\inbox\mercieaparecidapsicologa_1889131792481515,5
directory,messiasjunior_1760095812051781,,your_instagram_activity\messages\inbox\messiasjunior_1760095812051781,your_instagram_activity\messages\inbox,4
file,message_1.json,.json,your_instagram_activity\messages\inbox\messiasjunior_1760095812051781\message_1.json,your_instagram_activity\messages\inbox\messiasjunior_1760095812051781,5
directory,michelecristinaribeiro_1847732286621466,,your_instagram_activity\messages\inbox\michelecristinaribeiro_1847732286621466,your_instagram_activity\messages\inbox,4
file,message_1.json,.json,your_instagram_activity\messages\inbox\michelecristinaribeiro_1847732286621466\message_1.json,your_instagram_activity\messages\inbox\michelecristinaribeiro_1847732286621466,5
directory,michelefaria_1789067619154600,,your_instagram_activity\messages\inbox\michelefaria_1789067619154600,your_instagram_activity\messages\inbox,4
file,message_1.json,.json,your_instagram_activity\messages\inbox\michelefaria_1789067619154600\message_1.json,your_instagram_activity\messages\inbox\michelefaria_1789067619154600,5
directory,miguelbispocontadordasaude_1797693158293722,,your_instagram_activity\messages\inbox\miguelbispocontadordasaude_1797693158293722,your_instagram_activity\messages\inbox,4
file,message_1.json,.json,your_instagram_activity\messages\inbox\miguelbispocontadordasaude_1797693158293722\message_1.json,your_instagram_activity\messages\inbox\miguelbispocontadordasaude_1797693158293722,5
directory,ministeriopublicodegoiasmpgo_1763674841693878,,your_instagram_activity\messages\inbox\ministeriopublicodegoiasmpgo_1763674841693878,your_instagram_activity\messages\inbox,4
file,message_1.json,.json,your_instagram_activity\messages\inbox\ministeriopublicodegoiasmpgo_1763674841693878\message_1.json,your_instagram_activity\messages\inbox\ministeriopublicodegoiasmpgo_1763674841693878,5
directory,mirianguimaraes_1801961881199874,,your_instagram_activity\messages\inbox\mirianguimaraes_1801961881199874,your_instagram_activity\messages\inbox,4
file,message_1.json,.json,your_instagram_activity\messages\inbox\mirianguimaraes_1801961881199874\message_1.json,your_instagram_activity\messages\inbox\mirianguimaraes_1801961881199874,5
directory,moldpremoldadoslajesblocos_1320796335981733,,your_instagram_activity\messages\inbox\moldpremoldadoslajesblocos_1320796335981733,your_instagram_activity\messages\inbox,4
file,message_1.json,.json,your_instagram_activity\messages\inbox\moldpremoldadoslajesblocos_1320796335981733\message_1.json,your_instagram_activity\messages\inbox\moldpremoldadoslajesblocos_1320796335981733,5
directory,monicafranco_1784636992930996,,your_instagram_activity\messages\inbox\monicafranco_1784636992930996,your_instagram_activity\messages\inbox,4
file,message_1.json,.json,your_instagram_activity\messages\inbox\monicafranco_1784636992930996\message_1.json,your_instagram_activity\messages\inbox\monicafranco_1784636992930996,5
directory,montagriengenharia_1476810343753107,,your_instagram_activity\messages\inbox\montagriengenharia_1476810343753107,your_instagram_activity\messages\inbox,4
file,message_1.json,.json,your_instagram_activity\messages\inbox\montagriengenharia_1476810343753107\message_1.json,your_instagram_activity\messages\inbox\montagriengenharia_1476810343753107,5
directory,mtec_1943767857017908,,your_instagram_activity\messages\inbox\mtec_1943767857017908,your_instagram_activity\messages\inbox,4
file,message_1.json,.json,your_instagram_activity\messages\inbox\mtec_1943767857017908\message_1.json,your_instagram_activity\messages\inbox\mtec_1943767857017908,5
directory,multprofissoes_1731141058280590,,your_instagram_activity\messages\inbox\multprofissoes_1731141058280590,your_instagram_activity\messages\inbox,4
file,message_1.json,.json,your_instagram_activity\messages\inbox\multprofissoes_1731141058280590\message_1.json,your_instagram_activity\messages\inbox\multprofissoes_1731141058280590,5
directory,multsegmultagronegociosrv_1725454902182539,,your_instagram_activity\messages\inbox\multsegmultagronegociosrv_1725454902182539,your_instagram_activity\messages\inbox,4
file,message_1.json,.json,your_instagram_activity\messages\inbox\multsegmultagronegociosrv_1725454902182539\message_1.json,your_instagram_activity\messages\inbox\multsegmultagronegociosrv_1725454902182539,5
directory,murilloborgesvieiragarcia_1835590137836632,,your_instagram_activity\messages\inbox\murilloborgesvieiragarcia_1835590137836632,your_instagram_activity\messages\inbox,4
file,message_1.json,.json,your_instagram_activity\messages\inbox\murilloborgesvieiragarcia_1835590137836632\message_1.json,your_instagram_activity\messages\inbox\murilloborgesvieiragarcia_1835590137836632,5
directory,muriloveiculos_1706408097420553,,your_instagram_activity\messages\inbox\muriloveiculos_1706408097420553,your_instagram_activity\messages\inbox,4
file,message_1.json,.json,your_instagram_activity\messages\inbox\muriloveiculos_1706408097420553\message_1.json,your_instagram_activity\messages\inbox\muriloveiculos_1706408097420553,5
directory,myshoprioverdego_1785628326165196,,your_instagram_activity\messages\inbox\myshoprioverdego_1785628326165196,your_instagram_activity\messages\inbox,4
file,message_1.json,.json,your_instagram_activity\messages\inbox\myshoprioverdego_1785628326165196\message_1.json,your_instagram_activity\messages\inbox\myshoprioverdego_1785628326165196,5
directory,naaraoliveira_1787391175994515,,your_instagram_activity\messages\inbox\naaraoliveira_1787391175994515,your_instagram_activity\messages\inbox,4
file,message_1.json,.json,your_instagram_activity\messages\inbox\naaraoliveira_1787391175994515\message_1.json,your_instagram_activity\messages\inbox\naaraoliveira_1787391175994515,5
directory,naiaracanossa_1573972383997459,,your_instagram_activity\messages\inbox\naiaracanossa_1573972383997459,your_instagram_activity\messages\inbox,4
file,message_1.json,.json,your_instagram_activity\messages\inbox\naiaracanossa_1573972383997459\message_1.json,your_instagram_activity\messages\inbox\naiaracanossa_1573972383997459,5
directory,nandelltreinamentosepalestras_1708623940532302,,your_instagram_activity\messages\inbox\nandelltreinamentosepalestras_1708623940532302,your_instagram_activity\messages\inbox,4
file,message_1.json,.json,your_instagram_activity\messages\inbox\nandelltreinamentosepalestras_1708623940532302\message_1.json,your_instagram_activity\messages\inbox\nandelltreinamentosepalestras_1708623940532302,5
directory,nasainstalacoeseletricas_1807410983986930,,your_instagram_activity\messages\inbox\nasainstalacoeseletricas_1807410983986930,your_instagram_activity\messages\inbox,4
file,message_1.json,.json,your_instagram_activity\messages\inbox\nasainstalacoeseletricas_1807410983986930\message_1.json,your_instagram_activity\messages\inbox\nasainstalacoeseletricas_1807410983986930,5
directory,nathaliacamposmatos_1757532492308113,,your_instagram_activity\messages\inbox\nathaliacamposmatos_1757532492308113,your_instagram_activity\messages\inbox,4
file,message_1.json,.json,your_instagram_activity\messages\inbox\nathaliacamposmatos_1757532492308113\message_1.json,your_instagram_activity\messages\inbox\nathaliacamposmatos_1757532492308113,5
directory,nathaliacasagrande_1814259416635420,,your_instagram_activity\messages\inbox\nathaliacasagrande_1814259416635420,your_instagram_activity\messages\inbox,4
file,message_1.json,.json,your_instagram_activity\messages\inbox\nathaliacasagrande_1814259416635420\message_1.json,your_instagram_activity\messages\inbox\nathaliacasagrande_1814259416635420,5
directory,nathanreimotors_1864496878278585,,your_instagram_activity\messages\inbox\nathanreimotors_1864496878278585,your_instagram_activity\messages\inbox,4
file,message_1.json,.json,your_instagram_activity\messages\inbox\nathanreimotors_1864496878278585\message_1.json,your_instagram_activity\messages\inbox\nathanreimotors_1864496878278585,5
directory,nayarabarcelos_950492459678791,,your_instagram_activity\messages\inbox\nayarabarcelos_950492459678791,your_instagram_activity\messages\inbox,4
file,message_1.json,.json,your_instagram_activity\messages\inbox\nayarabarcelos_950492459678791\message_1.json,your_instagram_activity\messages\inbox\nayarabarcelos_950492459678791,5
directory,nayarafernandes_1781873686540660,,your_instagram_activity\messages\inbox\nayarafernandes_1781873686540660,your_instagram_activity\messages\inbox,4
file,message_1.json,.json,your_instagram_activity\messages\inbox\nayarafernandes_1781873686540660\message_1.json,your_instagram_activity\messages\inbox\nayarafernandes_1781873686540660,5
directory,nectarcontabilidade_902523707809000,,your_instagram_activity\messages\inbox\nectarcontabilidade_902523707809000,your_instagram_activity\messages\inbox,4
file,message_1.json,.json,your_instagram_activity\messages\inbox\nectarcontabilidade_902523707809000\message_1.json,your_instagram_activity\messages\inbox\nectarcontabilidade_902523707809000,5
directory,nectarsistemasdegestao_530619161400885,,your_instagram_activity\messages\inbox\nectarsistemasdegestao_530619161400885,your_instagram_activity\messages\inbox,4
file,message_1.json,.json,your_instagram_activity\messages\inbox\nectarsistemasdegestao_530619161400885\message_1.json,your_instagram_activity\messages\inbox\nectarsistemasdegestao_530619161400885,5
directory,neivosumny_1700413901353306,,your_instagram_activity\messages\inbox\neivosumny_1700413901353306,your_instagram_activity\messages\inbox,4
file,message_1.json,.json,your_instagram_activity\messages\inbox\neivosumny_1700413901353306\message_1.json,your_instagram_activity\messages\inbox\neivosumny_1700413901353306,5
directory,neto_1685693762825320,,your_instagram_activity\messages\inbox\neto_1685693762825320,your_instagram_activity\messages\inbox,4
file,message_1.json,.json,your_instagram_activity\messages\inbox\neto_1685693762825320\message_1.json,your_instagram_activity\messages\inbox\neto_1685693762825320,5
directory,neuzelilemescorretoradeimoveis_871076807625871,,your_instagram_activity\messages\inbox\neuzelilemescorretoradeimoveis_871076807625871,your_instagram_activity\messages\inbox,4
file,message_1.json,.json,your_instagram_activity\messages\inbox\neuzelilemescorretoradeimoveis_871076807625871\message_1.json,your_instagram_activity\messages\inbox\neuzelilemescorretoradeimoveis_871076807625871,5
directory,nexussistemas_1363733938354639,,your_instagram_activity\messages\inbox\nexussistemas_1363733938354639,your_instagram_activity\messages\inbox,4
file,message_1.json,.json,your_instagram_activity\messages\inbox\nexussistemas_1363733938354639\message_1.json,your_instagram_activity\messages\inbox\nexussistemas_1363733938354639,5
directory,nicolecastilho_1790754618985900,,your_instagram_activity\messages\inbox\nicolecastilho_1790754618985900,your_instagram_activity\messages\inbox,4
file,message_1.json,.json,your_instagram_activity\messages\inbox\nicolecastilho_1790754618985900\message_1.json,your_instagram_activity\messages\inbox\nicolecastilho_1790754618985900,5
directory,nitidopaineis_1271384694256231,,your_instagram_activity\messages\inbox\nitidopaineis_1271384694256231,your_instagram_activity\messages\inbox,4
file,message_1.json,.json,your_instagram_activity\messages\inbox\nitidopaineis_1271384694256231\message_1.json,your_instagram_activity\messages\inbox\nitidopaineis_1271384694256231,5
directory,nossarioverde_1926847635376597,,your_instagram_activity\messages\inbox\nossarioverde_1926847635376597,your_instagram_activity\messages\inbox,4
file,message_1.json,.json,your_instagram_activity\messages\inbox\nossarioverde_1926847635376597\message_1.json,your_instagram_activity\messages\inbox\nossarioverde_1926847635376597,5
directory,nossobairronossacidaderioverde_764375558290483,,your_instagram_activity\messages\inbox\nossobairronossacidaderioverde_764375558290483,your_instagram_activity\messages\inbox,4
file,message_1.json,.json,your_instagram_activity\messages\inbox\nossobairronossacidaderioverde_764375558290483\message_1.json,your_instagram_activity\messages\inbox\nossobairronossacidaderioverde_764375558290483,5
directory,nsaaparecidaceuazul_1796771371717558,,your_instagram_activity\messages\inbox\nsaaparecidaceuazul_1796771371717558,your_instagram_activity\messages\inbox,4
file,message_1.json,.json,your_instagram_activity\messages\inbox\nsaaparecidaceuazul_1796771371717558\message_1.json,your_instagram_activity\messages\inbox\nsaaparecidaceuazul_1796771371717558,5
directory,ntwagrorioverde_1656339049094125,,your_instagram_activity\messages\inbox\ntwagrorioverde_1656339049094125,your_instagram_activity\messages\inbox,4
file,message_1.json,.json,your_instagram_activity\messages\inbox\ntwagrorioverde_1656339049094125\message_1.json,your_instagram_activity\messages\inbox\ntwagrorioverde_1656339049094125,5
directory,nutrimasterrefeicoes_1378406476887385,,your_instagram_activity\messages\inbox\nutrimasterrefeicoes_1378406476887385,your_instagram_activity\messages\inbox,4
file,message_1.json,.json,your_instagram_activity\messages\inbox\nutrimasterrefeicoes_1378406476887385\message_1.json,your_instagram_activity\messages\inbox\nutrimasterrefeicoes_1378406476887385,5
directory,oabrioverdeoficial_1251730779554956,,your_instagram_activity\messages\inbox\oabrioverdeoficial_1251730779554956,your_instagram_activity\messages\inbox,4
file,message_1.json,.json,your_instagram_activity\messages\inbox\oabrioverdeoficial_1251730779554956\message_1.json,your_instagram_activity\messages\inbox\oabrioverdeoficial_1251730779554956,5
directory,oesteluzenergiasolar_1794105121984183,,your_instagram_activity\messages\inbox\oesteluzenergiasolar_1794105121984183,your_instagram_activity\messages\inbox,4
file,message_1.json,.json,your_instagram_activity\messages\inbox\oesteluzenergiasolar_1794105121984183\message_1.json,your_instagram_activity\messages\inbox\oesteluzenergiasolar_1794105121984183,5
directory,oliviapena_1298031741591526,,your_instagram_activity\messages\inbox\oliviapena_1298031741591526,your_instagram_activity\messages\inbox,4
file,message_1.json,.json,your_instagram_activity\messages\inbox\oliviapena_1298031741591526\message_1.json,your_instagram_activity\messages\inbox\oliviapena_1298031741591526,5
directory,onofrearantes_1779839593410736,,your_instagram_activity\messages\inbox\onofrearantes_1779839593410736,your_instagram_activity\messages\inbox,4
file,message_1.json,.json,your_instagram_activity\messages\inbox\onofrearantes_1779839593410736\message_1.json,your_instagram_activity\messages\inbox\onofrearantes_1779839593410736,5
directory,orquideanegocios_1296220088439358,,your_instagram_activity\messages\inbox\orquideanegocios_1296220088439358,your_instagram_activity\messages\inbox,4
file,message_1.json,.json,your_instagram_activity\messages\inbox\orquideanegocios_1296220088439358\message_1.json,your_instagram_activity\messages\inbox\orquideanegocios_1296220088439358,5
directory,orv_662383781895195,,your_instagram_activity\messages\inbox\orv_662383781895195,your_instagram_activity\messages\inbox,4
file,message_1.json,.json,your_instagram_activity\messages\inbox\orv_662383781895195\message_1.json,your_instagram_activity\messages\inbox\orv_662383781895195,5
directory,osileiapires_1465149411550368,,your_instagram_activity\messages\inbox\osileiapires_1465149411550368,your_instagram_activity\messages\inbox,4
file,message_1.json,.json,your_instagram_activity\messages\inbox\osileiapires_1465149411550368\message_1.json,your_instagram_activity\messages\inbox\osileiapires_1465149411550368,5
directory,osmar_ponce_leones__1920982905963070,,your_instagram_activity\messages\inbox\osmar_ponce_leones__1920982905963070,your_instagram_activity\messages\inbox,4
file,message_1.json,.json,your_instagram_activity\messages\inbox\osmar_ponce_leones__1920982905963070\message_1.json,your_instagram_activity\messages\inbox\osmar_ponce_leones__1920982905963070,5
directory,osmarrobertofcunha_1757502628977766,,your_instagram_activity\messages\inbox\osmarrobertofcunha_1757502628977766,your_instagram_activity\messages\inbox,4
file,message_1.json,.json,your_instagram_activity\messages\inbox\osmarrobertofcunha_1757502628977766\message_1.json,your_instagram_activity\messages\inbox\osmarrobertofcunha_1757502628977766,5
directory,osvaldosantos_546574856737222,,your_instagram_activity\messages\inbox\osvaldosantos_546574856737222,your_instagram_activity\messages\inbox,4
file,message_1.json,.json,your_instagram_activity\messages\inbox\osvaldosantos_546574856737222\message_1.json,your_instagram_activity\messages\inbox\osvaldosantos_546574856737222,5
directory,oswaldoabud_1731907598203936,,your_instagram_activity\messages\inbox\oswaldoabud_1731907598203936,your_instagram_activity\messages\inbox,4
file,message_1.json,.json,your_instagram_activity\messages\inbox\oswaldoabud_1731907598203936\message_1.json,your_instagram_activity\messages\inbox\oswaldoabud_1731907598203936,5
directory,otamirasantosreabilitacaocabecaepescoco_1956176262443734,,your_instagram_activity\messages\inbox\otamirasantosreabilitacaocabecaepescoco_1956176262443734,your_instagram_activity\messages\inbox,4
file,message_1.json,.json,your_instagram_activity\messages\inbox\otamirasantosreabilitacaocabecaepescoco_1956176262443734\message_1.json,your_instagram_activity\messages\inbox\otamirasantosreabilitacaocabecaepescoco_1956176262443734,5
directory,pagnocelli_1659481098779920,,your_instagram_activity\messages\inbox\pagnocelli_1659481098779920,your_instagram_activity\messages\inbox,4
file,message_1.json,.json,your_instagram_activity\messages\inbox\pagnocelli_1659481098779920\message_1.json,your_instagram_activity\messages\inbox\pagnocelli_1659481098779920,5
directory,pamellafonsecafurquim_1822273785833983,,your_instagram_activity\messages\inbox\pamellafonsecafurquim_1822273785833983,your_instagram_activity\messages\inbox,4
file,message_1.json,.json,your_instagram_activity\messages\inbox\pamellafonsecafurquim_1822273785833983\message_1.json,your_instagram_activity\messages\inbox\pamellafonsecafurquim_1822273785833983,5
directory,pamellaguimaraes_1724355785625784,,your_instagram_activity\messages\inbox\pamellaguimaraes_1724355785625784,your_instagram_activity\messages\inbox,4
file,message_1.json,.json,your_instagram_activity\messages\inbox\pamellaguimaraes_1724355785625784\message_1.json,your_instagram_activity\messages\inbox\pamellaguimaraes_1724355785625784,5
directory,patinhasonlinerioverdego_876503642954031,,your_instagram_activity\messages\inbox\patinhasonlinerioverdego_876503642954031,your_instagram_activity\messages\inbox,4
file,message_1.json,.json,your_instagram_activity\messages\inbox\patinhasonlinerioverdego_876503642954031\message_1.json,your_instagram_activity\messages\inbox\patinhasonlinerioverdego_876503642954031,5
directory,photos,,your_instagram_activity\messages\inbox\patinhasonlinerioverdego_876503642954031\photos,your_instagram_activity\messages\inbox\patinhasonlinerioverdego_876503642954031,5
file,687505883979944.jpg,.jpg,your_instagram_activity\messages\inbox\patinhasonlinerioverdego_876503642954031\photos\687505883979944.jpg,your_instagram_activity\messages\inbox\patinhasonlinerioverdego_876503642954031\photos,6
directory,patriciacabral_562243375170370,,your_instagram_activity\messages\inbox\patriciacabral_562243375170370,your_instagram_activity\messages\inbox,4
file,message_1.json,.json,your_instagram_activity\messages\inbox\patriciacabral_562243375170370\message_1.json,your_instagram_activity\messages\inbox\patriciacabral_562243375170370,5
directory,patriciajesusfabro_1835163447878350,,your_instagram_activity\messages\inbox\patriciajesusfabro_1835163447878350,your_instagram_activity\messages\inbox,4
file,message_1.json,.json,your_instagram_activity\messages\inbox\patriciajesusfabro_1835163447878350\message_1.json,your_instagram_activity\messages\inbox\patriciajesusfabro_1835163447878350,5
directory,patrickalievi_1800399488026523,,your_instagram_activity\messages\inbox\patrickalievi_1800399488026523,your_instagram_activity\messages\inbox,4
file,message_1.json,.json,your_instagram_activity\messages\inbox\patrickalievi_1800399488026523\message_1.json,your_instagram_activity\messages\inbox\patrickalievi_1800399488026523,5
directory,paulajesmyellechaves_1768053617922667,,your_instagram_activity\messages\inbox\paulajesmyellechaves_1768053617922667,your_instagram_activity\messages\inbox,4
file,message_1.json,.json,your_instagram_activity\messages\inbox\paulajesmyellechaves_1768053617922667\message_1.json,your_instagram_activity\messages\inbox\paulajesmyellechaves_1768053617922667,5
directory,paulasimoescoacheconsultora_215439183887128,,your_instagram_activity\messages\inbox\paulasimoescoacheconsultora_215439183887128,your_instagram_activity\messages\inbox,4
file,message_1.json,.json,your_instagram_activity\messages\inbox\paulasimoescoacheconsultora_215439183887128\message_1.json,your_instagram_activity\messages\inbox\paulasimoescoacheconsultora_215439183887128,5
directory,paulodias_1767090281352334,,your_instagram_activity\messages\inbox\paulodias_1767090281352334,your_instagram_activity\messages\inbox,4
file,message_1.json,.json,your_instagram_activity\messages\inbox\paulodias_1767090281352334\message_1.json,your_instagram_activity\messages\inbox\paulodias_1767090281352334,5
directory,paulodovale_534001861327855,,your_instagram_activity\messages\inbox\paulodovale_534001861327855,your_instagram_activity\messages\inbox,4
file,message_1.json,.json,your_instagram_activity\messages\inbox\paulodovale_534001861327855\message_1.json,your_instagram_activity\messages\inbox\paulodovale_534001861327855,5
directory,paulohenriquereis_1768642244530471,,your_instagram_activity\messages\inbox\paulohenriquereis_1768642244530471,your_instagram_activity\messages\inbox,4
file,message_1.json,.json,your_instagram_activity\messages\inbox\paulohenriquereis_1768642244530471\message_1.json,your_instagram_activity\messages\inbox\paulohenriquereis_1768642244530471,5
directory,paulohumberto_242135147823536,,your_instagram_activity\messages\inbox\paulohumberto_242135147823536,your_instagram_activity\messages\inbox,4
file,message_1.json,.json,your_instagram_activity\messages\inbox\paulohumberto_242135147823536\message_1.json,your_instagram_activity\messages\inbox\paulohumberto_242135147823536,5
directory,pauloresende_1129861598408542,,your_instagram_activity\messages\inbox\pauloresende_1129861598408542,your_instagram_activity\messages\inbox,4
file,message_1.json,.json,your_instagram_activity\messages\inbox\pauloresende_1129861598408542\message_1.json,your_instagram_activity\messages\inbox\pauloresende_1129861598408542,5
directory,paulosergiodasilva_1760990738628955,,your_instagram_activity\messages\inbox\paulosergiodasilva_1760990738628955,your_instagram_activity\messages\inbox,4
file,message_1.json,.json,your_instagram_activity\messages\inbox\paulosergiodasilva_1760990738628955\message_1.json,your_instagram_activity\messages\inbox\paulosergiodasilva_1760990738628955,5
directory,paxrioverde_565777404816967,,your_instagram_activity\messages\inbox\paxrioverde_565777404816967,your_instagram_activity\messages\inbox,4
file,message_1.json,.json,your_instagram_activity\messages\inbox\paxrioverde_565777404816967\message_1.json,your_instagram_activity\messages\inbox\paxrioverde_565777404816967,5
directory,paxsantahelena_1934794367915328,,your_instagram_activity\messages\inbox\paxsantahelena_1934794367915328,your_instagram_activity\messages\inbox,4
file,message_1.json,.json,your_instagram_activity\messages\inbox\paxsantahelena_1934794367915328\message_1.json,your_instagram_activity\messages\inbox\paxsantahelena_1934794367915328,5
directory,pedroaugustoribeiroperes_1768039314590764,,your_instagram_activity\messages\inbox\pedroaugustoribeiroperes_1768039314590764,your_instagram_activity\messages\inbox,4
file,message_1.json,.json,your_instagram_activity\messages\inbox\pedroaugustoribeiroperes_1768039314590764\message_1.json,your_instagram_activity\messages\inbox\pedroaugustoribeiroperes_1768039314590764,5
directory,pedrohenriquerabelo_1760986451962717,,your_instagram_activity\messages\inbox\pedrohenriquerabelo_1760986451962717,your_instagram_activity\messages\inbox,4
file,message_1.json,.json,your_instagram_activity\messages\inbox\pedrohenriquerabelo_1760986451962717\message_1.json,your_instagram_activity\messages\inbox\pedrohenriquerabelo_1760986451962717,5
directory,pedropaullofuturaimoveis_491492568912118,,your_instagram_activity\messages\inbox\pedropaullofuturaimoveis_491492568912118,your_instagram_activity\messages\inbox,4
file,message_1.json,.json,your_instagram_activity\messages\inbox\pedropaullofuturaimoveis_491492568912118\message_1.json,your_instagram_activity\messages\inbox\pedropaullofuturaimoveis_491492568912118,5
directory,videos,,your_instagram_activity\messages\inbox\pedropaullofuturaimoveis_491492568912118\videos,your_instagram_activity\messages\inbox\pedropaullofuturaimoveis_491492568912118,5
file,2212675425847599.mp4,.mp4,your_instagram_activity\messages\inbox\pedropaullofuturaimoveis_491492568912118\videos\2212675425847599.mp4,your_instagram_activity\messages\inbox\pedropaullofuturaimoveis_491492568912118\videos,6
directory,pedrosales_1732027041525325,,your_instagram_activity\messages\inbox\pedrosales_1732027041525325,your_instagram_activity\messages\inbox,4
file,message_1.json,.json,your_instagram_activity\messages\inbox\pedrosales_1732027041525325\message_1.json,your_instagram_activity\messages\inbox\pedrosales_1732027041525325,5
directory,perdigaooficial_1914146579981557,,your_instagram_activity\messages\inbox\perdigaooficial_1914146579981557,your_instagram_activity\messages\inbox,4
file,message_1.json,.json,your_instagram_activity\messages\inbox\perdigaooficial_1914146579981557\message_1.json,your_instagram_activity\messages\inbox\perdigaooficial_1914146579981557,5
directory,perforconsultoria_1757274492333913,,your_instagram_activity\messages\inbox\perforconsultoria_1757274492333913,your_instagram_activity\messages\inbox,4
file,message_1.json,.json,your_instagram_activity\messages\inbox\perforconsultoria_1757274492333913\message_1.json,your_instagram_activity\messages\inbox\perforconsultoria_1757274492333913,5
directory,performancegenteegestaodesenvolvimentohumanoestrategico_1353593049368728,,your_instagram_activity\messages\inbox\performancegenteegestaodesenvolvimentohumanoestrategico_1353593049368728,your_instagram_activity\messages\inbox,4
file,message_1.json,.json,your_instagram_activity\messages\inbox\performancegenteegestaodesenvolvimentohumanoestrategico_1353593049368728\message_1.json,your_instagram_activity\messages\inbox\performancegenteegestaodesenvolvimentohumanoestrategico_1353593049368728,5
directory,phdsistemas_1421486759249440,,your_instagram_activity\messages\inbox\phdsistemas_1421486759249440,your_instagram_activity\messages\inbox,4
file,message_1.json,.json,your_instagram_activity\messages\inbox\phdsistemas_1421486759249440\message_1.json,your_instagram_activity\messages\inbox\phdsistemas_1421486759249440,5
directory,pignattimarcasepatentesr_502509437810431,,your_instagram_activity\messages\inbox\pignattimarcasepatentesr_502509437810431,your_instagram_activity\messages\inbox,4
file,message_1.json,.json,your_instagram_activity\messages\inbox\pignattimarcasepatentesr_502509437810431\message_1.json,your_instagram_activity\messages\inbox\pignattimarcasepatentesr_502509437810431,5
directory,planaltocaseih_1836702417728201,,your_instagram_activity\messages\inbox\planaltocaseih_1836702417728201,your_instagram_activity\messages\inbox,4
file,message_1.json,.json,your_instagram_activity\messages\inbox\planaltocaseih_1836702417728201\message_1.json,your_instagram_activity\messages\inbox\planaltocaseih_1836702417728201,5
directory,plantaevidamoporv_1833385928056102,,your_instagram_activity\messages\inbox\plantaevidamoporv_1833385928056102,your_instagram_activity\messages\inbox,4
file,message_1.json,.json,your_instagram_activity\messages\inbox\plantaevidamoporv_1833385928056102\message_1.json,your_instagram_activity\messages\inbox\plantaevidamoporv_1833385928056102,5
directory,playlocacoesmesasclimatizadoresbistrorioverde_1011641416896119,,your_instagram_activity\messages\inbox\playlocacoesmesasclimatizadoresbistrorioverde_1011641416896119,your_instagram_activity\messages\inbox,4
file,message_1.json,.json,your_instagram_activity\messages\inbox\playlocacoesmesasclimatizadoresbistrorioverde_1011641416896119\message_1.json,your_instagram_activity\messages\inbox\playlocacoesmesasclimatizadoresbistrorioverde_1011641416896119,5
directory,pliniocesar_1753710162690346,,your_instagram_activity\messages\inbox\pliniocesar_1753710162690346,your_instagram_activity\messages\inbox,4
file,message_1.json,.json,your_instagram_activity\messages\inbox\pliniocesar_1753710162690346\message_1.json,your_instagram_activity\messages\inbox\pliniocesar_1753710162690346,5
directory,pointpasteis_1784654006262628,,your_instagram_activity\messages\inbox\pointpasteis_1784654006262628,your_instagram_activity\messages\inbox,4
file,message_1.json,.json,your_instagram_activity\messages\inbox\pointpasteis_1784654006262628\message_1.json,your_instagram_activity\messages\inbox\pointpasteis_1784654006262628,5
directory,policiacivil8adrp_815926539802051,,your_instagram_activity\messages\inbox\policiacivil8adrp_815926539802051,your_instagram_activity\messages\inbox,4
file,message_1.json,.json,your_instagram_activity\messages\inbox\policiacivil8adrp_815926539802051\message_1.json,your_instagram_activity\messages\inbox\policiacivil8adrp_815926539802051,5
directory,poltronicaalugueldepoltronaseletronicasposoperatorio_1956467929081234,,your_instagram_activity\messages\inbox\poltronicaalugueldepoltronaseletronicasposoperatorio_1956467929081234,your_instagram_activity\messages\inbox,4
file,message_1.json,.json,your_instagram_activity\messages\inbox\poltronicaalugueldepoltronaseletronicasposoperatorio_1956467929081234\message_1.json,your_instagram_activity\messages\inbox\poltronicaalugueldepoltronaseletronicasposoperatorio_1956467929081234,5
directory,polyannerezende_1699960688065294,,your_instagram_activity\messages\inbox\polyannerezende_1699960688065294,your_instagram_activity\messages\inbox,4
file,message_1.json,.json,your_instagram_activity\messages\inbox\polyannerezende_1699960688065294\message_1.json,your_instagram_activity\messages\inbox\polyannerezende_1699960688065294,5
directory,pouppoficial_1762565115138184,,your_instagram_activity\messages\inbox\pouppoficial_1762565115138184,your_instagram_activity\messages\inbox,4
file,message_1.json,.json,your_instagram_activity\messages\inbox\pouppoficial_1762565115138184\message_1.json,your_instagram_activity\messages\inbox\pouppoficial_1762565115138184,5
directory,prefeituradejatai_1732541104807252,,your_instagram_activity\messages\inbox\prefeituradejatai_1732541104807252,your_instagram_activity\messages\inbox,4
file,message_1.json,.json,your_instagram_activity\messages\inbox\prefeituradejatai_1732541104807252\message_1.json,your_instagram_activity\messages\inbox\prefeituradejatai_1732541104807252,5
directory,prefeituraderioverde_589453459123218,,your_instagram_activity\messages\inbox\prefeituraderioverde_589453459123218,your_instagram_activity\messages\inbox,4
file,message_1.json,.json,your_instagram_activity\messages\inbox\prefeituraderioverde_589453459123218\message_1.json,your_instagram_activity\messages\inbox\prefeituraderioverde_589453459123218,5
directory,prfgoias_1768629237865105,,your_instagram_activity\messages\inbox\prfgoias_1768629237865105,your_instagram_activity\messages\inbox,4
file,message_1.json,.json,your_instagram_activity\messages\inbox\prfgoias_1768629237865105\message_1.json,your_instagram_activity\messages\inbox\prfgoias_1768629237865105,5
directory,primeiropedacoconfeitaria_1753571376037558,,your_instagram_activity\messages\inbox\primeiropedacoconfeitaria_1753571376037558,your_instagram_activity\messages\inbox,4
file,message_1.json,.json,your_instagram_activity\messages\inbox\primeiropedacoconfeitaria_1753571376037558\message_1.json,your_instagram_activity\messages\inbox\primeiropedacoconfeitaria_1753571376037558,5
directory,primepodcast_1687408779320485,,your_instagram_activity\messages\inbox\primepodcast_1687408779320485,your_instagram_activity\messages\inbox,4
file,message_1.json,.json,your_instagram_activity\messages\inbox\primepodcast_1687408779320485\message_1.json,your_instagram_activity\messages\inbox\primepodcast_1687408779320485,5
directory,printbrindesecomunicacaovisual_1475935027134529,,your_instagram_activity\messages\inbox\printbrindesecomunicacaovisual_1475935027134529,your_instagram_activity\messages\inbox,4
file,message_1.json,.json,your_instagram_activity\messages\inbox\printbrindesecomunicacaovisual_1475935027134529\message_1.json,your_instagram_activity\messages\inbox\printbrindesecomunicacaovisual_1475935027134529,5
directory,priscilamarquescorretoradeimoveis_1461929565209465,,your_instagram_activity\messages\inbox\priscilamarquescorretoradeimoveis_1461929565209465,your_instagram_activity\messages\inbox,4
file,message_1.json,.json,your_instagram_activity\messages\inbox\priscilamarquescorretoradeimoveis_1461929565209465\message_1.json,your_instagram_activity\messages\inbox\priscilamarquescorretoradeimoveis_1461929565209465,5
directory,procongoias_202235615260482,,your_instagram_activity\messages\inbox\procongoias_202235615260482,your_instagram_activity\messages\inbox,4
file,message_1.json,.json,your_instagram_activity\messages\inbox\procongoias_202235615260482\message_1.json,your_instagram_activity\messages\inbox\procongoias_202235615260482,5
directory,projetosorrisoverdadeir_1812945406766821,,your_instagram_activity\messages\inbox\projetosorrisoverdadeir_1812945406766821,your_instagram_activity\messages\inbox,4
file,message_1.json,.json,your_instagram_activity\messages\inbox\projetosorrisoverdadeir_1812945406766821\message_1.json,your_instagram_activity\messages\inbox\projetosorrisoverdadeir_1812945406766821,5
directory,psicologaelianeferreira_1787498705978158,,your_instagram_activity\messages\inbox\psicologaelianeferreira_1787498705978158,your_instagram_activity\messages\inbox,4
file,message_1.json,.json,your_instagram_activity\messages\inbox\psicologaelianeferreira_1787498705978158\message_1.json,your_instagram_activity\messages\inbox\psicologaelianeferreira_1787498705978158,5
directory,psicologagestaodepessoasnoagro_1323761572351876,,your_instagram_activity\messages\inbox\psicologagestaodepessoasnoagro_1323761572351876,your_instagram_activity\messages\inbox,4
file,message_1.json,.json,your_instagram_activity\messages\inbox\psicologagestaodepessoasnoagro_1323761572351876\message_1.json,your_instagram_activity\messages\inbox\psicologagestaodepessoasnoagro_1323761572351876,5
directory,psiinfantil_1937870687607625,,your_instagram_activity\messages\inbox\psiinfantil_1937870687607625,your_instagram_activity\messages\inbox,4
file,message_1.json,.json,your_instagram_activity\messages\inbox\psiinfantil_1937870687607625\message_1.json,your_instagram_activity\messages\inbox\psiinfantil_1937870687607625,5
directory,pv_1451724332888932,,your_instagram_activity\messages\inbox\pv_1451724332888932,your_instagram_activity\messages\inbox,4
file,message_1.json,.json,your_instagram_activity\messages\inbox\pv_1451724332888932\message_1.json,your_instagram_activity\messages\inbox\pv_1451724332888932,5
directory,radio96fmrioverdego_1863857191675642,,your_instagram_activity\messages\inbox\radio96fmrioverdego_1863857191675642,your_instagram_activity\messages\inbox,4
file,message_1.json,.json,your_instagram_activity\messages\inbox\radio96fmrioverdego_1863857191675642\message_1.json,your_instagram_activity\messages\inbox\radio96fmrioverdego_1863857191675642,5
directory,radiolider95fm_537354020625085,,your_instagram_activity\messages\inbox\radiolider95fm_537354020625085,your_instagram_activity\messages\inbox,4
file,message_1.json,.json,your_instagram_activity\messages\inbox\radiolider95fm_537354020625085\message_1.json,your_instagram_activity\messages\inbox\radiolider95fm_537354020625085,5
directory,radiomorada_1200384968022871,,your_instagram_activity\messages\inbox\radiomorada_1200384968022871,your_instagram_activity\messages\inbox,4
file,message_1.json,.json,your_instagram_activity\messages\inbox\radiomorada_1200384968022871\message_1.json,your_instagram_activity\messages\inbox\radiomorada_1200384968022871,5
directory,rafaelmendescomunicacaooratoriaelideranca_1148418013219567,,your_instagram_activity\messages\inbox\rafaelmendescomunicacaooratoriaelideranca_1148418013219567,your_instagram_activity\messages\inbox,4
file,message_1.json,.json,your_instagram_activity\messages\inbox\rafaelmendescomunicacaooratoriaelideranca_1148418013219567\message_1.json,your_instagram_activity\messages\inbox\rafaelmendescomunicacaooratoriaelideranca_1148418013219567,5
directory,rahuanyalmeida_1830622458340037,,your_instagram_activity\messages\inbox\rahuanyalmeida_1830622458340037,your_instagram_activity\messages\inbox,4
file,message_1.json,.json,your_instagram_activity\messages\inbox\rahuanyalmeida_1830622458340037\message_1.json,your_instagram_activity\messages\inbox\rahuanyalmeida_1830622458340037,5
directory,raianymachado_1768057154588980,,your_instagram_activity\messages\inbox\raianymachado_1768057154588980,your_instagram_activity\messages\inbox,4
file,message_1.json,.json,your_instagram_activity\messages\inbox\raianymachado_1768057154588980\message_1.json,your_instagram_activity\messages\inbox\raianymachado_1768057154588980,5
directory,rakilandiamedeiros_496346741760034,,your_instagram_activity\messages\inbox\rakilandiamedeiros_496346741760034,your_instagram_activity\messages\inbox,4
file,message_1.json,.json,your_instagram_activity\messages\inbox\rakilandiamedeiros_496346741760034\message_1.json,your_instagram_activity\messages\inbox\rakilandiamedeiros_496346741760034,5
directory,raphaellamariepaimbaterautobaterias_1787577842636911,,your_instagram_activity\messages\inbox\raphaellamariepaimbaterautobaterias_1787577842636911,your_instagram_activity\messages\inbox,4
file,message_1.json,.json,your_instagram_activity\messages\inbox\raphaellamariepaimbaterautobaterias_1787577842636911\message_1.json,your_instagram_activity\messages\inbox\raphaellamariepaimbaterautobaterias_1787577842636911,5
directory,raphaelvalongo_445090956885613,,your_instagram_activity\messages\inbox\raphaelvalongo_445090956885613,your_instagram_activity\messages\inbox,4
file,message_1.json,.json,your_instagram_activity\messages\inbox\raphaelvalongo_445090956885613\message_1.json,your_instagram_activity\messages\inbox\raphaelvalongo_445090956885613,5
directory,raquelcardosoborges_1701542767907086,,your_instagram_activity\messages\inbox\raquelcardosoborges_1701542767907086,your_instagram_activity\messages\inbox,4
file,message_1.json,.json,your_instagram_activity\messages\inbox\raquelcardosoborges_1701542767907086\message_1.json,your_instagram_activity\messages\inbox\raquelcardosoborges_1701542767907086,5
directory,photos,,your_instagram_activity\messages\inbox\raquelcardosoborges_1701542767907086\photos,your_instagram_activity\messages\inbox\raquelcardosoborges_1701542767907086,5
file,2091270038060388.jpg,.jpg,your_instagram_activity\messages\inbox\raquelcardosoborges_1701542767907086\photos\2091270038060388.jpg,your_instagram_activity\messages\inbox\raquelcardosoborges_1701542767907086\photos,6
directory,rechrechcorretoradeseguros_1822245605836801,,your_instagram_activity\messages\inbox\rechrechcorretoradeseguros_1822245605836801,your_instagram_activity\messages\inbox,4
file,message_1.json,.json,your_instagram_activity\messages\inbox\rechrechcorretoradeseguros_1822245605836801\message_1.json,your_instagram_activity\messages\inbox\rechrechcorretoradeseguros_1822245605836801,5
directory,recursoshumanostreinamentosgestao_953269099401127,,your_instagram_activity\messages\inbox\recursoshumanostreinamentosgestao_953269099401127,your_instagram_activity\messages\inbox,4
file,message_1.json,.json,your_instagram_activity\messages\inbox\recursoshumanostreinamentosgestao_953269099401127\message_1.json,your_instagram_activity\messages\inbox\recursoshumanostreinamentosgestao_953269099401127,5
directory,redeconquistasupermercados_602177011180725,,your_instagram_activity\messages\inbox\redeconquistasupermercados_602177011180725,your_instagram_activity\messages\inbox,4
file,message_1.json,.json,your_instagram_activity\messages\inbox\redeconquistasupermercados_602177011180725\message_1.json,your_instagram_activity\messages\inbox\redeconquistasupermercados_602177011180725,5
directory,audio,,your_instagram_activity\messages\inbox\redeconquistasupermercados_602177011180725\audio,your_instagram_activity\messages\inbox\redeconquistasupermercados_602177011180725,5
file,2859451387599228.mp4,.mp4,your_instagram_activity\messages\inbox\redeconquistasupermercados_602177011180725\audio\2859451387599228.mp4,your_instagram_activity\messages\inbox\redeconquistasupermercados_602177011180725\audio,6
file,785441177269448.mp4,.mp4,your_instagram_activity\messages\inbox\redeconquistasupermercados_602177011180725\audio\785441177269448.mp4,your_instagram_activity\messages\inbox\redeconquistasupermercados_602177011180725\audio,6
file,807749644914171.mp4,.mp4,your_instagram_activity\messages\inbox\redeconquistasupermercados_602177011180725\audio\807749644914171.mp4,your_instagram_activity\messages\inbox\redeconquistasupermercados_602177011180725\audio,6
directory,reflexaosaudavel_1886159416112086,,your_instagram_activity\messages\inbox\reflexaosaudavel_1886159416112086,your_instagram_activity\messages\inbox,4
file,message_1.json,.json,your_instagram_activity\messages\inbox\reflexaosaudavel_1886159416112086\message_1.json,your_instagram_activity\messages\inbox\reflexaosaudavel_1886159416112086,5
directory,reginareis_1786224382772257,,your_instagram_activity\messages\inbox\reginareis_1786224382772257,your_instagram_activity\messages\inbox,4
file,message_1.json,.json,your_instagram_activity\messages\inbox\reginareis_1786224382772257\message_1.json,your_instagram_activity\messages\inbox\reginareis_1786224382772257,5
directory,reilaoliveira_1914195206641840,,your_instagram_activity\messages\inbox\reilaoliveira_1914195206641840,your_instagram_activity\messages\inbox,4
file,message_1.json,.json,your_instagram_activity\messages\inbox\reilaoliveira_1914195206641840\message_1.json,your_instagram_activity\messages\inbox\reilaoliveira_1914195206641840,5
directory,reimotorscarroemrioverdego_1813206520074043,,your_instagram_activity\messages\inbox\reimotorscarroemrioverdego_1813206520074043,your_instagram_activity\messages\inbox,4
file,message_1.json,.json,your_instagram_activity\messages\inbox\reimotorscarroemrioverdego_1813206520074043\message_1.json,your_instagram_activity\messages\inbox\reimotorscarroemrioverdego_1813206520074043,5
directory,renatadias_1772875854107110,,your_instagram_activity\messages\inbox\renatadias_1772875854107110,your_instagram_activity\messages\inbox,4
file,message_1.json,.json,your_instagram_activity\messages\inbox\renatadias_1772875854107110\message_1.json,your_instagram_activity\messages\inbox\renatadias_1772875854107110,5
directory,renatagomes_1724354032292626,,your_instagram_activity\messages\inbox\renatagomes_1724354032292626,your_instagram_activity\messages\inbox,4
file,message_1.json,.json,your_instagram_activity\messages\inbox\renatagomes_1724354032292626\message_1.json,your_instagram_activity\messages\inbox\renatagomes_1724354032292626,5
directory,renatasousa_1956484332412927,,your_instagram_activity\messages\inbox\renatasousa_1956484332412927,your_instagram_activity\messages\inbox,4
file,message_1.json,.json,your_instagram_activity\messages\inbox\renatasousa_1956484332412927\message_1.json,your_instagram_activity\messages\inbox\renatasousa_1956484332412927,5
directory,renildomarquesteixeira_950416533019717,,your_instagram_activity\messages\inbox\renildomarquesteixeira_950416533019717,your_instagram_activity\messages\inbox,4
file,message_1.json,.json,your_instagram_activity\messages\inbox\renildomarquesteixeira_950416533019717\message_1.json,your_instagram_activity\messages\inbox\renildomarquesteixeira_950416533019717,5
directory,rennercardoso_1767075544687141,,your_instagram_activity\messages\inbox\rennercardoso_1767075544687141,your_instagram_activity\messages\inbox,4
file,message_1.json,.json,your_instagram_activity\messages\inbox\rennercardoso_1767075544687141\message_1.json,your_instagram_activity\messages\inbox\rennercardoso_1767075544687141,5
directory,rennydeharofpopp_1795246048536757,,your_instagram_activity\messages\inbox\rennydeharofpopp_1795246048536757,your_instagram_activity\messages\inbox,4
file,message_1.json,.json,your_instagram_activity\messages\inbox\rennydeharofpopp_1795246048536757\message_1.json,your_instagram_activity\messages\inbox\rennydeharofpopp_1795246048536757,5
directory,renovaveisservicos_1786527732741922,,your_instagram_activity\messages\inbox\renovaveisservicos_1786527732741922,your_instagram_activity\messages\inbox,4
file,message_1.json,.json,your_instagram_activity\messages\inbox\renovaveisservicos_1786527732741922\message_1.json,your_instagram_activity\messages\inbox\renovaveisservicos_1786527732741922,5
directory,resenhasfc_1906876180711982,,your_instagram_activity\messages\inbox\resenhasfc_1906876180711982,your_instagram_activity\messages\inbox,4
file,message_1.json,.json,your_instagram_activity\messages\inbox\resenhasfc_1906876180711982\message_1.json,your_instagram_activity\messages\inbox\resenhasfc_1906876180711982,5
directory,revendalima_1822325285828833,,your_instagram_activity\messages\inbox\revendalima_1822325285828833,your_instagram_activity\messages\inbox,4
file,message_1.json,.json,your_instagram_activity\messages\inbox\revendalima_1822325285828833\message_1.json,your_instagram_activity\messages\inbox\revendalima_1822325285828833,5
directory,revistasociety_570423751018999,,your_instagram_activity\messages\inbox\revistasociety_570423751018999,your_instagram_activity\messages\inbox,4
file,message_1.json,.json,your_instagram_activity\messages\inbox\revistasociety_570423751018999\message_1.json,your_instagram_activity\messages\inbox\revistasociety_570423751018999,5
directory,revistasocietyagro_1476396487088383,,your_instagram_activity\messages\inbox\revistasocietyagro_1476396487088383,your_instagram_activity\messages\inbox,4
file,message_1.json,.json,your_instagram_activity\messages\inbox\revistasocietyagro_1476396487088383\message_1.json,your_instagram_activity\messages\inbox\revistasocietyagro_1476396487088383,5
directory,revitalepsirosa_1796242301770465,,your_instagram_activity\messages\inbox\revitalepsirosa_1796242301770465,your_instagram_activity\messages\inbox,4
file,message_1.json,.json,your_instagram_activity\messages\inbox\revitalepsirosa_1796242301770465\message_1.json,your_instagram_activity\messages\inbox\revitalepsirosa_1796242301770465,5
directory,reykacatrinnebarbosa_1931818794879481,,your_instagram_activity\messages\inbox\reykacatrinnebarbosa_1931818794879481,your_instagram_activity\messages\inbox,4
file,message_1.json,.json,your_instagram_activity\messages\inbox\reykacatrinnebarbosa_1931818794879481\message_1.json,your_instagram_activity\messages\inbox\reykacatrinnebarbosa_1931818794879481,5
directory,ricardoassisjuridiconoagro_535579004510051,,your_instagram_activity\messages\inbox\ricardoassisjuridiconoagro_535579004510051,your_instagram_activity\messages\inbox,4
file,message_1.json,.json,your_instagram_activity\messages\inbox\ricardoassisjuridiconoagro_535579004510051\message_1.json,your_instagram_activity\messages\inbox\ricardoassisjuridiconoagro_535579004510051,5
directory,ricardocastromarques_1374904537237579,,your_instagram_activity\messages\inbox\ricardocastromarques_1374904537237579,your_instagram_activity\messages\inbox,4
file,message_1.json,.json,your_instagram_activity\messages\inbox\ricardocastromarques_1374904537237579\message_1.json,your_instagram_activity\messages\inbox\ricardocastromarques_1374904537237579,5
directory,ricardohorbucz_1789336802461015,,your_instagram_activity\messages\inbox\ricardohorbucz_1789336802461015,your_instagram_activity\messages\inbox,4
file,message_1.json,.json,your_instagram_activity\messages\inbox\ricardohorbucz_1789336802461015\message_1.json,your_instagram_activity\messages\inbox\ricardohorbucz_1789336802461015,5
directory,ricardooliveira_1761918348536194,,your_instagram_activity\messages\inbox\ricardooliveira_1761918348536194,your_instagram_activity\messages\inbox,4
file,message_1.json,.json,your_instagram_activity\messages\inbox\ricardooliveira_1761918348536194\message_1.json,your_instagram_activity\messages\inbox\ricardooliveira_1761918348536194,5
directory,ricardosampaio_1819388772794913,,your_instagram_activity\messages\inbox\ricardosampaio_1819388772794913,your_instagram_activity\messages\inbox,4
file,message_1.json,.json,your_instagram_activity\messages\inbox\ricardosampaio_1819388772794913\message_1.json,your_instagram_activity\messages\inbox\ricardosampaio_1819388772794913,5
directory,riocobrecuperacaodecredito_567376031323771,,your_instagram_activity\messages\inbox\riocobrecuperacaodecredito_567376031323771,your_instagram_activity\messages\inbox,4
file,message_1.json,.json,your_instagram_activity\messages\inbox\riocobrecuperacaodecredito_567376031323771\message_1.json,your_instagram_activity\messages\inbox\riocobrecuperacaodecredito_567376031323771,5
directory,rioverdeagora_1927555661972461,,your_instagram_activity\messages\inbox\rioverdeagora_1927555661972461,your_instagram_activity\messages\inbox,4
file,message_1.json,.json,your_instagram_activity\messages\inbox\rioverdeagora_1927555661972461\message_1.json,your_instagram_activity\messages\inbox\rioverdeagora_1927555661972461,5
directory,videos,,your_instagram_activity\messages\inbox\rioverdeagora_1927555661972461\videos,your_instagram_activity\messages\inbox\rioverdeagora_1927555661972461,5
file,1138590474958134.mp4,.mp4,your_instagram_activity\messages\inbox\rioverdeagora_1927555661972461\videos\1138590474958134.mp4,your_instagram_activity\messages\inbox\rioverdeagora_1927555661972461\videos,6
directory,rioverdefm1009_338447924414391,,your_instagram_activity\messages\inbox\rioverdefm1009_338447924414391,your_instagram_activity\messages\inbox,4
file,message_1.json,.json,your_instagram_activity\messages\inbox\rioverdefm1009_338447924414391\message_1.json,your_instagram_activity\messages\inbox\rioverdefm1009_338447924414391,5
directory,riovertechengenharia_1761624898565539,,your_instagram_activity\messages\inbox\riovertechengenharia_1761624898565539,your_instagram_activity\messages\inbox,4
file,message_1.json,.json,your_instagram_activity\messages\inbox\riovertechengenharia_1761624898565539\message_1.json,your_instagram_activity\messages\inbox\riovertechengenharia_1761624898565539,5
directory,robertonatanaelpsicologodacomunicacao_962742901787080,,your_instagram_activity\messages\inbox\robertonatanaelpsicologodacomunicacao_962742901787080,your_instagram_activity\messages\inbox,4
file,message_1.json,.json,your_instagram_activity\messages\inbox\robertonatanaelpsicologodacomunicacao_962742901787080\message_1.json,your_instagram_activity\messages\inbox\robertonatanaelpsicologodacomunicacao_962742901787080,5
directory,robsonpinturas_1111953780199324,,your_instagram_activity\messages\inbox\robsonpinturas_1111953780199324,your_instagram_activity\messages\inbox,4
file,message_1.json,.json,your_instagram_activity\messages\inbox\robsonpinturas_1111953780199324\message_1.json,your_instagram_activity\messages\inbox\robsonpinturas_1111953780199324,5
directory,rodrigodevasconcelosperformanceexecutivasustentavel_1840877503973611,,your_instagram_activity\messages\inbox\rodrigodevasconcelosperformanceexecutivasustentavel_1840877503973611,your_instagram_activity\messages\inbox,4
file,message_1.json,.json,your_instagram_activity\messages\inbox\rodrigodevasconcelosperformanceexecutivasustentavel_1840877503973611\message_1.json,your_instagram_activity\messages\inbox\rodrigodevasconcelosperformanceexecutivasustentavel_1840877503973611,5
directory,rodrigosantos_812838706777501,,your_instagram_activity\messages\inbox\rodrigosantos_812838706777501,your_instagram_activity\messages\inbox,4
file,message_1.json,.json,your_instagram_activity\messages\inbox\rodrigosantos_812838706777501\message_1.json,your_instagram_activity\messages\inbox\rodrigosantos_812838706777501,5
directory,rodrigotonet_1221880342540000,,your_instagram_activity\messages\inbox\rodrigotonet_1221880342540000,your_instagram_activity\messages\inbox,4
file,message_1.json,.json,your_instagram_activity\messages\inbox\rodrigotonet_1221880342540000\message_1.json,your_instagram_activity\messages\inbox\rodrigotonet_1221880342540000,5
directory,photos,,your_instagram_activity\messages\inbox\rodrigotonet_1221880342540000\photos,your_instagram_activity\messages\inbox\rodrigotonet_1221880342540000,5
file,3725092644452804,[sem extensão],your_instagram_activity\messages\inbox\rodrigotonet_1221880342540000\photos\3725092644452804,your_instagram_activity\messages\inbox\rodrigotonet_1221880342540000\photos,6
directory,rodrigovelosolimanascimento_1899872301407464,,your_instagram_activity\messages\inbox\rodrigovelosolimanascimento_1899872301407464,your_instagram_activity\messages\inbox,4
file,message_1.json,.json,your_instagram_activity\messages\inbox\rodrigovelosolimanascimento_1899872301407464\message_1.json,your_instagram_activity\messages\inbox\rodrigovelosolimanascimento_1899872301407464,5
directory,rogeriocabral_1545797120148319,,your_instagram_activity\messages\inbox\rogeriocabral_1545797120148319,your_instagram_activity\messages\inbox,4
file,message_1.json,.json,your_instagram_activity\messages\inbox\rogeriocabral_1545797120148319\message_1.json,your_instagram_activity\messages\inbox\rogeriocabral_1545797120148319,5
directory,rogeriomoraesmundim_1744268490301180,,your_instagram_activity\messages\inbox\rogeriomoraesmundim_1744268490301180,your_instagram_activity\messages\inbox,4
file,message_1.json,.json,your_instagram_activity\messages\inbox\rogeriomoraesmundim_1744268490301180\message_1.json,your_instagram_activity\messages\inbox\rogeriomoraesmundim_1744268490301180,5
directory,romakautomacao_1400249091375716,,your_instagram_activity\messages\inbox\romakautomacao_1400249091375716,your_instagram_activity\messages\inbox,4
file,message_1.json,.json,your_instagram_activity\messages\inbox\romakautomacao_1400249091375716\message_1.json,your_instagram_activity\messages\inbox\romakautomacao_1400249091375716,5
directory,romakgoiania_1457199499008082,,your_instagram_activity\messages\inbox\romakgoiania_1457199499008082,your_instagram_activity\messages\inbox,4
file,message_1.json,.json,your_instagram_activity\messages\inbox\romakgoiania_1457199499008082\message_1.json,your_instagram_activity\messages\inbox\romakgoiania_1457199499008082,5
directory,ronaldocaiado_547602279967813,,your_instagram_activity\messages\inbox\ronaldocaiado_547602279967813,your_instagram_activity\messages\inbox,4
file,message_1.json,.json,your_instagram_activity\messages\inbox\ronaldocaiado_547602279967813\message_1.json,your_instagram_activity\messages\inbox\ronaldocaiado_547602279967813,5
directory,rosaniacandida_1624616465599717,,your_instagram_activity\messages\inbox\rosaniacandida_1624616465599717,your_instagram_activity\messages\inbox,4
file,message_1.json,.json,your_instagram_activity\messages\inbox\rosaniacandida_1624616465599717\message_1.json,your_instagram_activity\messages\inbox\rosaniacandida_1624616465599717,5
directory,rubiamartinsinfluencerdigitalvideomaker_845166976883021,,your_instagram_activity\messages\inbox\rubiamartinsinfluencerdigitalvideomaker_845166976883021,your_instagram_activity\messages\inbox,4
file,message_1.json,.json,your_instagram_activity\messages\inbox\rubiamartinsinfluencerdigitalvideomaker_845166976883021\message_1.json,your_instagram_activity\messages\inbox\rubiamartinsinfluencerdigitalvideomaker_845166976883021,5
directory,rvaluminiumesquadriasevidros_538721867522521,,your_instagram_activity\messages\inbox\rvaluminiumesquadriasevidros_538721867522521,your_instagram_activity\messages\inbox,4
file,message_1.json,.json,your_instagram_activity\messages\inbox\rvaluminiumesquadriasevidros_538721867522521\message_1.json,your_instagram_activity\messages\inbox\rvaluminiumesquadriasevidros_538721867522521,5
directory,samantavobetoarquiteta_1967629581299281,,your_instagram_activity\messages\inbox\samantavobetoarquiteta_1967629581299281,your_instagram_activity\messages\inbox,4
file,message_1.json,.json,your_instagram_activity\messages\inbox\samantavobetoarquiteta_1967629581299281\message_1.json,your_instagram_activity\messages\inbox\samantavobetoarquiteta_1967629581299281,5
directory,samaraguimaraes_1735239451205171,,your_instagram_activity\messages\inbox\samaraguimaraes_1735239451205171,your_instagram_activity\messages\inbox,4
file,message_1.json,.json,your_instagram_activity\messages\inbox\samaraguimaraes_1735239451205171\message_1.json,your_instagram_activity\messages\inbox\samaraguimaraes_1735239451205171,5
directory,samuelfonseca_1847699886624706,,your_instagram_activity\messages\inbox\samuelfonseca_1847699886624706,your_instagram_activity\messages\inbox,4
file,message_1.json,.json,your_instagram_activity\messages\inbox\samuelfonseca_1847699886624706\message_1.json,your_instagram_activity\messages\inbox\samuelfonseca_1847699886624706,5
directory,sandraferreira_1440484000679632,,your_instagram_activity\messages\inbox\sandraferreira_1440484000679632,your_instagram_activity\messages\inbox,4
file,message_1.json,.json,your_instagram_activity\messages\inbox\sandraferreira_1440484000679632\message_1.json,your_instagram_activity\messages\inbox\sandraferreira_1440484000679632,5
directory,saneago_1767512774643418,,your_instagram_activity\messages\inbox\saneago_1767512774643418,your_instagram_activity\messages\inbox,4
file,message_1.json,.json,your_instagram_activity\messages\inbox\saneago_1767512774643418\message_1.json,your_instagram_activity\messages\inbox\saneago_1767512774643418,5
directory,sarahoratorianapratica_1780590213335674,,your_instagram_activity\messages\inbox\sarahoratorianapratica_1780590213335674,your_instagram_activity\messages\inbox,4
file,message_1.json,.json,your_instagram_activity\messages\inbox\sarahoratorianapratica_1780590213335674\message_1.json,your_instagram_activity\messages\inbox\sarahoratorianapratica_1780590213335674,5
directory,saudeesegurancadotrabalhorioverdego_799566164771422,,your_instagram_activity\messages\inbox\saudeesegurancadotrabalhorioverdego_799566164771422,your_instagram_activity\messages\inbox,4
file,message_1.json,.json,your_instagram_activity\messages\inbox\saudeesegurancadotrabalhorioverdego_799566164771422\message_1.json,your_instagram_activity\messages\inbox\saudeesegurancadotrabalhorioverdego_799566164771422,5
directory,sebastianaleao_1934421601285867,,your_instagram_activity\messages\inbox\sebastianaleao_1934421601285867,your_instagram_activity\messages\inbox,4
file,message_1.json,.json,your_instagram_activity\messages\inbox\sebastianaleao_1934421601285867\message_1.json,your_instagram_activity\messages\inbox\sebastianaleao_1934421601285867,5
directory,sebastianamoreira_1763850955009600,,your_instagram_activity\messages\inbox\sebastianamoreira_1763850955009600,your_instagram_activity\messages\inbox,4
file,message_1.json,.json,your_instagram_activity\messages\inbox\sebastianamoreira_1763850955009600\message_1.json,your_instagram_activity\messages\inbox\sebastianamoreira_1763850955009600,5
directory,sebastiaorocharibeiro_1767661104628585,,your_instagram_activity\messages\inbox\sebastiaorocharibeiro_1767661104628585,your_instagram_activity\messages\inbox,4
file,message_1.json,.json,your_instagram_activity\messages\inbox\sebastiaorocharibeiro_1767661104628585\message_1.json,your_instagram_activity\messages\inbox\sebastiaorocharibeiro_1767661104628585,5
directory,sebraegoias_533850231343018,,your_instagram_activity\messages\inbox\sebraegoias_533850231343018,your_instagram_activity\messages\inbox,4
file,message_1.json,.json,your_instagram_activity\messages\inbox\sebraegoias_533850231343018\message_1.json,your_instagram_activity\messages\inbox\sebraegoias_533850231343018,5
directory,secretariageraldegovernodegoias_1197898258482020,,your_instagram_activity\messages\inbox\secretariageraldegovernodegoias_1197898258482020,your_instagram_activity\messages\inbox,4
file,message_1.json,.json,your_instagram_activity\messages\inbox\secretariageraldegovernodegoias_1197898258482020\message_1.json,your_instagram_activity\messages\inbox\secretariageraldegovernodegoias_1197898258482020,5
directory,seguraltacorretoradeseguros_1919953002732727,,your_instagram_activity\messages\inbox\seguraltacorretoradeseguros_1919953002732727,your_instagram_activity\messages\inbox,4
file,message_1.json,.json,your_instagram_activity\messages\inbox\seguraltacorretoradeseguros_1919953002732727\message_1.json,your_instagram_activity\messages\inbox\seguraltacorretoradeseguros_1919953002732727,5
directory,seguraltarioverde_1772777494116946,,your_instagram_activity\messages\inbox\seguraltarioverde_1772777494116946,your_instagram_activity\messages\inbox,4
file,message_1.json,.json,your_instagram_activity\messages\inbox\seguraltarioverde_1772777494116946\message_1.json,your_instagram_activity\messages\inbox\seguraltarioverde_1772777494116946,5
directory,sejafilms_1865219191539442,,your_instagram_activity\messages\inbox\sejafilms_1865219191539442,your_instagram_activity\messages\inbox,4
file,message_1.json,.json,your_instagram_activity\messages\inbox\sejafilms_1865219191539442\message_1.json,your_instagram_activity\messages\inbox\sejafilms_1865219191539442,5
directory,selectaagenciadeempregos_1847683896626305,,your_instagram_activity\messages\inbox\selectaagenciadeempregos_1847683896626305,your_instagram_activity\messages\inbox,4
file,message_1.json,.json,your_instagram_activity\messages\inbox\selectaagenciadeempregos_1847683896626305\message_1.json,your_instagram_activity\messages\inbox\selectaagenciadeempregos_1847683896626305,5
directory,senacgoiasperfiloficial_813207823407256,,your_instagram_activity\messages\inbox\senacgoiasperfiloficial_813207823407256,your_instagram_activity\messages\inbox,4
file,message_1.json,.json,your_instagram_activity\messages\inbox\senacgoiasperfiloficial_813207823407256\message_1.json,your_instagram_activity\messages\inbox\senacgoiasperfiloficial_813207823407256,5
directory,senar_1760927101968652,,your_instagram_activity\messages\inbox\senar_1760927101968652,your_instagram_activity\messages\inbox,4
file,message_1.json,.json,your_instagram_activity\messages\inbox\senar_1760927101968652\message_1.json,your_instagram_activity\messages\inbox\senar_1760927101968652,5
directory,servicosdomesticosparalareempresas_1624602818934415,,your_instagram_activity\messages\inbox\servicosdomesticosparalareempresas_1624602818934415,your_instagram_activity\messages\inbox,4
file,message_1.json,.json,your_instagram_activity\messages\inbox\servicosdomesticosparalareempresas_1624602818934415\message_1.json,your_instagram_activity\messages\inbox\servicosdomesticosparalareempresas_1624602818934415,5
directory,sesconsudoestegoiano_580964096632935,,your_instagram_activity\messages\inbox\sesconsudoestegoiano_580964096632935,your_instagram_activity\messages\inbox,4
file,message_1.json,.json,your_instagram_activity\messages\inbox\sesconsudoestegoiano_580964096632935\message_1.json,your_instagram_activity\messages\inbox\sesconsudoestegoiano_580964096632935,5
directory,sesirioverdego_558609808867060,,your_instagram_activity\messages\inbox\sesirioverdego_558609808867060,your_instagram_activity\messages\inbox,4
file,message_1.json,.json,your_instagram_activity\messages\inbox\sesirioverdego_558609808867060\message_1.json,your_instagram_activity\messages\inbox\sesirioverdego_558609808867060,5
directory,sesisenairioverde_573835450677829,,your_instagram_activity\messages\inbox\sesisenairioverde_573835450677829,your_instagram_activity\messages\inbox,4
file,message_1.json,.json,your_instagram_activity\messages\inbox\sesisenairioverde_573835450677829\message_1.json,your_instagram_activity\messages\inbox\sesisenairioverde_573835450677829,5
directory,sestsenatgoias_1775978657130793,,your_instagram_activity\messages\inbox\sestsenatgoias_1775978657130793,your_instagram_activity\messages\inbox,4
file,message_1.json,.json,your_instagram_activity\messages\inbox\sestsenatgoias_1775978657130793\message_1.json,your_instagram_activity\messages\inbox\sestsenatgoias_1775978657130793,5
directory,shilygalvao_1390698002333820,,your_instagram_activity\messages\inbox\shilygalvao_1390698002333820,your_instagram_activity\messages\inbox,4
file,message_1.json,.json,your_instagram_activity\messages\inbox\shilygalvao_1390698002333820\message_1.json,your_instagram_activity\messages\inbox\shilygalvao_1390698002333820,5
directory,shirleyjustinocorretoradeimoveiscreci38425_1787499869311375,,your_instagram_activity\messages\inbox\shirleyjustinocorretoradeimoveiscreci38425_1787499869311375,your_instagram_activity\messages\inbox,4
file,message_1.json,.json,your_instagram_activity\messages\inbox\shirleyjustinocorretoradeimoveiscreci38425_1787499869311375\message_1.json,your_instagram_activity\messages\inbox\shirleyjustinocorretoradeimoveiscreci38425_1787499869311375,5
directory,sicoobempresarial_225131235804187,,your_instagram_activity\messages\inbox\sicoobempresarial_225131235804187,your_instagram_activity\messages\inbox,4
file,message_1.json,.json,your_instagram_activity\messages\inbox\sicoobempresarial_225131235804187\message_1.json,your_instagram_activity\messages\inbox\sicoobempresarial_225131235804187,5
directory,sicoobunicidades_585908239474017,,your_instagram_activity\messages\inbox\sicoobunicidades_585908239474017,your_instagram_activity\messages\inbox,4
file,message_1.json,.json,your_instagram_activity\messages\inbox\sicoobunicidades_585908239474017\message_1.json,your_instagram_activity\messages\inbox\sicoobunicidades_585908239474017,5
directory,sicredi_1749434539784575,,your_instagram_activity\messages\inbox\sicredi_1749434539784575,your_instagram_activity\messages\inbox,4
file,message_1.json,.json,your_instagram_activity\messages\inbox\sicredi_1749434539784575\message_1.json,your_instagram_activity\messages\inbox\sicredi_1749434539784575,5
directory,sicredicerradogo_1211201466941221,,your_instagram_activity\messages\inbox\sicredicerradogo_1211201466941221,your_instagram_activity\messages\inbox,4
file,message_1.json,.json,your_instagram_activity\messages\inbox\sicredicerradogo_1211201466941221\message_1.json,your_instagram_activity\messages\inbox\sicredicerradogo_1211201466941221,5
directory,sidenilsosfs_530010171371234,,your_instagram_activity\messages\inbox\sidenilsosfs_530010171371234,your_instagram_activity\messages\inbox,4
file,message_1.json,.json,your_instagram_activity\messages\inbox\sidenilsosfs_530010171371234\message_1.json,your_instagram_activity\messages\inbox\sidenilsosfs_530010171371234,5
directory,silzianecabral_891732605554777,,your_instagram_activity\messages\inbox\silzianecabral_891732605554777,your_instagram_activity\messages\inbox,4
file,message_1.json,.json,your_instagram_activity\messages\inbox\silzianecabral_891732605554777\message_1.json,your_instagram_activity\messages\inbox\silzianecabral_891732605554777,5
directory,simesgo_1694801675247862,,your_instagram_activity\messages\inbox\simesgo_1694801675247862,your_instagram_activity\messages\inbox,4
file,message_1.json,.json,your_instagram_activity\messages\inbox\simesgo_1694801675247862\message_1.json,your_instagram_activity\messages\inbox\simesgo_1694801675247862,5
directory,simonedesousamoraes_1771986974195998,,your_instagram_activity\messages\inbox\simonedesousamoraes_1771986974195998,your_instagram_activity\messages\inbox,4
file,message_1.json,.json,your_instagram_activity\messages\inbox\simonedesousamoraes_1771986974195998\message_1.json,your_instagram_activity\messages\inbox\simonedesousamoraes_1771986974195998,5
directory,simonemaniratauil_1786482812746414,,your_instagram_activity\messages\inbox\simonemaniratauil_1786482812746414,your_instagram_activity\messages\inbox,4
file,message_1.json,.json,your_instagram_activity\messages\inbox\simonemaniratauil_1786482812746414\message_1.json,your_instagram_activity\messages\inbox\simonemaniratauil_1786482812746414,5
directory,audio,,your_instagram_activity\messages\inbox\simonemaniratauil_1786482812746414\audio,your_instagram_activity\messages\inbox\simonemaniratauil_1786482812746414,5
file,1161958979463669.mp4,.mp4,your_instagram_activity\messages\inbox\simonemaniratauil_1786482812746414\audio\1161958979463669.mp4,your_instagram_activity\messages\inbox\simonemaniratauil_1786482812746414\audio,6
directory,simoneoparadzinski_1474685707259461,,your_instagram_activity\messages\inbox\simoneoparadzinski_1474685707259461,your_instagram_activity\messages\inbox,4
file,message_1.json,.json,your_instagram_activity\messages\inbox\simoneoparadzinski_1474685707259461\message_1.json,your_instagram_activity\messages\inbox\simoneoparadzinski_1474685707259461,5
directory,simpleagrocorporation_365749411567076,,your_instagram_activity\messages\inbox\simpleagrocorporation_365749411567076,your_instagram_activity\messages\inbox,4
file,message_1.json,.json,your_instagram_activity\messages\inbox\simpleagrocorporation_365749411567076\message_1.json,your_instagram_activity\messages\inbox\simpleagrocorporation_365749411567076,5
directory,sindicatoruralderioverde_550899482975692,,your_instagram_activity\messages\inbox\sindicatoruralderioverde_550899482975692,your_instagram_activity\messages\inbox,4
file,message_1.json,.json,your_instagram_activity\messages\inbox\sindicatoruralderioverde_550899482975692\message_1.json,your_instagram_activity\messages\inbox\sindicatoruralderioverde_550899482975692,5
directory,sistemafaegsenar_1732027034858659,,your_instagram_activity\messages\inbox\sistemafaegsenar_1732027034858659,your_instagram_activity\messages\inbox,4
file,message_1.json,.json,your_instagram_activity\messages\inbox\sistemafaegsenar_1732027034858659\message_1.json,your_instagram_activity\messages\inbox\sistemafaegsenar_1732027034858659,5
directory,sistemaocb_1799679044760124,,your_instagram_activity\messages\inbox\sistemaocb_1799679044760124,your_instagram_activity\messages\inbox,4
file,message_1.json,.json,your_instagram_activity\messages\inbox\sistemaocb_1799679044760124\message_1.json,your_instagram_activity\messages\inbox\sistemaocb_1799679044760124,5
directory,sistemaocbgo_1351866669541366,,your_instagram_activity\messages\inbox\sistemaocbgo_1351866669541366,your_instagram_activity\messages\inbox,4
file,message_1.json,.json,your_instagram_activity\messages\inbox\sistemaocbgo_1351866669541366\message_1.json,your_instagram_activity\messages\inbox\sistemaocbgo_1351866669541366,5
directory,solarinstalacoes_1797612011633494,,your_instagram_activity\messages\inbox\solarinstalacoes_1797612011633494,your_instagram_activity\messages\inbox,4
file,message_1.json,.json,your_instagram_activity\messages\inbox\solarinstalacoes_1797612011633494\message_1.json,your_instagram_activity\messages\inbox\solarinstalacoes_1797612011633494,5
directory,soluti_1342259283835438,,your_instagram_activity\messages\inbox\soluti_1342259283835438,your_instagram_activity\messages\inbox,4
file,message_1.json,.json,your_instagram_activity\messages\inbox\soluti_1342259283835438\message_1.json,your_instagram_activity\messages\inbox\soluti_1342259283835438,5
directory,sorrisoverdadeiro_1867943594600335,,your_instagram_activity\messages\inbox\sorrisoverdadeiro_1867943594600335,your_instagram_activity\messages\inbox,4
file,message_1.json,.json,your_instagram_activity\messages\inbox\sorrisoverdadeiro_1867943594600335\message_1.json,your_instagram_activity\messages\inbox\sorrisoverdadeiro_1867943594600335,5
directory,soudocampo_rv_949987949729242,,your_instagram_activity\messages\inbox\soudocampo_rv_949987949729242,your_instagram_activity\messages\inbox,4
file,message_1.json,.json,your_instagram_activity\messages\inbox\soudocampo_rv_949987949729242\message_1.json,your_instagram_activity\messages\inbox\soudocampo_rv_949987949729242,5
directory,specialeesquadriasempvc_1698911814836848,,your_instagram_activity\messages\inbox\specialeesquadriasempvc_1698911814836848,your_instagram_activity\messages\inbox,4
file,message_1.json,.json,your_instagram_activity\messages\inbox\specialeesquadriasempvc_1698911814836848\message_1.json,your_instagram_activity\messages\inbox\specialeesquadriasempvc_1698911814836848,5
directory,spremiumcacu_1841694817225213,,your_instagram_activity\messages\inbox\spremiumcacu_1841694817225213,your_instagram_activity\messages\inbox,4
file,message_1.json,.json,your_instagram_activity\messages\inbox\spremiumcacu_1841694817225213\message_1.json,your_instagram_activity\messages\inbox\spremiumcacu_1841694817225213,5
directory,streladomarmodapraiarioverde_1683673836360646,,your_instagram_activity\messages\inbox\streladomarmodapraiarioverde_1683673836360646,your_instagram_activity\messages\inbox,4
file,message_1.json,.json,your_instagram_activity\messages\inbox\streladomarmodapraiarioverde_1683673836360646\message_1.json,your_instagram_activity\messages\inbox\streladomarmodapraiarioverde_1683673836360646,5
directory,sucessonocampo_1417628076298558,,your_instagram_activity\messages\inbox\sucessonocampo_1417628076298558,your_instagram_activity\messages\inbox,4
file,message_1.json,.json,your_instagram_activity\messages\inbox\sucessonocampo_1417628076298558\message_1.json,your_instagram_activity\messages\inbox\sucessonocampo_1417628076298558,5
directory,suelyaparecidaturra_477894213605287,,your_instagram_activity\messages\inbox\suelyaparecidaturra_477894213605287,your_instagram_activity\messages\inbox,4
file,message_1.json,.json,your_instagram_activity\messages\inbox\suelyaparecidaturra_477894213605287\message_1.json,your_instagram_activity\messages\inbox\suelyaparecidaturra_477894213605287,5
directory,superagos2025_1780111736716855,,your_instagram_activity\messages\inbox\superagos2025_1780111736716855,your_instagram_activity\messages\inbox,4
file,message_1.json,.json,your_instagram_activity\messages\inbox\superagos2025_1780111736716855\message_1.json,your_instagram_activity\messages\inbox\superagos2025_1780111736716855,5
directory,supermercadoimperiorioverde_1439211410806891,,your_instagram_activity\messages\inbox\supermercadoimperiorioverde_1439211410806891,your_instagram_activity\messages\inbox,4
file,message_1.json,.json,your_instagram_activity\messages\inbox\supermercadoimperiorioverde_1439211410806891\message_1.json,your_instagram_activity\messages\inbox\supermercadoimperiorioverde_1439211410806891,5
directory,supermercadosconquista_1704464690948227,,your_instagram_activity\messages\inbox\supermercadosconquista_1704464690948227,your_instagram_activity\messages\inbox,4
file,message_1.json,.json,your_instagram_activity\messages\inbox\supermercadosconquista_1704464690948227\message_1.json,your_instagram_activity\messages\inbox\supermercadosconquista_1704464690948227,5
directory,suyanecarmofkimoveis_1858004022260959,,your_instagram_activity\messages\inbox\suyanecarmofkimoveis_1858004022260959,your_instagram_activity\messages\inbox,4
file,message_1.json,.json,your_instagram_activity\messages\inbox\suyanecarmofkimoveis_1858004022260959\message_1.json,your_instagram_activity\messages\inbox\suyanecarmofkimoveis_1858004022260959,5
directory,suzanaalves_1319234032804630,,your_instagram_activity\messages\inbox\suzanaalves_1319234032804630,your_instagram_activity\messages\inbox,4
file,message_1.json,.json,your_instagram_activity\messages\inbox\suzanaalves_1319234032804630\message_1.json,your_instagram_activity\messages\inbox\suzanaalves_1319234032804630,5
directory,taiallaoliveira_1860401615360555,,your_instagram_activity\messages\inbox\taiallaoliveira_1860401615360555,your_instagram_activity\messages\inbox,4
file,message_1.json,.json,your_instagram_activity\messages\inbox\taiallaoliveira_1860401615360555\message_1.json,your_instagram_activity\messages\inbox\taiallaoliveira_1860401615360555,5
directory,taillineborges_1472398100839470,,your_instagram_activity\messages\inbox\taillineborges_1472398100839470,your_instagram_activity\messages\inbox,4
file,message_1.json,.json,your_instagram_activity\messages\inbox\taillineborges_1472398100839470\message_1.json,your_instagram_activity\messages\inbox\taillineborges_1472398100839470,5
directory,talentounico_1761551471906215,,your_instagram_activity\messages\inbox\talentounico_1761551471906215,your_instagram_activity\messages\inbox,4
file,message_1.json,.json,your_instagram_activity\messages\inbox\talentounico_1761551471906215\message_1.json,your_instagram_activity\messages\inbox\talentounico_1761551471906215,5
directory,talitamelcantoracompositoralocutoraatriz_1749339466460749,,your_instagram_activity\messages\inbox\talitamelcantoracompositoralocutoraatriz_1749339466460749,your_instagram_activity\messages\inbox,4
file,message_1.json,.json,your_instagram_activity\messages\inbox\talitamelcantoracompositoralocutoraatriz_1749339466460749\message_1.json,your_instagram_activity\messages\inbox\talitamelcantoracompositoralocutoraatriz_1749339466460749,5
directory,tanifernandes_133415038768856,,your_instagram_activity\messages\inbox\tanifernandes_133415038768856,your_instagram_activity\messages\inbox,4
file,message_1.json,.json,your_instagram_activity\messages\inbox\tanifernandes_133415038768856\message_1.json,your_instagram_activity\messages\inbox\tanifernandes_133415038768856,5
directory,tarumaconsultoria_1724550075606355,,your_instagram_activity\messages\inbox\tarumaconsultoria_1724550075606355,your_instagram_activity\messages\inbox,4
file,message_1.json,.json,your_instagram_activity\messages\inbox\tarumaconsultoria_1724550075606355\message_1.json,your_instagram_activity\messages\inbox\tarumaconsultoria_1724550075606355,5
directory,tecnoshowcomigo_543432723718102,,your_instagram_activity\messages\inbox\tecnoshowcomigo_543432723718102,your_instagram_activity\messages\inbox,4
file,message_1.json,.json,your_instagram_activity\messages\inbox\tecnoshowcomigo_543432723718102\message_1.json,your_instagram_activity\messages\inbox\tecnoshowcomigo_543432723718102,5
directory,terezaraquelguinesipicoli_1682778029783560,,your_instagram_activity\messages\inbox\terezaraquelguinesipicoli_1682778029783560,your_instagram_activity\messages\inbox,4
file,message_1.json,.json,your_instagram_activity\messages\inbox\terezaraquelguinesipicoli_1682778029783560\message_1.json,your_instagram_activity\messages\inbox\terezaraquelguinesipicoli_1682778029783560,5
directory,thaisalves_1708653307196032,,your_instagram_activity\messages\inbox\thaisalves_1708653307196032,your_instagram_activity\messages\inbox,4
file,message_1.json,.json,your_instagram_activity\messages\inbox\thaisalves_1708653307196032\message_1.json,your_instagram_activity\messages\inbox\thaisalves_1708653307196032,5
directory,thaiscabral_1382794516448581,,your_instagram_activity\messages\inbox\thaiscabral_1382794516448581,your_instagram_activity\messages\inbox,4
file,message_1.json,.json,your_instagram_activity\messages\inbox\thaiscabral_1382794516448581\message_1.json,your_instagram_activity\messages\inbox\thaiscabral_1382794516448581,5
directory,thaisebritosuaultimamentora_1817732549627503,,your_instagram_activity\messages\inbox\thaisebritosuaultimamentora_1817732549627503,your_instagram_activity\messages\inbox,4
file,message_1.json,.json,your_instagram_activity\messages\inbox\thaisebritosuaultimamentora_1817732549627503\message_1.json,your_instagram_activity\messages\inbox\thaisebritosuaultimamentora_1817732549627503,5
directory,thaissarayamamoto_1799562158105146,,your_instagram_activity\messages\inbox\thaissarayamamoto_1799562158105146,your_instagram_activity\messages\inbox,4
file,message_1.json,.json,your_instagram_activity\messages\inbox\thaissarayamamoto_1799562158105146\message_1.json,your_instagram_activity\messages\inbox\thaissarayamamoto_1799562158105146,5
directory,thalinedallagasperinapagotto_1943732393688121,,your_instagram_activity\messages\inbox\thalinedallagasperinapagotto_1943732393688121,your_instagram_activity\messages\inbox,4
file,message_1.json,.json,your_instagram_activity\messages\inbox\thalinedallagasperinapagotto_1943732393688121\message_1.json,your_instagram_activity\messages\inbox\thalinedallagasperinapagotto_1943732393688121,5
directory,thalitalopesmentoraexecutivadelideres_1675506523844044,,your_instagram_activity\messages\inbox\thalitalopesmentoraexecutivadelideres_1675506523844044,your_instagram_activity\messages\inbox,4
file,message_1.json,.json,your_instagram_activity\messages\inbox\thalitalopesmentoraexecutivadelideres_1675506523844044\message_1.json,your_instagram_activity\messages\inbox\thalitalopesmentoraexecutivadelideres_1675506523844044,5
directory,thamaracardoso_1799134908147871,,your_instagram_activity\messages\inbox\thamaracardoso_1799134908147871,your_instagram_activity\messages\inbox,4
file,message_1.json,.json,your_instagram_activity\messages\inbox\thamaracardoso_1799134908147871\message_1.json,your_instagram_activity\messages\inbox\thamaracardoso_1799134908147871,5
directory,thamaramartins_1913159140078852,,your_instagram_activity\messages\inbox\thamaramartins_1913159140078852,your_instagram_activity\messages\inbox,4
file,message_1.json,.json,your_instagram_activity\messages\inbox\thamaramartins_1913159140078852\message_1.json,your_instagram_activity\messages\inbox\thamaramartins_1913159140078852,5
directory,thatieleperes_1077679726960063,,your_instagram_activity\messages\inbox\thatieleperes_1077679726960063,your_instagram_activity\messages\inbox,4
file,message_1.json,.json,your_instagram_activity\messages\inbox\thatieleperes_1077679726960063\message_1.json,your_instagram_activity\messages\inbox\thatieleperes_1077679726960063,5
directory,theonerioverdegoias_1853822702679091,,your_instagram_activity\messages\inbox\theonerioverdegoias_1853822702679091,your_instagram_activity\messages\inbox,4
file,message_1.json,.json,your_instagram_activity\messages\inbox\theonerioverdegoias_1853822702679091\message_1.json,your_instagram_activity\messages\inbox\theonerioverdegoias_1853822702679091,5
directory,thiagoeleve_1626256625435701,,your_instagram_activity\messages\inbox\thiagoeleve_1626256625435701,your_instagram_activity\messages\inbox,4
file,message_1.json,.json,your_instagram_activity\messages\inbox\thiagoeleve_1626256625435701\message_1.json,your_instagram_activity\messages\inbox\thiagoeleve_1626256625435701,5
directory,thiagomuniz_1768016074593088,,your_instagram_activity\messages\inbox\thiagomuniz_1768016074593088,your_instagram_activity\messages\inbox,4
file,message_1.json,.json,your_instagram_activity\messages\inbox\thiagomuniz_1768016074593088\message_1.json,your_instagram_activity\messages\inbox\thiagomuniz_1768016074593088,5
directory,thiagorossi_1689699782424718,,your_instagram_activity\messages\inbox\thiagorossi_1689699782424718,your_instagram_activity\messages\inbox,4
file,message_1.json,.json,your_instagram_activity\messages\inbox\thiagorossi_1689699782424718\message_1.json,your_instagram_activity\messages\inbox\thiagorossi_1689699782424718,5
directory,thomaspagotto_1862995721761789,,your_instagram_activity\messages\inbox\thomaspagotto_1862995721761789,your_instagram_activity\messages\inbox,4
file,message_1.json,.json,your_instagram_activity\messages\inbox\thomaspagotto_1862995721761789\message_1.json,your_instagram_activity\messages\inbox\thomaspagotto_1862995721761789,5
directory,thomaspagotto_944881973573173,,your_instagram_activity\messages\inbox\thomaspagotto_944881973573173,your_instagram_activity\messages\inbox,4
file,message_1.json,.json,your_instagram_activity\messages\inbox\thomaspagotto_944881973573173\message_1.json,your_instagram_activity\messages\inbox\thomaspagotto_944881973573173,5
directory,tiagovianacompositor_1768002447927784,,your_instagram_activity\messages\inbox\tiagovianacompositor_1768002447927784,your_instagram_activity\messages\inbox,4
file,message_1.json,.json,your_instagram_activity\messages\inbox\tiagovianacompositor_1768002447927784\message_1.json,your_instagram_activity\messages\inbox\tiagovianacompositor_1768002447927784,5
directory,tiarleycastro_537827677435440,,your_instagram_activity\messages\inbox\tiarleycastro_537827677435440,your_instagram_activity\messages\inbox,4
file,message_1.json,.json,your_instagram_activity\messages\inbox\tiarleycastro_537827677435440\message_1.json,your_instagram_activity\messages\inbox\tiarleycastro_537827677435440,5
directory,tihanahirata_1526145945446770,,your_instagram_activity\messages\inbox\tihanahirata_1526145945446770,your_instagram_activity\messages\inbox,4
file,message_1.json,.json,your_instagram_activity\messages\inbox\tihanahirata_1526145945446770\message_1.json,your_instagram_activity\messages\inbox\tihanahirata_1526145945446770,5
directory,tocaioshoweseu_1813216036739758,,your_instagram_activity\messages\inbox\tocaioshoweseu_1813216036739758,your_instagram_activity\messages\inbox,4
file,message_1.json,.json,your_instagram_activity\messages\inbox\tocaioshoweseu_1813216036739758\message_1.json,your_instagram_activity\messages\inbox\tocaioshoweseu_1813216036739758,5
directory,tootiebernardes_1787264079336763,,your_instagram_activity\messages\inbox\tootiebernardes_1787264079336763,your_instagram_activity\messages\inbox,4
file,message_1.json,.json,your_instagram_activity\messages\inbox\tootiebernardes_1787264079336763\message_1.json,your_instagram_activity\messages\inbox\tootiebernardes_1787264079336763,5
directory,trackfieldrrioverde_1852002989527729,,your_instagram_activity\messages\inbox\trackfieldrrioverde_1852002989527729,your_instagram_activity\messages\inbox,4
file,message_1.json,.json,your_instagram_activity\messages\inbox\trackfieldrrioverde_1852002989527729\message_1.json,your_instagram_activity\messages\inbox\trackfieldrrioverde_1852002989527729,5
directory,tresmaisarquiteturaeinteriores_1895847805148809,,your_instagram_activity\messages\inbox\tresmaisarquiteturaeinteriores_1895847805148809,your_instagram_activity\messages\inbox,4
file,message_1.json,.json,your_instagram_activity\messages\inbox\tresmaisarquiteturaeinteriores_1895847805148809\message_1.json,your_instagram_activity\messages\inbox\tresmaisarquiteturaeinteriores_1895847805148809,5
directory,trocandoemmiudos_1765374668190562,,your_instagram_activity\messages\inbox\trocandoemmiudos_1765374668190562,your_instagram_activity\messages\inbox,4
file,message_1.json,.json,your_instagram_activity\messages\inbox\trocandoemmiudos_1765374668190562\message_1.json,your_instagram_activity\messages\inbox\trocandoemmiudos_1765374668190562,5
directory,trrpetrorio_360578102069769,,your_instagram_activity\messages\inbox\trrpetrorio_360578102069769,your_instagram_activity\messages\inbox,4
file,message_1.json,.json,your_instagram_activity\messages\inbox\trrpetrorio_360578102069769\message_1.json,your_instagram_activity\messages\inbox\trrpetrorio_360578102069769,5
directory,tuliobarcelosvereadorporrioverdego_1708610707200292,,your_instagram_activity\messages\inbox\tuliobarcelosvereadorporrioverdego_1708610707200292,your_instagram_activity\messages\inbox,4
file,message_1.json,.json,your_instagram_activity\messages\inbox\tuliobarcelosvereadorporrioverdego_1708610707200292\message_1.json,your_instagram_activity\messages\inbox\tuliobarcelosvereadorporrioverdego_1708610707200292,5
directory,tv_anhanguera_rio_verde_1355642869163746,,your_instagram_activity\messages\inbox\tv_anhanguera_rio_verde_1355642869163746,your_instagram_activity\messages\inbox,4
file,message_1.json,.json,your_instagram_activity\messages\inbox\tv_anhanguera_rio_verde_1355642869163746\message_1.json,your_instagram_activity\messages\inbox\tv_anhanguera_rio_verde_1355642869163746,5
directory,tvanhanguera_1465261828201849,,your_instagram_activity\messages\inbox\tvanhanguera_1465261828201849,your_instagram_activity\messages\inbox,4
file,message_1.json,.json,your_instagram_activity\messages\inbox\tvanhanguera_1465261828201849\message_1.json,your_instagram_activity\messages\inbox\tvanhanguera_1465261828201849,5
directory,tvbrasilcentraltbc_1760986455296050,,your_instagram_activity\messages\inbox\tvbrasilcentraltbc_1760986455296050,your_instagram_activity\messages\inbox,4
file,message_1.json,.json,your_instagram_activity\messages\inbox\tvbrasilcentraltbc_1760986455296050\message_1.json,your_instagram_activity\messages\inbox\tvbrasilcentraltbc_1760986455296050,5
directory,tvrioverdecanal3noticias_568460684548639,,your_instagram_activity\messages\inbox\tvrioverdecanal3noticias_568460684548639,your_instagram_activity\messages\inbox,4
file,message_1.json,.json,your_instagram_activity\messages\inbox\tvrioverdecanal3noticias_568460684548639\message_1.json,your_instagram_activity\messages\inbox\tvrioverdecanal3noticias_568460684548639,5
directory,tvsucessoband_1452662172795148,,your_instagram_activity\messages\inbox\tvsucessoband_1452662172795148,your_instagram_activity\messages\inbox,4
file,message_1.json,.json,your_instagram_activity\messages\inbox\tvsucessoband_1452662172795148\message_1.json,your_instagram_activity\messages\inbox\tvsucessoband_1452662172795148,5
directory,tvsucessobandtv_1383696846358348,,your_instagram_activity\messages\inbox\tvsucessobandtv_1383696846358348,your_instagram_activity\messages\inbox,4
file,message_1.json,.json,your_instagram_activity\messages\inbox\tvsucessobandtv_1383696846358348\message_1.json,your_instagram_activity\messages\inbox\tvsucessobandtv_1383696846358348,5
directory,unicorestintas_1732133384848024,,your_instagram_activity\messages\inbox\unicorestintas_1732133384848024,your_instagram_activity\messages\inbox,4
file,message_1.json,.json,your_instagram_activity\messages\inbox\unicorestintas_1732133384848024\message_1.json,your_instagram_activity\messages\inbox\unicorestintas_1732133384848024,5
directory,unimedrioverde_498824238212413,,your_instagram_activity\messages\inbox\unimedrioverde_498824238212413,your_instagram_activity\messages\inbox,4
file,message_1.json,.json,your_instagram_activity\messages\inbox\unimedrioverde_498824238212413\message_1.json,your_instagram_activity\messages\inbox\unimedrioverde_498824238212413,5
directory,uniodontosudoestegoiano_552152166179491,,your_instagram_activity\messages\inbox\uniodontosudoestegoiano_552152166179491,your_instagram_activity\messages\inbox,4
file,message_1.json,.json,your_instagram_activity\messages\inbox\uniodontosudoestegoiano_552152166179491\message_1.json,your_instagram_activity\messages\inbox\uniodontosudoestegoiano_552152166179491,5
directory,universidadederioverde_560145392046835,,your_instagram_activity\messages\inbox\universidadederioverde_560145392046835,your_instagram_activity\messages\inbox,4
file,message_1.json,.json,your_instagram_activity\messages\inbox\universidadederioverde_560145392046835\message_1.json,your_instagram_activity\messages\inbox\universidadederioverde_560145392046835,5
directory,urleyoliveira_1202201851181901,,your_instagram_activity\messages\inbox\urleyoliveira_1202201851181901,your_instagram_activity\messages\inbox,4
file,message_1.json,.json,your_instagram_activity\messages\inbox\urleyoliveira_1202201851181901\message_1.json,your_instagram_activity\messages\inbox\urleyoliveira_1202201851181901,5
directory,ursulaguerraexperienciasolfativas_531704664890908,,your_instagram_activity\messages\inbox\ursulaguerraexperienciasolfativas_531704664890908,your_instagram_activity\messages\inbox,4
file,message_1.json,.json,your_instagram_activity\messages\inbox\ursulaguerraexperienciasolfativas_531704664890908\message_1.json,your_instagram_activity\messages\inbox\ursulaguerraexperienciasolfativas_531704664890908,5
directory,usinarioverde_1879332926794735,,your_instagram_activity\messages\inbox\usinarioverde_1879332926794735,your_instagram_activity\messages\inbox,4
file,message_1.json,.json,your_instagram_activity\messages\inbox\usinarioverde_1879332926794735\message_1.json,your_instagram_activity\messages\inbox\usinarioverde_1879332926794735,5
directory,usuariodoinstagram_1238463077548393,,your_instagram_activity\messages\inbox\usuariodoinstagram_1238463077548393,your_instagram_activity\messages\inbox,4
file,message_1.json,.json,your_instagram_activity\messages\inbox\usuariodoinstagram_1238463077548393\message_1.json,your_instagram_activity\messages\inbox\usuariodoinstagram_1238463077548393,5
directory,usuariodoinstagram_1459045962156769,,your_instagram_activity\messages\inbox\usuariodoinstagram_1459045962156769,your_instagram_activity\messages\inbox,4
file,message_1.json,.json,your_instagram_activity\messages\inbox\usuariodoinstagram_1459045962156769\message_1.json,your_instagram_activity\messages\inbox\usuariodoinstagram_1459045962156769,5
directory,usuariodoinstagram_1474931567234875,,your_instagram_activity\messages\inbox\usuariodoinstagram_1474931567234875,your_instagram_activity\messages\inbox,4
file,message_1.json,.json,your_instagram_activity\messages\inbox\usuariodoinstagram_1474931567234875\message_1.json,your_instagram_activity\messages\inbox\usuariodoinstagram_1474931567234875,5
directory,usuariodoinstagram_1660318482029515,,your_instagram_activity\messages\inbox\usuariodoinstagram_1660318482029515,your_instagram_activity\messages\inbox,4
file,message_1.json,.json,your_instagram_activity\messages\inbox\usuariodoinstagram_1660318482029515\message_1.json,your_instagram_activity\messages\inbox\usuariodoinstagram_1660318482029515,5
directory,usuariodoinstagram_1670187257709304,,your_instagram_activity\messages\inbox\usuariodoinstagram_1670187257709304,your_instagram_activity\messages\inbox,4
file,message_1.json,.json,your_instagram_activity\messages\inbox\usuariodoinstagram_1670187257709304\message_1.json,your_instagram_activity\messages\inbox\usuariodoinstagram_1670187257709304,5
directory,usuariodoinstagram_1705708740823822,,your_instagram_activity\messages\inbox\usuariodoinstagram_1705708740823822,your_instagram_activity\messages\inbox,4
file,message_1.json,.json,your_instagram_activity\messages\inbox\usuariodoinstagram_1705708740823822\message_1.json,your_instagram_activity\messages\inbox\usuariodoinstagram_1705708740823822,5
directory,usuariodoinstagram_1710217130372983,,your_instagram_activity\messages\inbox\usuariodoinstagram_1710217130372983,your_instagram_activity\messages\inbox,4
file,message_1.json,.json,your_instagram_activity\messages\inbox\usuariodoinstagram_1710217130372983\message_1.json,your_instagram_activity\messages\inbox\usuariodoinstagram_1710217130372983,5
directory,usuariodoinstagram_1730407191687310,,your_instagram_activity\messages\inbox\usuariodoinstagram_1730407191687310,your_instagram_activity\messages\inbox,4
file,message_1.json,.json,your_instagram_activity\messages\inbox\usuariodoinstagram_1730407191687310\message_1.json,your_instagram_activity\messages\inbox\usuariodoinstagram_1730407191687310,5
directory,usuariodoinstagram_1760927105301985,,your_instagram_activity\messages\inbox\usuariodoinstagram_1760927105301985,your_instagram_activity\messages\inbox,4
file,message_1.json,.json,your_instagram_activity\messages\inbox\usuariodoinstagram_1760927105301985\message_1.json,your_instagram_activity\messages\inbox\usuariodoinstagram_1760927105301985,5
directory,usuariodoinstagram_1763445238383505,,your_instagram_activity\messages\inbox\usuariodoinstagram_1763445238383505,your_instagram_activity\messages\inbox,4
file,message_1.json,.json,your_instagram_activity\messages\inbox\usuariodoinstagram_1763445238383505\message_1.json,your_instagram_activity\messages\inbox\usuariodoinstagram_1763445238383505,5
directory,usuariodoinstagram_1767847034609992,,your_instagram_activity\messages\inbox\usuariodoinstagram_1767847034609992,your_instagram_activity\messages\inbox,4
file,message_1.json,.json,your_instagram_activity\messages\inbox\usuariodoinstagram_1767847034609992\message_1.json,your_instagram_activity\messages\inbox\usuariodoinstagram_1767847034609992,5
directory,usuariodoinstagram_1769468534447842,,your_instagram_activity\messages\inbox\usuariodoinstagram_1769468534447842,your_instagram_activity\messages\inbox,4
file,message_1.json,.json,your_instagram_activity\messages\inbox\usuariodoinstagram_1769468534447842\message_1.json,your_instagram_activity\messages\inbox\usuariodoinstagram_1769468534447842,5
directory,usuariodoinstagram_1779870223407673,,your_instagram_activity\messages\inbox\usuariodoinstagram_1779870223407673,your_instagram_activity\messages\inbox,4
file,message_1.json,.json,your_instagram_activity\messages\inbox\usuariodoinstagram_1779870223407673\message_1.json,your_instagram_activity\messages\inbox\usuariodoinstagram_1779870223407673,5
directory,usuariodoinstagram_1780580090003353,,your_instagram_activity\messages\inbox\usuariodoinstagram_1780580090003353,your_instagram_activity\messages\inbox,4
file,message_1.json,.json,your_instagram_activity\messages\inbox\usuariodoinstagram_1780580090003353\message_1.json,your_instagram_activity\messages\inbox\usuariodoinstagram_1780580090003353,5
directory,usuariodoinstagram_1795245158536846,,your_instagram_activity\messages\inbox\usuariodoinstagram_1795245158536846,your_instagram_activity\messages\inbox,4
file,message_1.json,.json,your_instagram_activity\messages\inbox\usuariodoinstagram_1795245158536846\message_1.json,your_instagram_activity\messages\inbox\usuariodoinstagram_1795245158536846,5
directory,usuariodoinstagram_1800998574628171,,your_instagram_activity\messages\inbox\usuariodoinstagram_1800998574628171,your_instagram_activity\messages\inbox,4
file,message_1.json,.json,your_instagram_activity\messages\inbox\usuariodoinstagram_1800998574628171\message_1.json,your_instagram_activity\messages\inbox\usuariodoinstagram_1800998574628171,5
directory,usuariodoinstagram_1916270373107644,,your_instagram_activity\messages\inbox\usuariodoinstagram_1916270373107644,your_instagram_activity\messages\inbox,4
file,message_1.json,.json,your_instagram_activity\messages\inbox\usuariodoinstagram_1916270373107644\message_1.json,your_instagram_activity\messages\inbox\usuariodoinstagram_1916270373107644,5
directory,usuariodoinstagram_449277803133881,,your_instagram_activity\messages\inbox\usuariodoinstagram_449277803133881,your_instagram_activity\messages\inbox,4
file,message_1.json,.json,your_instagram_activity\messages\inbox\usuariodoinstagram_449277803133881\message_1.json,your_instagram_activity\messages\inbox\usuariodoinstagram_449277803133881,5
directory,usuariodoinstagram_557878488940192,,your_instagram_activity\messages\inbox\usuariodoinstagram_557878488940192,your_instagram_activity\messages\inbox,4
file,message_1.json,.json,your_instagram_activity\messages\inbox\usuariodoinstagram_557878488940192\message_1.json,your_instagram_activity\messages\inbox\usuariodoinstagram_557878488940192,5
directory,usuariodoinstagram_564439548284086,,your_instagram_activity\messages\inbox\usuariodoinstagram_564439548284086,your_instagram_activity\messages\inbox,4
file,message_1.json,.json,your_instagram_activity\messages\inbox\usuariodoinstagram_564439548284086\message_1.json,your_instagram_activity\messages\inbox\usuariodoinstagram_564439548284086,5
directory,usuariodoinstagram_872734666779103,,your_instagram_activity\messages\inbox\usuariodoinstagram_872734666779103,your_instagram_activity\messages\inbox,4
file,message_1.json,.json,your_instagram_activity\messages\inbox\usuariodoinstagram_872734666779103\message_1.json,your_instagram_activity\messages\inbox\usuariodoinstagram_872734666779103,5
directory,vagasdeempregorv_1688138385914191,,your_instagram_activity\messages\inbox\vagasdeempregorv_1688138385914191,your_instagram_activity\messages\inbox,4
file,message_1.json,.json,your_instagram_activity\messages\inbox\vagasdeempregorv_1688138385914191\message_1.json,your_instagram_activity\messages\inbox\vagasdeempregorv_1688138385914191,5
directory,valesafeepisrioverdego_1768862311175131,,your_instagram_activity\messages\inbox\valesafeepisrioverdego_1768862311175131,your_instagram_activity\messages\inbox,4
file,message_1.json,.json,your_instagram_activity\messages\inbox\valesafeepisrioverdego_1768862311175131\message_1.json,your_instagram_activity\messages\inbox\valesafeepisrioverdego_1768862311175131,5
directory,valpaiva_1962673281794032,,your_instagram_activity\messages\inbox\valpaiva_1962673281794032,your_instagram_activity\messages\inbox,4
file,message_1.json,.json,your_instagram_activity\messages\inbox\valpaiva_1962673281794032\message_1.json,your_instagram_activity\messages\inbox\valpaiva_1962673281794032,5
directory,vanderlancardoso_545441543517220,,your_instagram_activity\messages\inbox\vanderlancardoso_545441543517220,your_instagram_activity\messages\inbox,4
file,message_1.json,.json,your_instagram_activity\messages\inbox\vanderlancardoso_545441543517220\message_1.json,your_instagram_activity\messages\inbox\vanderlancardoso_545441543517220,5
directory,vanessaevangelistafurtado_953896356005068,,your_instagram_activity\messages\inbox\vanessaevangelistafurtado_953896356005068,your_instagram_activity\messages\inbox,4
file,message_1.json,.json,your_instagram_activity\messages\inbox\vanessaevangelistafurtado_953896356005068\message_1.json,your_instagram_activity\messages\inbox\vanessaevangelistafurtado_953896356005068,5
directory,vanessamartinscertificacaodigital_1706175540777142,,your_instagram_activity\messages\inbox\vanessamartinscertificacaodigital_1706175540777142,your_instagram_activity\messages\inbox,4
file,message_1.json,.json,your_instagram_activity\messages\inbox\vanessamartinscertificacaodigital_1706175540777142\message_1.json,your_instagram_activity\messages\inbox\vanessamartinscertificacaodigital_1706175540777142,5
directory,vanessapissaiamellek_272033648055970,,your_instagram_activity\messages\inbox\vanessapissaiamellek_272033648055970,your_instagram_activity\messages\inbox,4
file,message_1.json,.json,your_instagram_activity\messages\inbox\vanessapissaiamellek_272033648055970\message_1.json,your_instagram_activity\messages\inbox\vanessapissaiamellek_272033648055970,5
directory,vanessasilvaestrategistacriativa_1705714947489868,,your_instagram_activity\messages\inbox\vanessasilvaestrategistacriativa_1705714947489868,your_instagram_activity\messages\inbox,4
file,message_1.json,.json,your_instagram_activity\messages\inbox\vanessasilvaestrategistacriativa_1705714947489868\message_1.json,your_instagram_activity\messages\inbox\vanessasilvaestrategistacriativa_1705714947489868,5
directory,vanessasouzavandortvv_767728424621863,,your_instagram_activity\messages\inbox\vanessasouzavandortvv_767728424621863,your_instagram_activity\messages\inbox,4
file,message_1.json,.json,your_instagram_activity\messages\inbox\vanessasouzavandortvv_767728424621863\message_1.json,your_instagram_activity\messages\inbox\vanessasouzavandortvv_767728424621863,5
directory,vaulianegarciasoares_1709069920487704,,your_instagram_activity\messages\inbox\vaulianegarciasoares_1709069920487704,your_instagram_activity\messages\inbox,4
file,message_1.json,.json,your_instagram_activity\messages\inbox\vaulianegarciasoares_1709069920487704\message_1.json,your_instagram_activity\messages\inbox\vaulianegarciasoares_1709069920487704,5
directory,veralucia_1926007705460590,,your_instagram_activity\messages\inbox\veralucia_1926007705460590,your_instagram_activity\messages\inbox,4
file,message_1.json,.json,your_instagram_activity\messages\inbox\veralucia_1926007705460590\message_1.json,your_instagram_activity\messages\inbox\veralucia_1926007705460590,5
directory,vidroestevidroseesquadrias_1780587993335896,,your_instagram_activity\messages\inbox\vidroestevidroseesquadrias_1780587993335896,your_instagram_activity\messages\inbox,4
file,message_1.json,.json,your_instagram_activity\messages\inbox\vidroestevidroseesquadrias_1780587993335896\message_1.json,your_instagram_activity\messages\inbox\vidroestevidroseesquadrias_1780587993335896,5
directory,vilsonstollmeier_1787639535964075,,your_instagram_activity\messages\inbox\vilsonstollmeier_1787639535964075,your_instagram_activity\messages\inbox,4
file,message_1.json,.json,your_instagram_activity\messages\inbox\vilsonstollmeier_1787639535964075\message_1.json,your_instagram_activity\messages\inbox\vilsonstollmeier_1787639535964075,5
directory,viniciusandradeboostdigital_1736034681124561,,your_instagram_activity\messages\inbox\viniciusandradeboostdigital_1736034681124561,your_instagram_activity\messages\inbox,4
file,message_1.json,.json,your_instagram_activity\messages\inbox\viniciusandradeboostdigital_1736034681124561\message_1.json,your_instagram_activity\messages\inbox\viniciusandradeboostdigital_1736034681124561,5
directory,viniciusbasilio_1526987792029252,,your_instagram_activity\messages\inbox\viniciusbasilio_1526987792029252,your_instagram_activity\messages\inbox,4
file,message_1.json,.json,your_instagram_activity\messages\inbox\viniciusbasilio_1526987792029252\message_1.json,your_instagram_activity\messages\inbox\viniciusbasilio_1526987792029252,5
directory,viniciusgiloliveira_1271350200926347,,your_instagram_activity\messages\inbox\viniciusgiloliveira_1271350200926347,your_instagram_activity\messages\inbox,4
file,message_1.json,.json,your_instagram_activity\messages\inbox\viniciusgiloliveira_1271350200926347\message_1.json,your_instagram_activity\messages\inbox\viniciusgiloliveira_1271350200926347,5
directory,viniciusgilparceiroswilebeneficios_1757532068974822,,your_instagram_activity\messages\inbox\viniciusgilparceiroswilebeneficios_1757532068974822,your_instagram_activity\messages\inbox,4
file,message_1.json,.json,your_instagram_activity\messages\inbox\viniciusgilparceiroswilebeneficios_1757532068974822\message_1.json,your_instagram_activity\messages\inbox\viniciusgilparceiroswilebeneficios_1757532068974822,5
directory,visiterioverdego_1779945653400130,,your_instagram_activity\messages\inbox\visiterioverdego_1779945653400130,your_instagram_activity\messages\inbox,4
file,message_1.json,.json,your_instagram_activity\messages\inbox\visiterioverdego_1779945653400130\message_1.json,your_instagram_activity\messages\inbox\visiterioverdego_1779945653400130,5
directory,visopticaoticaeconsertodeoculos_1354881589264822,,your_instagram_activity\messages\inbox\visopticaoticaeconsertodeoculos_1354881589264822,your_instagram_activity\messages\inbox,4
file,message_1.json,.json,your_instagram_activity\messages\inbox\visopticaoticaeconsertodeoculos_1354881589264822\message_1.json,your_instagram_activity\messages\inbox\visopticaoticaeconsertodeoculos_1354881589264822,5
directory,vitormacedo_1899303188131042,,your_instagram_activity\messages\inbox\vitormacedo_1899303188131042,your_instagram_activity\messages\inbox,4
file,message_1.json,.json,your_instagram_activity\messages\inbox\vitormacedo_1899303188131042\message_1.json,your_instagram_activity\messages\inbox\vitormacedo_1899303188131042,5
directory,vivianedepaulapalestrasementoria_1241128303948537,,your_instagram_activity\messages\inbox\vivianedepaulapalestrasementoria_1241128303948537,your_instagram_activity\messages\inbox,4
file,message_1.json,.json,your_instagram_activity\messages\inbox\vivianedepaulapalestrasementoria_1241128303948537\message_1.json,your_instagram_activity\messages\inbox\vivianedepaulapalestrasementoria_1241128303948537,5
directory,vivianemlettieri_1728697778532524,,your_instagram_activity\messages\inbox\vivianemlettieri_1728697778532524,your_instagram_activity\messages\inbox,4
file,message_1.json,.json,your_instagram_activity\messages\inbox\vivianemlettieri_1728697778532524\message_1.json,your_instagram_activity\messages\inbox\vivianemlettieri_1728697778532524,5
directory,vivianneoliveira_1533779858016712,,your_instagram_activity\messages\inbox\vivianneoliveira_1533779858016712,your_instagram_activity\messages\inbox,4
file,message_1.json,.json,your_instagram_activity\messages\inbox\vivianneoliveira_1533779858016712\message_1.json,your_instagram_activity\messages\inbox\vivianneoliveira_1533779858016712,5
directory,vivianneoliveiramarketingpolitico_1719171989477497,,your_instagram_activity\messages\inbox\vivianneoliveiramarketingpolitico_1719171989477497,your_instagram_activity\messages\inbox,4
file,message_1.json,.json,your_instagram_activity\messages\inbox\vivianneoliveiramarketingpolitico_1719171989477497\message_1.json,your_instagram_activity\messages\inbox\vivianneoliveiramarketingpolitico_1719171989477497,5
directory,volus_1546002313461133,,your_instagram_activity\messages\inbox\volus_1546002313461133,your_instagram_activity\messages\inbox,4
file,message_1.json,.json,your_instagram_activity\messages\inbox\volus_1546002313461133\message_1.json,your_instagram_activity\messages\inbox\volus_1546002313461133,5
directory,vox2yourioverdeoratoria_1531117984949566,,your_instagram_activity\messages\inbox\vox2yourioverdeoratoria_1531117984949566,your_instagram_activity\messages\inbox,4
file,message_1.json,.json,your_instagram_activity\messages\inbox\vox2yourioverdeoratoria_1531117984949566\message_1.json,your_instagram_activity\messages\inbox\vox2yourioverdeoratoria_1531117984949566,5
directory,wagnerpereira_1453621702749311,,your_instagram_activity\messages\inbox\wagnerpereira_1453621702749311,your_instagram_activity\messages\inbox,4
file,message_1.json,.json,your_instagram_activity\messages\inbox\wagnerpereira_1453621702749311\message_1.json,your_instagram_activity\messages\inbox\wagnerpereira_1453621702749311,5
directory,wallisjustino_1246198510108183,,your_instagram_activity\messages\inbox\wallisjustino_1246198510108183,your_instagram_activity\messages\inbox,4
file,message_1.json,.json,your_instagram_activity\messages\inbox\wallisjustino_1246198510108183\message_1.json,your_instagram_activity\messages\inbox\wallisjustino_1246198510108183,5
directory,walterbaylaojunior_1760844631976899,,your_instagram_activity\messages\inbox\walterbaylaojunior_1760844631976899,your_instagram_activity\messages\inbox,4
file,message_1.json,.json,your_instagram_activity\messages\inbox\walterbaylaojunior_1760844631976899\message_1.json,your_instagram_activity\messages\inbox\walterbaylaojunior_1760844631976899,5
directory,wanderiwata_1899868408074520,,your_instagram_activity\messages\inbox\wanderiwata_1899868408074520,your_instagram_activity\messages\inbox,4
file,message_1.json,.json,your_instagram_activity\messages\inbox\wanderiwata_1899868408074520\message_1.json,your_instagram_activity\messages\inbox\wanderiwata_1899868408074520,5
directory,wanderiwatalocutor_1754836379244391,,your_instagram_activity\messages\inbox\wanderiwatalocutor_1754836379244391,your_instagram_activity\messages\inbox,4
file,message_1.json,.json,your_instagram_activity\messages\inbox\wanderiwatalocutor_1754836379244391\message_1.json,your_instagram_activity\messages\inbox\wanderiwatalocutor_1754836379244391,5
directory,wanderleypimentajr_1799733628087999,,your_instagram_activity\messages\inbox\wanderleypimentajr_1799733628087999,your_instagram_activity\messages\inbox,4
file,message_1.json,.json,your_instagram_activity\messages\inbox\wanderleypimentajr_1799733628087999\message_1.json,your_instagram_activity\messages\inbox\wanderleypimentajr_1799733628087999,5
directory,wandersondasilvasa_1709448413783188,,your_instagram_activity\messages\inbox\wandersondasilvasa_1709448413783188,your_instagram_activity\messages\inbox,4
file,message_1.json,.json,your_instagram_activity\messages\inbox\wandersondasilvasa_1709448413783188\message_1.json,your_instagram_activity\messages\inbox\wandersondasilvasa_1709448413783188,5
directory,wanessacruvinel_1104060080988694,,your_instagram_activity\messages\inbox\wanessacruvinel_1104060080988694,your_instagram_activity\messages\inbox,4
file,message_1.json,.json,your_instagram_activity\messages\inbox\wanessacruvinel_1104060080988694\message_1.json,your_instagram_activity\messages\inbox\wanessacruvinel_1104060080988694,5
directory,wanessapascoal_1690847035649505,,your_instagram_activity\messages\inbox\wanessapascoal_1690847035649505,your_instagram_activity\messages\inbox,4
file,message_1.json,.json,your_instagram_activity\messages\inbox\wanessapascoal_1690847035649505\message_1.json,your_instagram_activity\messages\inbox\wanessapascoal_1690847035649505,5
directory,warleymartins_1932901328104561,,your_instagram_activity\messages\inbox\warleymartins_1932901328104561,your_instagram_activity\messages\inbox,4
file,message_1.json,.json,your_instagram_activity\messages\inbox\warleymartins_1932901328104561\message_1.json,your_instagram_activity\messages\inbox\warleymartins_1932901328104561,5
directory,washingtonalvesfurquim_1791095522285143,,your_instagram_activity\messages\inbox\washingtonalvesfurquim_1791095522285143,your_instagram_activity\messages\inbox,4
file,message_1.json,.json,your_instagram_activity\messages\inbox\washingtonalvesfurquim_1791095522285143\message_1.json,your_instagram_activity\messages\inbox\washingtonalvesfurquim_1791095522285143,5
directory,wederribeiro_1476268223767876,,your_instagram_activity\messages\inbox\wederribeiro_1476268223767876,your_instagram_activity\messages\inbox,4
file,message_1.json,.json,your_instagram_activity\messages\inbox\wederribeiro_1476268223767876\message_1.json,your_instagram_activity\messages\inbox\wederribeiro_1476268223767876,5
directory,welkerrubensdefreitas_1934480127946681,,your_instagram_activity\messages\inbox\welkerrubensdefreitas_1934480127946681,your_instagram_activity\messages\inbox,4
file,message_1.json,.json,your_instagram_activity\messages\inbox\welkerrubensdefreitas_1934480127946681\message_1.json,your_instagram_activity\messages\inbox\welkerrubensdefreitas_1934480127946681,5
directory,wellingtoncarrijo_1439144677480231,,your_instagram_activity\messages\inbox\wellingtoncarrijo_1439144677480231,your_instagram_activity\messages\inbox,4
file,message_1.json,.json,your_instagram_activity\messages\inbox\wellingtoncarrijo_1439144677480231\message_1.json,your_instagram_activity\messages\inbox\wellingtoncarrijo_1439144677480231,5
directory,wenicarlybarbosa_1388794352515264,,your_instagram_activity\messages\inbox\wenicarlybarbosa_1388794352515264,your_instagram_activity\messages\inbox,4
file,message_1.json,.json,your_instagram_activity\messages\inbox\wenicarlybarbosa_1388794352515264\message_1.json,your_instagram_activity\messages\inbox\wenicarlybarbosa_1388794352515264,5
directory,wenyaalecrim_385627469437602,,your_instagram_activity\messages\inbox\wenyaalecrim_385627469437602,your_instagram_activity\messages\inbox,4
file,message_1.json,.json,your_instagram_activity\messages\inbox\wenyaalecrim_385627469437602\message_1.json,your_instagram_activity\messages\inbox\wenyaalecrim_385627469437602,5
directory,wesleidione_1472323387495693,,your_instagram_activity\messages\inbox\wesleidione_1472323387495693,your_instagram_activity\messages\inbox,4
file,message_1.json,.json,your_instagram_activity\messages\inbox\wesleidione_1472323387495693\message_1.json,your_instagram_activity\messages\inbox\wesleidione_1472323387495693,5
directory,wesleysuspencar_953634542697916,,your_instagram_activity\messages\inbox\wesleysuspencar_953634542697916,your_instagram_activity\messages\inbox,4
file,message_1.json,.json,your_instagram_activity\messages\inbox\wesleysuspencar_953634542697916\message_1.json,your_instagram_activity\messages\inbox\wesleysuspencar_953634542697916,5
directory,weullaalecrim_962449008483136,,your_instagram_activity\messages\inbox\weullaalecrim_962449008483136,your_instagram_activity\messages\inbox,4
file,message_1.json,.json,your_instagram_activity\messages\inbox\weullaalecrim_962449008483136\message_1.json,your_instagram_activity\messages\inbox\weullaalecrim_962449008483136,5
directory,wildermorais_1914612553275390,,your_instagram_activity\messages\inbox\wildermorais_1914612553275390,your_instagram_activity\messages\inbox,4
file,message_1.json,.json,your_instagram_activity\messages\inbox\wildermorais_1914612553275390\message_1.json,your_instagram_activity\messages\inbox\wildermorais_1914612553275390,5
directory,wilkerduarte_1747620539965975,,your_instagram_activity\messages\inbox\wilkerduarte_1747620539965975,your_instagram_activity\messages\inbox,4
file,message_1.json,.json,your_instagram_activity\messages\inbox\wilkerduarte_1747620539965975\message_1.json,your_instagram_activity\messages\inbox\wilkerduarte_1747620539965975,5
directory,williansilvafingerstyle_1478234396904592,,your_instagram_activity\messages\inbox\williansilvafingerstyle_1478234396904592,your_instagram_activity\messages\inbox,4
file,message_1.json,.json,your_instagram_activity\messages\inbox\williansilvafingerstyle_1478234396904592\message_1.json,your_instagram_activity\messages\inbox\williansilvafingerstyle_1478234396904592,5
directory,wilson_1853915359336492,,your_instagram_activity\messages\inbox\wilson_1853915359336492,your_instagram_activity\messages\inbox,4
file,message_1.json,.json,your_instagram_activity\messages\inbox\wilson_1853915359336492\message_1.json,your_instagram_activity\messages\inbox\wilson_1853915359336492,5
directory,wilsonbenicio_1708612830533413,,your_instagram_activity\messages\inbox\wilsonbenicio_1708612830533413,your_instagram_activity\messages\inbox,4
file,message_1.json,.json,your_instagram_activity\messages\inbox\wilsonbenicio_1708612830533413\message_1.json,your_instagram_activity\messages\inbox\wilsonbenicio_1708612830533413,5
directory,wilsonroberto_1786138002780895,,your_instagram_activity\messages\inbox\wilsonroberto_1786138002780895,your_instagram_activity\messages\inbox,4
file,message_1.json,.json,your_instagram_activity\messages\inbox\wilsonroberto_1786138002780895\message_1.json,your_instagram_activity\messages\inbox\wilsonroberto_1786138002780895,5
directory,wiltoncardoso_1755808835813812,,your_instagram_activity\messages\inbox\wiltoncardoso_1755808835813812,your_instagram_activity\messages\inbox,4
file,message_1.json,.json,your_instagram_activity\messages\inbox\wiltoncardoso_1755808835813812\message_1.json,your_instagram_activity\messages\inbox\wiltoncardoso_1755808835813812,5
directory,yasmyneguimaraesfinancas_1927475611980466,,your_instagram_activity\messages\inbox\yasmyneguimaraesfinancas_1927475611980466,your_instagram_activity\messages\inbox,4
file,message_1.json,.json,your_instagram_activity\messages\inbox\yasmyneguimaraesfinancas_1927475611980466\message_1.json,your_instagram_activity\messages\inbox\yasmyneguimaraesfinancas_1927475611980466,5
directory,ypyeducacionalcentrooeste_1732671961460833,,your_instagram_activity\messages\inbox\ypyeducacionalcentrooeste_1732671961460833,your_instagram_activity\messages\inbox,4
file,message_1.json,.json,your_instagram_activity\messages\inbox\ypyeducacionalcentrooeste_1732671961460833\message_1.json,your_instagram_activity\messages\inbox\ypyeducacionalcentrooeste_1732671961460833,5
directory,zemario_538469354214439,,your_instagram_activity\messages\inbox\zemario_538469354214439,your_instagram_activity\messages\inbox,4
file,message_1.json,.json,your_instagram_activity\messages\inbox\zemario_538469354214439\message_1.json,your_instagram_activity\messages\inbox\zemario_538469354214439,5
directory,message_requests,,your_instagram_activity\messages\message_requests,your_instagram_activity\messages,3
directory,1695227121878834,,your_instagram_activity\messages\message_requests\1695227121878834,your_instagram_activity\messages\message_requests,4
file,message_1.json,.json,your_instagram_activity\messages\message_requests\1695227121878834\message_1.json,your_instagram_activity\messages\message_requests\1695227121878834,5
directory,1954342085960485,,your_instagram_activity\messages\message_requests\1954342085960485,your_instagram_activity\messages\message_requests,4
file,message_1.json,.json,your_instagram_activity\messages\message_requests\1954342085960485\message_1.json,your_instagram_activity\messages\message_requests\1954342085960485,5
directory,adrianobrito_1643550600372970,,your_instagram_activity\messages\message_requests\adrianobrito_1643550600372970,your_instagram_activity\messages\message_requests,4
file,message_1.json,.json,your_instagram_activity\messages\message_requests\adrianobrito_1643550600372970\message_1.json,your_instagram_activity\messages\message_requests\adrianobrito_1643550600372970,5
directory,adriellypaiva_1678619243532772,,your_instagram_activity\messages\message_requests\adriellypaiva_1678619243532772,your_instagram_activity\messages\message_requests,4
file,message_1.json,.json,your_instagram_activity\messages\message_requests\adriellypaiva_1678619243532772\message_1.json,your_instagram_activity\messages\message_requests\adriellypaiva_1678619243532772,5
directory,anapaulacolombo_1941062493955111,,your_instagram_activity\messages\message_requests\anapaulacolombo_1941062493955111,your_instagram_activity\messages\message_requests,4
file,message_1.json,.json,your_instagram_activity\messages\message_requests\anapaulacolombo_1941062493955111\message_1.json,your_instagram_activity\messages\message_requests\anapaulacolombo_1941062493955111,5
directory,antoniahipolitorodrigoienerichiarabasilioand2others_758978763895193,,your_instagram_activity\messages\message_requests\antoniahipolitorodrigoienerichiarabasilioand2others_758978763895193,your_instagram_activity\messages\message_requests,4
file,message_1.json,.json,your_instagram_activity\messages\message_requests\antoniahipolitorodrigoienerichiarabasilioand2others_758978763895193\message_1.json,your_instagram_activity\messages\message_requests\antoniahipolitorodrigoienerichiarabasilioand2others_758978763895193,5
directory,automaismecanica_1643323793728984,,your_instagram_activity\messages\message_requests\automaismecanica_1643323793728984,your_instagram_activity\messages\message_requests,4
file,message_1.json,.json,your_instagram_activity\messages\message_requests\automaismecanica_1643323793728984\message_1.json,your_instagram_activity\messages\message_requests\automaismecanica_1643323793728984,5
directory,bibliotecarialetradacalinebelmirovieiraclebsondematosand7others_1315431447300600,,your_instagram_activity\messages\message_requests\bibliotecarialetradacalinebelmirovieiraclebsondematosand7others_1315431447300600,your_instagram_activity\messages\message_requests,4
file,message_1.json,.json,your_instagram_activity\messages\message_requests\bibliotecarialetradacalinebelmirovieiraclebsondematosand7others_1315431447300600\message_1.json,your_instagram_activity\messages\message_requests\bibliotecarialetradacalinebelmirovieiraclebsondematosand7others_1315431447300600,5
directory,bymaeldossantosdefesacivilrioverde_1926848472043180,,your_instagram_activity\messages\message_requests\bymaeldossantosdefesacivilrioverde_1926848472043180,your_instagram_activity\messages\message_requests,4
file,message_1.json,.json,your_instagram_activity\messages\message_requests\bymaeldossantosdefesacivilrioverde_1926848472043180\message_1.json,your_instagram_activity\messages\message_requests\bymaeldossantosdefesacivilrioverde_1926848472043180,5
directory,condorrvmanutencao_1962462441815116,,your_instagram_activity\messages\message_requests\condorrvmanutencao_1962462441815116,your_instagram_activity\messages\message_requests,4
file,message_1.json,.json,your_instagram_activity\messages\message_requests\condorrvmanutencao_1962462441815116\message_1.json,your_instagram_activity\messages\message_requests\condorrvmanutencao_1962462441815116,5
directory,coralprofissionalgo_1667125424682154,,your_instagram_activity\messages\message_requests\coralprofissionalgo_1667125424682154,your_instagram_activity\messages\message_requests,4
file,message_1.json,.json,your_instagram_activity\messages\message_requests\coralprofissionalgo_1667125424682154\message_1.json,your_instagram_activity\messages\message_requests\coralprofissionalgo_1667125424682154,5
directory,creagoias_1915314303196597,,your_instagram_activity\messages\message_requests\creagoias_1915314303196597,your_instagram_activity\messages\message_requests,4
file,message_1.json,.json,your_instagram_activity\messages\message_requests\creagoias_1915314303196597\message_1.json,your_instagram_activity\messages\message_requests\creagoias_1915314303196597,5
directory,cristianemenezes_1546123863448978,,your_instagram_activity\messages\message_requests\cristianemenezes_1546123863448978,your_instagram_activity\messages\message_requests,4
file,message_1.json,.json,your_instagram_activity\messages\message_requests\cristianemenezes_1546123863448978\message_1.json,your_instagram_activity\messages\message_requests\cristianemenezes_1546123863448978,5
directory,danielagrobomdeputadofederalgo_1694693675258662,,your_instagram_activity\messages\message_requests\danielagrobomdeputadofederalgo_1694693675258662,your_instagram_activity\messages\message_requests,4
file,message_1.json,.json,your_instagram_activity\messages\message_requests\danielagrobomdeputadofederalgo_1694693675258662\message_1.json,your_instagram_activity\messages\message_requests\danielagrobomdeputadofederalgo_1694693675258662,5
directory,emillyoliveiraanapaulacorretoradeimoveisamandamariaand6others_1573115117114755,,your_instagram_activity\messages\message_requests\emillyoliveiraanapaulacorretoradeimoveisamandamariaand6others_1573115117114755,your_instagram_activity\messages\message_requests,4
file,message_1.json,.json,your_instagram_activity\messages\message_requests\emillyoliveiraanapaulacorretoradeimoveisamandamariaand6others_1573115117114755\message_1.json,your_instagram_activity\messages\message_requests\emillyoliveiraanapaulacorretoradeimoveisamandamariaand6others_1573115117114755,5
directory,felipebernardodefreitas_1660399335354763,,your_instagram_activity\messages\message_requests\felipebernardodefreitas_1660399335354763,your_instagram_activity\messages\message_requests,4
file,message_1.json,.json,your_instagram_activity\messages\message_requests\felipebernardodefreitas_1660399335354763\message_1.json,your_instagram_activity\messages\message_requests\felipebernardodefreitas_1660399335354763,5
directory,fjsportscoberturaesportiva_1885061699555191,,your_instagram_activity\messages\message_requests\fjsportscoberturaesportiva_1885061699555191,your_instagram_activity\messages\message_requests,4
file,message_1.json,.json,your_instagram_activity\messages\message_requests\fjsportscoberturaesportiva_1885061699555191\message_1.json,your_instagram_activity\messages\message_requests\fjsportscoberturaesportiva_1885061699555191,5
directory,flaviavalenteluangravlaxnathaliacestariand5others_879117631823444,,your_instagram_activity\messages\message_requests\flaviavalenteluangravlaxnathaliacestariand5others_879117631823444,your_instagram_activity\messages\message_requests,4
file,message_1.json,.json,your_instagram_activity\messages\message_requests\flaviavalenteluangravlaxnathaliacestariand5others_879117631823444\message_1.json,your_instagram_activity\messages\message_requests\flaviavalenteluangravlaxnathaliacestariand5others_879117631823444,5
directory,followads_1666211401440223,,your_instagram_activity\messages\message_requests\followads_1666211401440223,your_instagram_activity\messages\message_requests,4
file,message_1.json,.json,your_instagram_activity\messages\message_requests\followads_1666211401440223\message_1.json,your_instagram_activity\messages\message_requests\followads_1666211401440223,5
directory,garvgoguardioesdosautistas_1933848854676475,,your_instagram_activity\messages\message_requests\garvgoguardioesdosautistas_1933848854676475,your_instagram_activity\messages\message_requests,4
file,message_1.json,.json,your_instagram_activity\messages\message_requests\garvgoguardioesdosautistas_1933848854676475\message_1.json,your_instagram_activity\messages\message_requests\garvgoguardioesdosautistas_1933848854676475,5
directory,goutersalgaderia_1967226004678947,,your_instagram_activity\messages\message_requests\goutersalgaderia_1967226004678947,your_instagram_activity\messages\message_requests,4
file,message_1.json,.json,your_instagram_activity\messages\message_requests\goutersalgaderia_1967226004678947\message_1.json,your_instagram_activity\messages\message_requests\goutersalgaderia_1967226004678947,5
directory,graciellelinaferreira_1648901579837872,,your_instagram_activity\messages\message_requests\graciellelinaferreira_1648901579837872,your_instagram_activity\messages\message_requests,4
file,message_1.json,.json,your_instagram_activity\messages\message_requests\graciellelinaferreira_1648901579837872\message_1.json,your_instagram_activity\messages\message_requests\graciellelinaferreira_1648901579837872,5
directory,joaopaulosilva_1683901106337919,,your_instagram_activity\messages\message_requests\joaopaulosilva_1683901106337919,your_instagram_activity\messages\message_requests,4
file,message_1.json,.json,your_instagram_activity\messages\message_requests\joaopaulosilva_1683901106337919\message_1.json,your_instagram_activity\messages\message_requests\joaopaulosilva_1683901106337919,5
directory,kamillaaraujo_1672975457436099,,your_instagram_activity\messages\message_requests\kamillaaraujo_1672975457436099,your_instagram_activity\messages\message_requests,4
file,message_1.json,.json,your_instagram_activity\messages\message_requests\kamillaaraujo_1672975457436099\message_1.json,your_instagram_activity\messages\message_requests\kamillaaraujo_1672975457436099,5
directory,lauraassisfreitas_1884974992897195,,your_instagram_activity\messages\message_requests\lauraassisfreitas_1884974992897195,your_instagram_activity\messages\message_requests,4
file,message_1.json,.json,your_instagram_activity\messages\message_requests\lauraassisfreitas_1884974992897195\message_1.json,your_instagram_activity\messages\message_requests\lauraassisfreitas_1884974992897195,5
directory,leandroarantesgustavotrovojulianecoelhoand7others_2147003976101297,,your_instagram_activity\messages\message_requests\leandroarantesgustavotrovojulianecoelhoand7others_2147003976101297,your_instagram_activity\messages\message_requests,4
file,message_1.json,.json,your_instagram_activity\messages\message_requests\leandroarantesgustavotrovojulianecoelhoand7others_2147003976101297\message_1.json,your_instagram_activity\messages\message_requests\leandroarantesgustavotrovojulianecoelhoand7others_2147003976101297,5
directory,leandrovieira_1670796460981717,,your_instagram_activity\messages\message_requests\leandrovieira_1670796460981717,your_instagram_activity\messages\message_requests,4
file,message_1.json,.json,your_instagram_activity\messages\message_requests\leandrovieira_1670796460981717\message_1.json,your_instagram_activity\messages\message_requests\leandrovieira_1670796460981717,5
directory,photos,,your_instagram_activity\messages\message_requests\leandrovieira_1670796460981717\photos,your_instagram_activity\messages\message_requests\leandrovieira_1670796460981717,5
file,1870657637031962.jpg,.jpg,your_instagram_activity\messages\message_requests\leandrovieira_1670796460981717\photos\1870657637031962.jpg,your_instagram_activity\messages\message_requests\leandrovieira_1670796460981717\photos,6
directory,marcelavian_1683557066372323,,your_instagram_activity\messages\message_requests\marcelavian_1683557066372323,your_instagram_activity\messages\message_requests,4
file,message_1.json,.json,your_instagram_activity\messages\message_requests\marcelavian_1683557066372323\message_1.json,your_instagram_activity\messages\message_requests\marcelavian_1683557066372323,5
directory,marciogabrielmartinsoliveira_1885040329557328,,your_instagram_activity\messages\message_requests\marciogabrielmartinsoliveira_1885040329557328,your_instagram_activity\messages\message_requests,4
file,message_1.json,.json,your_instagram_activity\messages\message_requests\marciogabrielmartinsoliveira_1885040329557328\message_1.json,your_instagram_activity\messages\message_requests\marciogabrielmartinsoliveira_1885040329557328,5
directory,mayratagliapietrafrancinioliveiranascimentomartaramosand17others_1212712640633787,,your_instagram_activity\messages\message_requests\mayratagliapietrafrancinioliveiranascimentomartaramosand17others_1212712640633787,your_instagram_activity\messages\message_requests,4
file,message_1.json,.json,your_instagram_activity\messages\message_requests\mayratagliapietrafrancinioliveiranascimentomartaramosand17others_1212712640633787\message_1.json,your_instagram_activity\messages\message_requests\mayratagliapietrafrancinioliveiranascimentomartaramosand17others_1212712640633787,5
directory,mikeiasandersondianaisabellalorenevieiraand19others_1545956586508950,,your_instagram_activity\messages\message_requests\mikeiasandersondianaisabellalorenevieiraand19others_1545956586508950,your_instagram_activity\messages\message_requests,4
file,message_1.json,.json,your_instagram_activity\messages\message_requests\mikeiasandersondianaisabellalorenevieiraand19others_1545956586508950\message_1.json,your_instagram_activity\messages\message_requests\mikeiasandersondianaisabellalorenevieiraand19others_1545956586508950,5
directory,nanyfashion_1881440923250602,,your_instagram_activity\messages\message_requests\nanyfashion_1881440923250602,your_instagram_activity\messages\message_requests,4
file,message_1.json,.json,your_instagram_activity\messages\message_requests\nanyfashion_1881440923250602\message_1.json,your_instagram_activity\messages\message_requests\nanyfashion_1881440923250602,5
directory,nathanblauth_1832350348167515,,your_instagram_activity\messages\message_requests\nathanblauth_1832350348167515,your_instagram_activity\messages\message_requests,4
file,message_1.json,.json,your_instagram_activity\messages\message_requests\nathanblauth_1832350348167515\message_1.json,your_instagram_activity\messages\message_requests\nathanblauth_1832350348167515,5
directory,nayeskacamposadvogada_1945708853490475,,your_instagram_activity\messages\message_requests\nayeskacamposadvogada_1945708853490475,your_instagram_activity\messages\message_requests,4
file,message_1.json,.json,your_instagram_activity\messages\message_requests\nayeskacamposadvogada_1945708853490475\message_1.json,your_instagram_activity\messages\message_requests\nayeskacamposadvogada_1945708853490475,5
directory,poderassessoriaempresarialeambiental_1657254549002575,,your_instagram_activity\messages\message_requests\poderassessoriaempresarialeambiental_1657254549002575,your_instagram_activity\messages\message_requests,4
file,message_1.json,.json,your_instagram_activity\messages\message_requests\poderassessoriaempresarialeambiental_1657254549002575\message_1.json,your_instagram_activity\messages\message_requests\poderassessoriaempresarialeambiental_1657254549002575,5
directory,pollianasantos_1689583372436359,,your_instagram_activity\messages\message_requests\pollianasantos_1689583372436359,your_instagram_activity\messages\message_requests,4
file,message_1.json,.json,your_instagram_activity\messages\message_requests\pollianasantos_1689583372436359\message_1.json,your_instagram_activity\messages\message_requests\pollianasantos_1689583372436359,5
directory,rafaelsouza_1678947110166652,,your_instagram_activity\messages\message_requests\rafaelsouza_1678947110166652,your_instagram_activity\messages\message_requests,4
file,message_1.json,.json,your_instagram_activity\messages\message_requests\rafaelsouza_1678947110166652\message_1.json,your_instagram_activity\messages\message_requests\rafaelsouza_1678947110166652,5
directory,remaxdestinyrioverde_1677811176946912,,your_instagram_activity\messages\message_requests\remaxdestinyrioverde_1677811176946912,your_instagram_activity\messages\message_requests,4
file,message_1.json,.json,your_instagram_activity\messages\message_requests\remaxdestinyrioverde_1677811176946912\message_1.json,your_instagram_activity\messages\message_requests\remaxdestinyrioverde_1677811176946912,5
directory,renatadamacenapereira_1962591755137450,,your_instagram_activity\messages\message_requests\renatadamacenapereira_1962591755137450,your_instagram_activity\messages\message_requests,4
file,message_1.json,.json,your_instagram_activity\messages\message_requests\renatadamacenapereira_1962591755137450\message_1.json,your_instagram_activity\messages\message_requests\renatadamacenapereira_1962591755137450,5
directory,robsonpaniagoadministracaonegociosdigitais_1619613186100045,,your_instagram_activity\messages\message_requests\robsonpaniagoadministracaonegociosdigitais_1619613186100045,your_instagram_activity\messages\message_requests,4
file,message_1.json,.json,your_instagram_activity\messages\message_requests\robsonpaniagoadministracaonegociosdigitais_1619613186100045\message_1.json,your_instagram_activity\messages\message_requests\robsonpaniagoadministracaonegociosdigitais_1619613186100045,5
directory,rogeriofelix_1866369294766505,,your_instagram_activity\messages\message_requests\rogeriofelix_1866369294766505,your_instagram_activity\messages\message_requests,4
file,message_1.json,.json,your_instagram_activity\messages\message_requests\rogeriofelix_1866369294766505\message_1.json,your_instagram_activity\messages\message_requests\rogeriofelix_1866369294766505,5
directory,sabrinafetzmentoraeterapeutadaalmafeminina_1699672948094068,,your_instagram_activity\messages\message_requests\sabrinafetzmentoraeterapeutadaalmafeminina_1699672948094068,your_instagram_activity\messages\message_requests,4
file,message_1.json,.json,your_instagram_activity\messages\message_requests\sabrinafetzmentoraeterapeutadaalmafeminina_1699672948094068\message_1.json,your_instagram_activity\messages\message_requests\sabrinafetzmentoraeterapeutadaalmafeminina_1699672948094068,5
directory,taniamachadodossantos_1648390026555694,,your_instagram_activity\messages\message_requests\taniamachadodossantos_1648390026555694,your_instagram_activity\messages\message_requests,4
file,message_1.json,.json,your_instagram_activity\messages\message_requests\taniamachadodossantos_1648390026555694\message_1.json,your_instagram_activity\messages\message_requests\taniamachadodossantos_1648390026555694,5
directory,tremendaozenildodejesus_1916780176383343,,your_instagram_activity\messages\message_requests\tremendaozenildodejesus_1916780176383343,your_instagram_activity\messages\message_requests,4
file,message_1.json,.json,your_instagram_activity\messages\message_requests\tremendaozenildodejesus_1916780176383343\message_1.json,your_instagram_activity\messages\message_requests\tremendaozenildodejesus_1916780176383343,5
directory,usuariodoinstagram_1645150490212981,,your_instagram_activity\messages\message_requests\usuariodoinstagram_1645150490212981,your_instagram_activity\messages\message_requests,4
file,message_1.json,.json,your_instagram_activity\messages\message_requests\usuariodoinstagram_1645150490212981\message_1.json,your_instagram_activity\messages\message_requests\usuariodoinstagram_1645150490212981,5
directory,usuariodoinstagram_1646777190050311,,your_instagram_activity\messages\message_requests\usuariodoinstagram_1646777190050311,your_instagram_activity\messages\message_requests,4
file,message_1.json,.json,your_instagram_activity\messages\message_requests\usuariodoinstagram_1646777190050311\message_1.json,your_instagram_activity\messages\message_requests\usuariodoinstagram_1646777190050311,5
directory,usuariodoinstagram_1648594509868579,,your_instagram_activity\messages\message_requests\usuariodoinstagram_1648594509868579,your_instagram_activity\messages\message_requests,4
file,message_1.json,.json,your_instagram_activity\messages\message_requests\usuariodoinstagram_1648594509868579\message_1.json,your_instagram_activity\messages\message_requests\usuariodoinstagram_1648594509868579,5
directory,usuariodoinstagram_1649266446468052,,your_instagram_activity\messages\message_requests\usuariodoinstagram_1649266446468052,your_instagram_activity\messages\message_requests,4
file,message_1.json,.json,your_instagram_activity\messages\message_requests\usuariodoinstagram_1649266446468052\message_1.json,your_instagram_activity\messages\message_requests\usuariodoinstagram_1649266446468052,5
directory,usuariodoinstagram_1885034222891272,,your_instagram_activity\messages\message_requests\usuariodoinstagram_1885034222891272,your_instagram_activity\messages\message_requests,4
file,message_1.json,.json,your_instagram_activity\messages\message_requests\usuariodoinstagram_1885034222891272\message_1.json,your_instagram_activity\messages\message_requests\usuariodoinstagram_1885034222891272,5
directory,usuariodoinstagramlucasbezerraleonardojosedasilvaand2others_1421094976298717,,your_instagram_activity\messages\message_requests\usuariodoinstagramlucasbezerraleonardojosedasilvaand2others_1421094976298717,your_instagram_activity\messages\message_requests,4
file,message_1.json,.json,your_instagram_activity\messages\message_requests\usuariodoinstagramlucasbezerraleonardojosedasilvaand2others_1421094976298717\message_1.json,your_instagram_activity\messages\message_requests\usuariodoinstagramlucasbezerraleonardojosedasilvaand2others_1421094976298717,5
directory,victorbarros_1919291182798909,,your_instagram_activity\messages\message_requests\victorbarros_1919291182798909,your_instagram_activity\messages\message_requests,4
file,message_1.json,.json,your_instagram_activity\messages\message_requests\victorbarros_1919291182798909\message_1.json,your_instagram_activity\messages\message_requests\victorbarros_1919291182798909,5
directory,victorpringjonathannovellopinksquishybydeniseand25others_1665553918044086,,your_instagram_activity\messages\message_requests\victorpringjonathannovellopinksquishybydeniseand25others_1665553918044086,your_instagram_activity\messages\message_requests,4
file,message_1.json,.json,your_instagram_activity\messages\message_requests\victorpringjonathannovellopinksquishybydeniseand25others_1665553918044086\message_1.json,your_instagram_activity\messages\message_requests\victorpringjonathannovellopinksquishybydeniseand25others_1665553918044086,5
directory,vitinho_dgo1_1934592371268790,,your_instagram_activity\messages\message_requests\vitinho_dgo1_1934592371268790,your_instagram_activity\messages\message_requests,4
file,message_1.json,.json,your_instagram_activity\messages\message_requests\vitinho_dgo1_1934592371268790\message_1.json,your_instagram_activity\messages\message_requests\vitinho_dgo1_1934592371268790,5
directory,xsavi_1967996517929342,,your_instagram_activity\messages\message_requests\xsavi_1967996517929342,your_instagram_activity\messages\message_requests,4
file,message_1.json,.json,your_instagram_activity\messages\message_requests\xsavi_1967996517929342\message_1.json,your_instagram_activity\messages\message_requests\xsavi_1967996517929342,5
directory,monetization,,your_instagram_activity\monetization,your_instagram_activity,2
file,eligibility.json,.json,your_instagram_activity\monetization\eligibility.json,your_instagram_activity\monetization,3
file,gifts.json,.json,your_instagram_activity\monetization\gifts.json,your_instagram_activity\monetization,3
directory,other_activity,,your_instagram_activity\other_activity,your_instagram_activity,2
file,your_ownership_of_digital_items.json,.json,your_instagram_activity\other_activity\your_ownership_of_digital_items.json,your_instagram_activity\other_activity,3
directory,posts,,your_instagram_activity\posts,your_instagram_activity,2
directory,media,,your_instagram_activity\posts\media,your_instagram_activity\posts,3
directory,your_posts,,your_instagram_activity\posts\media\your_posts,your_instagram_activity\posts\media,4
file,27364909699766555.png,.png,your_instagram_activity\posts\media\your_posts\27364909699766555.png,your_instagram_activity\posts\media\your_posts,5
file,28909078858691589.png,.png,your_instagram_activity\posts\media\your_posts\28909078858691589.png,your_instagram_activity\posts\media\your_posts,5
file,7896491403752078.png,.png,your_instagram_activity\posts\media\your_posts\7896491403752078.png,your_instagram_activity\posts\media\your_posts,5
file,8126765880759650.png,.png,your_instagram_activity\posts\media\your_posts\8126765880759650.png,your_instagram_activity\posts\media\your_posts,5
file,8917750451646207.png,.png,your_instagram_activity\posts\media\your_posts\8917750451646207.png,your_instagram_activity\posts\media\your_posts,5
directory,saved,,your_instagram_activity\saved,your_instagram_activity,2
file,saved_posts.json,.json,your_instagram_activity\saved\saved_posts.json,your_instagram_activity\saved,3
directory,story_interactions,,your_instagram_activity\story_interactions,your_instagram_activity,2
file,countdowns.json,.json,your_instagram_activity\story_interactions\countdowns.json,your_instagram_activity\story_interactions,3
file,emoji_sliders.json,.json,your_instagram_activity\story_interactions\emoji_sliders.json,your_instagram_activity\story_interactions,3
file,emoji_story_reactions.json,.json,your_instagram_activity\story_interactions\emoji_story_reactions.json,your_instagram_activity\story_interactions,3
file,polls.json,.json,your_instagram_activity\story_interactions\polls.json,your_instagram_activity\story_interactions,3
file,story_likes.json,.json,your_instagram_activity\story_interactions\story_likes.json,your_instagram_activity\story_interactions,3
file,story_reaction_sticker_reactions.json,.json,your_instagram_activity\story_interactions\story_reaction_sticker_reactions.json,your_instagram_activity\story_interactions,3
directory,subscriptions,,your_instagram_activity\subscriptions,your_instagram_activity,2
file,show_exclusive_story_promo_setting.json,.json,your_instagram_activity\subscriptions\show_exclusive_story_promo_setting.json,your_instagram_activity\subscriptions,3
file,your_muted_story_teaser_creators.json,.json,your_instagram_activity\subscriptions\your_muted_story_teaser_creators.json,your_instagram_activity\subscriptions,3
