folder_name,relative_path,depth,direct_file_count,total_file_count_recursive,direct_subfolder_count
Último ano,.,0,0,6060,9
ads_information,ads_information,1,0,7,2
ads_and_topics,ads_information\ads_and_topics,2,4,4,0
instagram_ads_and_businesses,ads_information\instagram_ads_and_businesses,2,3,3,0
apps_and_websites_off_of_instagram,apps_and_websites_off_of_instagram,1,0,3,1
apps_and_websites,apps_and_websites_off_of_instagram\apps_and_websites,2,3,3,0
connections,connections,1,0,7,2
contacts,connections\contacts,2,1,1,0
followers_and_following,connections\followers_and_following,2,6,6,0
logged_information,logged_information,1,0,9,3
link_history,logged_information\link_history,2,2,2,0
past_instagram_insights,logged_information\past_instagram_insights,2,5,5,0
recent_searches,logged_information\recent_searches,2,2,2,0
media,media,1,0,4965,7
archived_live_videos,media\archived_live_videos,2,0,1,1
202603,media\archived_live_videos\202603,3,1,1,0
archived_posts,media\archived_posts,2,0,117,10
202506,media\archived_posts\202506,3,2,2,0
202507,media\archived_posts\202507,3,13,13,0
202508,media\archived_posts\202508,3,8,8,0
202509,media\archived_posts\202509,3,20,20,0
202510,media\archived_posts\202510,3,2,2,0
202511,media\archived_posts\202511,3,52,52,0
202512,media\archived_posts\202512,3,14,14,0
202601,media\archived_posts\202601,3,2,2,0
202602,media\archived_posts\202602,3,1,1,0
202603,media\archived_posts\202603,3,3,3,0
other,media\other,2,199,378,9
202508,media\other\202508,3,14,14,0
202509,media\other\202509,3,20,20,0
202510,media\other\202510,3,42,42,0
202511,media\other\202511,3,16,16,0
202512,media\other\202512,3,26,26,0
202601,media\other\202601,3,5,5,0
202602,media\other\202602,3,22,22,0
202603,media\other\202603,3,29,29,0
202604,media\other\202604,3,5,5,0
posts,media\posts,2,0,2149,13
202504,media\posts\202504,3,50,50,0
202505,media\posts\202505,3,97,97,0
202506,media\posts\202506,3,72,72,0
202507,media\posts\202507,3,109,109,0
202508,media\posts\202508,3,228,228,0
202509,media\posts\202509,3,384,384,0
202510,media\posts\202510,3,332,332,0
202511,media\posts\202511,3,199,199,0
202512,media\posts\202512,3,171,171,0
202601,media\posts\202601,3,121,121,0
202602,media\posts\202602,3,150,150,0
202603,media\posts\202603,3,205,205,0
202604,media\posts\202604,3,31,31,0
recently_deleted,media\recently_deleted,2,0,50,2
202603,media\recently_deleted\202603,3,42,42,0
202604,media\recently_deleted\202604,3,8,8,0
reels,media\reels,2,0,145,12
202505,media\reels\202505,3,4,4,0
202506,media\reels\202506,3,9,9,0
202507,media\reels\202507,3,17,17,0
202508,media\reels\202508,3,16,16,0
202509,media\reels\202509,3,12,12,0
202510,media\reels\202510,3,6,6,0
202511,media\reels\202511,3,26,26,0
202512,media\reels\202512,3,27,27,0
202601,media\reels\202601,3,2,2,0
202602,media\reels\202602,3,11,11,0
202603,media\reels\202603,3,11,11,0
202604,media\reels\202604,3,4,4,0
stories,media\stories,2,0,2125,13
202504,media\stories\202504,3,66,66,0
202505,media\stories\202505,3,83,83,0
202506,media\stories\202506,3,191,191,0
202507,media\stories\202507,3,92,92,0
202508,media\stories\202508,3,182,182,0
202509,media\stories\202509,3,218,218,0
202510,media\stories\202510,3,296,296,0
202511,media\stories\202511,3,187,187,0
202512,media\stories\202512,3,162,162,0
202601,media\stories\202601,3,51,51,0
202602,media\stories\202602,3,206,206,0
202603,media\stories\202603,3,328,328,0
202604,media\stories\202604,3,63,63,0
personal_information,personal_information,1,0,13,3
device_information,personal_information\device_information,2,3,3,0
information_about_you,personal_information\information_about_you,2,3,3,0
personal_information,personal_information\personal_information,2,7,7,0
preferences,preferences,1,0,3,2
settings,preferences\settings,2,2,2,0
your_topics,preferences\your_topics,2,1,1,0
security_and_login_information,security_and_login_information,1,0,4,1
login_and_profile_creation,security_and_login_information\login_and_profile_creation,2,4,4,0
your_instagram_activity,your_instagram_activity,1,0,1049,12
avatars_store,your_instagram_activity\avatars_store,2,1,1,0
comments,your_instagram_activity\comments,2,2,2,0
edits,your_instagram_activity\edits,2,1,1,0
likes,your_instagram_activity\likes,2,2,2,0
media,your_instagram_activity\media,2,9,9,0
messages,your_instagram_activity\messages,2,1,1017,2
inbox,your_instagram_activity\messages\inbox,3,0,961,939
100migue_1710338197027543,your_instagram_activity\messages\inbox\100migue_1710338197027543,4,1,1,0
2obatalhaogamacerqueirapmgo_1127088765358330,your_instagram_activity\messages\inbox\2obatalhaogamacerqueirapmgo_1127088765358330,4,1,1,0
abilionatoneto_1812982936763404,your_instagram_activity\messages\inbox\abilionatoneto_1812982936763404,4,1,1,0
acijassociacaocomercialeindustrialdejatai_570994740961900,your_instagram_activity\messages\inbox\acijassociacaocomercialeindustrialdejatai_570994740961900,4,1,1,0
acimmontividiugoias_1701946266862645,your_instagram_activity\messages\inbox\acimmontividiugoias_1701946266862645,4,1,1,0
acincdlniquelandia_1736902181042618,your_instagram_activity\messages\inbox\acincdlniquelandia_1736902181042618,4,1,1,0
acirvetes_828731558521549,your_instagram_activity\messages\inbox\acirvetes_828731558521549,4,1,1,0
acirvmulher_1326825698712130,your_instagram_activity\messages\inbox\acirvmulher_1326825698712130,4,1,1,0
adegapasiniwinebar_1219171786251401,your_instagram_activity\messages\inbox\adegapasiniwinebar_1219171786251401,4,1,1,0
adegasalgadosrdesde1993_1859416212119740,your_instagram_activity\messages\inbox\adegasalgadosrdesde1993_1859416212119740,4,1,1,0
adejairjunior_1853772116017483,your_instagram_activity\messages\inbox\adejairjunior_1853772116017483,4,1,1,0
adelineoliveira_1822051369189558,your_instagram_activity\messages\inbox\adelineoliveira_1822051369189558,4,1,1,0
adelsongomes_546970460030995,your_instagram_activity\messages\inbox\adelsongomes_546970460030995,4,1,1,0
adial_1240953917299309,your_instagram_activity\messages\inbox\adial_1240953917299309,4,1,1,0
adirvrioverdego_1753648226029873,your_instagram_activity\messages\inbox\adirvrioverdego_1753648226029873,4,1,1,0
adrianafernandescrp0688815_1332481178146582,your_instagram_activity\messages\inbox\adrianafernandescrp0688815_1332481178146582,4,1,1,0
adrianafrancoisebarbosadias_1656871265707570,your_instagram_activity\messages\inbox\adrianafrancoisebarbosadias_1656871265707570,4,1,1,0
adrianamelomimosdadri_1699962721398424,your_instagram_activity\messages\inbox\adrianamelomimosdadri_1699962721398424,4,1,1,0
adrianocarvalhocosta_1966701161391244,your_instagram_activity\messages\inbox\adrianocarvalhocosta_1966701161391244,4,1,1,0
adrianoferreira_1505753140819384,your_instagram_activity\messages\inbox\adrianoferreira_1505753140819384,4,1,1,0
adriarocha_1305350134193020,your_instagram_activity\messages\inbox\adriarocha_1305350134193020,4,1,1,0
adrielydias_1747782279949801,your_instagram_activity\messages\inbox\adrielydias_1747782279949801,4,1,1,0
advogadatrabalhista_1708567107204652,your_instagram_activity\messages\inbox\advogadatrabalhista_1708567107204652,4,1,1,0
agenciagoianadedefesaagropecuaria_1753638252697537,your_instagram_activity\messages\inbox\agenciagoianadedefesaagropecuaria_1753638252697537,4,1,1,0
agenciagoianadeinfraestruturaetransportesgoinfra_1732027038191992,your_instagram_activity\messages\inbox\agenciagoianadeinfraestruturaetransportesgoinfra_1732027038191992,4,1,1,0
agenciametricarioverdego_1927308351997192,your_instagram_activity\messages\inbox\agenciametricarioverdego_1927308351997192,4,1,1,0
agrobayerbrasil_1617061996365434,your_instagram_activity\messages\inbox\agrobayerbrasil_1617061996365434,4,1,1,0
agrodefesagoias_1753647352696627,your_instagram_activity\messages\inbox\agrodefesagoias_1753647352696627,4,1,1,0
agroprosapodcast_1875191117208916,your_instagram_activity\messages\inbox\agroprosapodcast_1875191117208916,4,1,1,0
agrotecsegurancadotrabalho_1687943875933642,your_instagram_activity\messages\inbox\agrotecsegurancadotrabalho_1687943875933642,4,1,1,0
aguiaautomoveisseminovosrioverdego_1512194733556414,your_instagram_activity\messages\inbox\aguiaautomoveisseminovosrioverdego_1512194733556414,4,1,1,0
ailtoncruzcomunicador_1745021790225850,your_instagram_activity\messages\inbox\ailtoncruzcomunicador_1745021790225850,4,1,1,0
ailtonsilvasuaempresanatelamaisinfluentedegoias_1780639829997379,your_instagram_activity\messages\inbox\ailtonsilvasuaempresanatelamaisinfluentedegoias_1780639829997379,4,1,1,0
ajerioverde_553220089406032,your_instagram_activity\messages\inbox\ajerioverde_553220089406032,4,1,1,0
albertobarellanetto_984355672347477,your_instagram_activity\messages\inbox\albertobarellanetto_984355672347477,4,1,1,0
alcypacheco_1750901106304585,your_instagram_activity\messages\inbox\alcypacheco_1750901106304585,4,1,1,0
alecrimcomunicacaoeassessoria_1113455736727061,your_instagram_activity\messages\inbox\alecrimcomunicacaoeassessoria_1113455736727061,4,1,1,0
alergfit_1083324533062249,your_instagram_activity\messages\inbox\alergfit_1083324533062249,4,1,1,0
alergovacinasrioverde_1337408674320499,your_instagram_activity\messages\inbox\alergovacinasrioverde_1337408674320499,4,1,1,0
alessandrogil_1226159962112038,your_instagram_activity\messages\inbox\alessandrogil_1226159962112038,4,1,1,0
alexandregiffoni_1760885761972786,your_instagram_activity\messages\inbox\alexandregiffoni_1760885761972786,4,1,1,0
alexgoncalves_1404129144323844,your_instagram_activity\messages\inbox\alexgoncalves_1404129144323844,4,1,1,0
alinebrito_623030845357643,your_instagram_activity\messages\inbox\alinebrito_623030845357643,4,1,1,0
alinemartinssilvasouza_1223743072353727,your_instagram_activity\messages\inbox\alinemartinssilvasouza_1223743072353727,4,1,1,0
alinequirinoadvogadatrabalhistaempresarial_1084068046321231,your_instagram_activity\messages\inbox\alinequirinoadvogadatrabalhistaempresarial_1084068046321231,4,1,2,1
photos,your_instagram_activity\messages\inbox\alinequirinoadvogadatrabalhistaempresarial_1084068046321231\photos,5,1,1,0
allinecabraldossantos_1477070433687655,your_instagram_activity\messages\inbox\allinecabraldossantos_1477070433687655,4,1,1,0
alovisi_1735538887840807,your_instagram_activity\messages\inbox\alovisi_1735538887840807,4,1,1,0
altaperformancesemexaustao_1914119019982792,your_instagram_activity\messages\inbox\altaperformancesemexaustao_1914119019982792,4,1,1,0
alugueldegalpoesgoias64_1837061584355203,your_instagram_activity\messages\inbox\alugueldegalpoesgoias64_1837061584355203,4,1,1,0
alvaroaugustosimoes_1822308885830473,your_instagram_activity\messages\inbox\alvaroaugustosimoes_1822308885830473,4,1,1,0
amaralemeloadvogadosjuridiconoagro_1206754257385942,your_instagram_activity\messages\inbox\amaralemeloadvogadosjuridiconoagro_1206754257385942,4,1,1,0
amatrv_954001049327932,your_instagram_activity\messages\inbox\amatrv_954001049327932,4,1,1,0
ampereenergias_1660417718688688,your_instagram_activity\messages\inbox\ampereenergias_1660417718688688,4,1,1,0
amtrioverde_1828989601829068,your_instagram_activity\messages\inbox\amtrioverde_1828989601829068,4,1,1,0
anacarolinamartins_489778618774288,your_instagram_activity\messages\inbox\anacarolinamartins_489778618774288,4,1,1,0
anaclaudiachaveslira_1788081949253167,your_instagram_activity\messages\inbox\anaclaudiachaveslira_1788081949253167,4,1,1,0
anagabriellycarvalho_1798702288191133,your_instagram_activity\messages\inbox\anagabriellycarvalho_1798702288191133,4,1,1,0
analuizadelimaguimaraes_1812385660156129,your_instagram_activity\messages\inbox\analuizadelimaguimaraes_1812385660156129,4,1,1,0
anamariacintra_1689649222429774,your_instagram_activity\messages\inbox\anamariacintra_1689649222429774,4,1,1,0
anapaulaazevedo_1706254714102558,your_instagram_activity\messages\inbox\anapaulaazevedo_1706254714102558,4,1,1,0
anapaulabarbosaandrade_470766870984688,your_instagram_activity\messages\inbox\anapaulabarbosaandrade_470766870984688,4,1,1,0
anapaulacintra_925180795543291,your_instagram_activity\messages\inbox\anapaulacintra_925180795543291,4,1,1,0
anapaulagodinhoinvesttcorretoradeseguros_1113205506740818,your_instagram_activity\messages\inbox\anapaulagodinhoinvesttcorretoradeseguros_1113205506740818,4,1,1,0
anarosabueno_554372142624160,your_instagram_activity\messages\inbox\anarosabueno_554372142624160,4,1,1,0
anavarela_1830191398378077,your_instagram_activity\messages\inbox\anavarela_1830191398378077,4,1,1,0
andersonlima_1745098390218190,your_instagram_activity\messages\inbox\andersonlima_1745098390218190,4,1,2,1
audio,your_instagram_activity\messages\inbox\andersonlima_1745098390218190\audio,5,1,1,0
andreiasantoscuradoradeinvestimentosimobiliarios_808900967171275,your_instagram_activity\messages\inbox\andreiasantoscuradoradeinvestimentosimobiliarios_808900967171275,4,1,1,0
andressamascarello_1969458747782152,your_instagram_activity\messages\inbox\andressamascarello_1969458747782152,4,1,1,0
andressamelo_1178831983511503,your_instagram_activity\messages\inbox\andressamelo_1178831983511503,4,1,1,0
andressaquinelliseguroseconsorcios_1618441532883877,your_instagram_activity\messages\inbox\andressaquinelliseguroseconsorcios_1618441532883877,4,1,1,0
andrielefreire_1204785997582768,your_instagram_activity\messages\inbox\andrielefreire_1204785997582768,4,1,1,0
anielemonteiro_1792140615513967,your_instagram_activity\messages\inbox\anielemonteiro_1792140615513967,4,1,1,0
annacarolinafonsecabailoni_1813200193408009,your_instagram_activity\messages\inbox\annacarolinafonsecabailoni_1813200193408009,4,1,1,0
annamarquez_1851090079619020,your_instagram_activity\messages\inbox\annamarquez_1851090079619020,4,1,1,0
antoniodelascuevas_1647998866594810,your_instagram_activity\messages\inbox\antoniodelascuevas_1647998866594810,4,1,1,0
aplausoaudiovisual_508412217220815,your_instagram_activity\messages\inbox\aplausoaudiovisual_508412217220815,4,1,1,0
aporterural_1659481095446587,your_instagram_activity\messages\inbox\aporterural_1659481095446587,4,1,1,0
arandumicroverdes_1808484473879581,your_instagram_activity\messages\inbox\arandumicroverdes_1808484473879581,4,1,1,0
arthemisalins_1727028595358503,your_instagram_activity\messages\inbox\arthemisalins_1727028595358503,4,1,1,0
arthurguilianeferreira_1205617667499601,your_instagram_activity\messages\inbox\arthurguilianeferreira_1205617667499601,4,1,1,0
arturito_1220676405993727,your_instagram_activity\messages\inbox\arturito_1220676405993727,4,1,1,0
arturpagnoncelli_1720264146034948,your_instagram_activity\messages\inbox\arturpagnoncelli_1720264146034948,4,1,1,0
aryanasantiago_1706408390753857,your_instagram_activity\messages\inbox\aryanasantiago_1706408390753857,4,1,1,0
aso_500948914633150,your_instagram_activity\messages\inbox\aso_500948914633150,4,1,1,0
associacaogarvgo_1932830544778306,your_instagram_activity\messages\inbox\associacaogarvgo_1932830544778306,4,1,1,0
associativismonetworkesgempreendedorismo_1486775319383833,your_instagram_activity\messages\inbox\associativismonetworkesgempreendedorismo_1486775319383833,4,1,1,0
atacadaodotijoloceramicabomjardim_1777298000331562,your_instagram_activity\messages\inbox\atacadaodotijoloceramicabomjardim_1777298000331562,4,1,1,0
aterapeuticafarmaciademanipulacao_1853821942679167,your_instagram_activity\messages\inbox\aterapeuticafarmaciademanipulacao_1853821942679167,4,1,1,0
athusbarques_1834869607907734,your_instagram_activity\messages\inbox\athusbarques_1834869607907734,4,1,1,0
aureacomunicacao_1768115214583174,your_instagram_activity\messages\inbox\aureacomunicacao_1768115214583174,4,1,1,0
autopecaspiloto_497269688341284,your_instagram_activity\messages\inbox\autopecaspiloto_497269688341284,4,1,1,0
avmadministradora_1630945264966837,your_instagram_activity\messages\inbox\avmadministradora_1630945264966837,4,1,1,0
azullocacoes_1847768699951158,your_instagram_activity\messages\inbox\azullocacoes_1847768699951158,4,1,1,0
basfsolucoesparaagricultura_1775526503842045,your_instagram_activity\messages\inbox\basfsolucoesparaagricultura_1775526503842045,4,1,1,0
baterautobateriasrioverdesantahelena_1800962461298449,your_instagram_activity\messages\inbox\baterautobateriasrioverdesantahelena_1800962461298449,4,1,1,0
bateriasluxfor_1788318199229542,your_instagram_activity\messages\inbox\bateriasluxfor_1788318199229542,4,1,1,0
bdgja1eja2_1772031934198716,your_instagram_activity\messages\inbox\bdgja1eja2_1772031934198716,4,1,1,0
beatrizrocha_1162641421797226,your_instagram_activity\messages\inbox\beatrizrocha_1162641421797226,4,1,1,0
betosilva_1846411436753551,your_instagram_activity\messages\inbox\betosilva_1846411436753551,4,1,1,0
biancaceribelli_543491833712191,your_instagram_activity\messages\inbox\biancaceribelli_543491833712191,4,1,1,0
biancaferreiraadvogada_1912237070170987,your_instagram_activity\messages\inbox\biancaferreiraadvogada_1912237070170987,4,1,1,0
biohigix_1186595696068465,your_instagram_activity\messages\inbox\biohigix_1186595696068465,4,1,1,0
bombeirosgoias_1829303865130975,your_instagram_activity\messages\inbox\bombeirosgoias_1829303865130975,4,1,1,0
bomhumorotimismo_1757408895653806,your_instagram_activity\messages\inbox\bomhumorotimismo_1757408895653806,4,1,1,0
brunacarvalhonutricionistarioverde_1883836756344352,your_instagram_activity\messages\inbox\brunacarvalhonutricionistarioverde_1883836756344352,4,1,1,0
brunalimadias_1625935612134469,your_instagram_activity\messages\inbox\brunalimadias_1625935612134469,4,1,1,0
brunarieper_881658709896879,your_instagram_activity\messages\inbox\brunarieper_881658709896879,4,1,1,0
brunoalves_1523167499077948,your_instagram_activity\messages\inbox\brunoalves_1523167499077948,4,1,1,0
brunoarantes_1676940997042669,your_instagram_activity\messages\inbox\brunoarantes_1676940997042669,4,1,1,0
brunoaraujo_1956473079080719,your_instagram_activity\messages\inbox\brunoaraujo_1956473079080719,4,1,1,0
brunocastro_1857472988984818,your_instagram_activity\messages\inbox\brunocastro_1857472988984818,4,1,1,0
brunogallo_1228060955255272,your_instagram_activity\messages\inbox\brunogallo_1228060955255272,4,1,1,0
brunolesche_949405303120840,your_instagram_activity\messages\inbox\brunolesche_949405303120840,4,1,1,0
brunosimaomichaleski_1384448479616518,your_instagram_activity\messages\inbox\brunosimaomichaleski_1384448479616518,4,1,1,0
buritishoppingrioverde_561270265269386,your_instagram_activity\messages\inbox\buritishoppingrioverde_561270265269386,4,1,1,0
bylucianarocha_1757532082308154,your_instagram_activity\messages\inbox\bylucianarocha_1757532082308154,4,1,1,0
cabomoraespresidentedacammunderioverde_1761569175237778,your_instagram_activity\messages\inbox\cabomoraespresidentedacammunderioverde_1761569175237778,4,1,1,0
cacbicoletivoempresarial_1421632255898140,your_instagram_activity\messages\inbox\cacbicoletivoempresarial_1421632255898140,4,1,1,0
cacheadoscresposeondulados_1886756432719051,your_instagram_activity\messages\inbox\cacheadoscresposeondulados_1886756432719051,4,1,1,0
caiocalhau_1217618472966187,your_instagram_activity\messages\inbox\caiocalhau_1217618472966187,4,1,1,0
cairosantos_1773478057380223,your_instagram_activity\messages\inbox\cairosantos_1773478057380223,4,1,1,0
camaramunicipalderioverde_573615580699816,your_instagram_activity\messages\inbox\camaramunicipalderioverde_573615580699816,4,1,1,0
camcamaradearbitragememediacaoacirv_925011988893505,your_instagram_activity\messages\inbox\camcamaradearbitragememediacaoacirv_925011988893505,4,1,1,0
camila_1025989258905998,your_instagram_activity\messages\inbox\camila_1025989258905998,4,1,1,0
camilamachado_1720329092703203,your_instagram_activity\messages\inbox\camilamachado_1720329092703203,4,1,1,0
camilasantoshomecoffee_1236014191130614,your_instagram_activity\messages\inbox\camilasantoshomecoffee_1236014191130614,4,1,1,0
canaaatacadista_1907594353968592,your_instagram_activity\messages\inbox\canaaatacadista_1907594353968592,4,1,1,0
canamoffroad_1816293376440695,your_instagram_activity\messages\inbox\canamoffroad_1816293376440695,4,1,1,0
canindedesouza_1768819571179405,your_instagram_activity\messages\inbox\canindedesouza_1768819571179405,4,1,1,0
cantinhovipcafesaothomaz_1771861767541852,your_instagram_activity\messages\inbox\cantinhovipcafesaothomaz_1771861767541852,4,1,1,0
caramurubrandao_1767092581352104,your_instagram_activity\messages\inbox\caramurubrandao_1767092581352104,4,1,1,0
carlagomes_383107946452688,your_instagram_activity\messages\inbox\carlagomes_383107946452688,4,1,1,0
carlosadrianolgpdauditoria_1828768945184467,your_instagram_activity\messages\inbox\carlosadrianolgpdauditoria_1828768945184467,4,1,1,0
carlosaugusto_1932830541444973,your_instagram_activity\messages\inbox\carlosaugusto_1932830541444973,4,1,1,0
carlosaugustoregodemoraes_501025894625452,your_instagram_activity\messages\inbox\carlosaugustoregodemoraes_501025894625452,4,1,1,0
carmemleao_559467915447916,your_instagram_activity\messages\inbox\carmemleao_559467915447916,4,1,1,0
carolinaocassiscontadoraemrioverdego_1956148312446529,your_instagram_activity\messages\inbox\carolinaocassiscontadoraemrioverdego_1956148312446529,4,1,1,0
carolinecostaleao_1857312532330108,your_instagram_activity\messages\inbox\carolinecostaleao_1857312532330108,4,1,1,0
caroltabosa_1944312276963466,your_instagram_activity\messages\inbox\caroltabosa_1944312276963466,4,1,1,0
cartorioxavier_1581133963289221,your_instagram_activity\messages\inbox\cartorioxavier_1581133963289221,4,1,1,0
casadamusicaescolademusica_1218211602906874,your_instagram_activity\messages\inbox\casadamusicaescolademusica_1218211602906874,4,1,1,0
casalizspaurbanomassagemesteticadepilacao_1945621816832512,your_instagram_activity\messages\inbox\casalizspaurbanomassagemesteticadepilacao_1945621816832512,4,1,1,0
cassiobellintaniiplinsky_1745805496814578,your_instagram_activity\messages\inbox\cassiobellintaniiplinsky_1745805496814578,4,1,1,0
cassiobezerraqueiroz_1768472254547470,your_instagram_activity\messages\inbox\cassiobezerraqueiroz_1768472254547470,4,1,1,0
catintas_1779809593413736,your_instagram_activity\messages\inbox\catintas_1779809593413736,4,1,1,0
ceccarlosecarreirooficial_1767205661340796,your_instagram_activity\messages\inbox\ceccarlosecarreirooficial_1767205661340796,4,1,1,0
celetiellfrankcoelhocorreia_1717655509629145,your_instagram_activity\messages\inbox\celetiellfrankcoelhocorreia_1717655509629145,4,1,1,0
celiamendes_824281062299932,your_instagram_activity\messages\inbox\celiamendes_824281062299932,4,1,1,0
celiojunior_986062519460886,your_instagram_activity\messages\inbox\celiojunior_986062519460886,4,1,1,0
celsoendrigoferrari_1435481357846563,your_instagram_activity\messages\inbox\celsoendrigoferrari_1435481357846563,4,1,1,0
centralsementesbrasil_1760253582036004,your_instagram_activity\messages\inbox\centralsementesbrasil_1760253582036004,4,1,1,0
centrodeexcelenciaemempreendedorismoinovadordegoias_1804840797577282,your_instagram_activity\messages\inbox\centrodeexcelenciaemempreendedorismoinovadordegoias_1804840797577282,4,1,1,0
centromedicoaugustabastos_1099188448142524,your_instagram_activity\messages\inbox\centromedicoaugustabastos_1099188448142524,4,1,1,0
cestascaixasvinhosqueijoservasgo_1686910112703685,your_instagram_activity\messages\inbox\cestascaixasvinhosqueijoservasgo_1686910112703685,4,1,1,0
cezaraugusto_1780567853337910,your_instagram_activity\messages\inbox\cezaraugusto_1780567853337910,4,1,1,0
chayenecynthia_1834885624572799,your_instagram_activity\messages\inbox\chayenecynthia_1834885624572799,4,1,1,0
chicokgl_428651111928875,your_instagram_activity\messages\inbox\chicokgl_428651111928875,4,1,1,0
christianegarciaduarte_1629932875079016,your_instagram_activity\messages\inbox\christianegarciaduarte_1629932875079016,4,1,1,0
ciee_1932152638179430,your_instagram_activity\messages\inbox\ciee_1932152638179430,4,1,1,0
cileiasandim_1671648060896557,your_instagram_activity\messages\inbox\cileiasandim_1671648060896557,4,1,1,0
cinthialeao_1148387049889330,your_instagram_activity\messages\inbox\cinthialeao_1148387049889330,4,1,1,0
cinthiamedeirossemijoias_1220623639332337,your_instagram_activity\messages\inbox\cinthiamedeirossemijoias_1220623639332337,4,1,1,0
clailtonrezende_1648377943223569,your_instagram_activity\messages\inbox\clailtonrezende_1648377943223569,4,1,1,0
claudiacitroni_547752159952825,your_instagram_activity\messages\inbox\claudiacitroni_547752159952825,4,1,1,0
claudinarodrigues_1124634935597875,your_instagram_activity\messages\inbox\claudinarodrigues_1124634935597875,4,1,1,0
cleliaresende_1835207377873957,your_instagram_activity\messages\inbox\cleliaresende_1835207377873957,4,1,1,0
cleonicerosamendonca_1781079016620127,your_instagram_activity\messages\inbox\cleonicerosamendonca_1781079016620127,4,1,1,0
cleudirfernandes_1767485617979467,your_instagram_activity\messages\inbox\cleudirfernandes_1767485617979467,4,1,1,0
cleytonflima_1807239650670730,your_instagram_activity\messages\inbox\cleytonflima_1807239650670730,4,1,2,1
photos,your_instagram_activity\messages\inbox\cleytonflima_1807239650670730\photos,5,1,1,0
clinicaintensivafisioterapiaereabilitacao_1648613416533355,your_instagram_activity\messages\inbox\clinicaintensivafisioterapiaereabilitacao_1648613416533355,4,1,1,0
cmveiculosrioverdegoias_1780970746630954,your_instagram_activity\messages\inbox\cmveiculosrioverdegoias_1780970746630954,4,1,1,0
codejajatai_1649189943142369,your_instagram_activity\messages\inbox\codejajatai_1649189943142369,4,1,1,0
codeparioverde_1742980577096638,your_instagram_activity\messages\inbox\codeparioverde_1742980577096638,4,1,1,0
coderv_533841618020190,your_instagram_activity\messages\inbox\coderv_533841618020190,4,1,1,0
comitivamundovalente_1914265296634831,your_instagram_activity\messages\inbox\comitivamundovalente_1914265296634831,4,1,1,0
comprasdomeujeito_1775259257202103,your_instagram_activity\messages\inbox\comprasdomeujeito_1775259257202103,4,1,1,0
conexaoagroband_1753710159357013,your_instagram_activity\messages\inbox\conexaoagroband_1753710159357013,4,1,1,0
congressomedicoderioverde_1736494024415021,your_instagram_activity\messages\inbox\congressomedicoderioverde_1736494024415021,4,1,1,0
constrular_500122174717936,your_instagram_activity\messages\inbox\constrular_500122174717936,4,1,1,0
consultoriaambientalconsultoriaderh_1102763457785023,your_instagram_activity\messages\inbox\consultoriaambientalconsultoriaderh_1102763457785023,4,1,1,0
contatudocontabilidade_1853822569345771,your_instagram_activity\messages\inbox\contatudocontabilidade_1853822569345771,4,1,1,0
cooperativacomigo_566982878029753,your_instagram_activity\messages\inbox\cooperativacomigo_566982878029753,4,1,1,0
cooprecicla_461482942404289,your_instagram_activity\messages\inbox\cooprecicla_461482942404289,4,1,1,0
coristasdocoralmunicipal_1860645315330163,your_instagram_activity\messages\inbox\coristasdocoralmunicipal_1860645315330163,4,1,1,0
correspondentecaixa_1847731813288180,your_instagram_activity\messages\inbox\correspondentecaixa_1847731813288180,4,1,1,0
costafilho_1475477420513623,your_instagram_activity\messages\inbox\costafilho_1475477420513623,4,1,1,0
criartpersonalizados_1700084881386208,your_instagram_activity\messages\inbox\criartpersonalizados_1700084881386208,4,1,1,0
cris_1942746853786675,your_instagram_activity\messages\inbox\cris_1942746853786675,4,1,1,0
crislaineneves_1083182463076456,your_instagram_activity\messages\inbox\crislaineneves_1083182463076456,4,1,1,0
cristianecongelados_1056278772433492,your_instagram_activity\messages\inbox\cristianecongelados_1056278772433492,4,1,1,0
cristianeguerra_1756451909082838,your_instagram_activity\messages\inbox\cristianeguerra_1756451909082838,4,1,1,0
cristiangomes_510142310380477,your_instagram_activity\messages\inbox\cristiangomes_510142310380477,4,1,1,0
croesusengenhariaarquitetura_1787422369319125,your_instagram_activity\messages\inbox\croesusengenhariaarquitetura_1787422369319125,4,1,1,0
ctaxcontabilidade_1799684208092941,your_instagram_activity\messages\inbox\ctaxcontabilidade_1799684208092941,4,1,1,0
cynthiaprado_1762471928480836,your_instagram_activity\messages\inbox\cynthiaprado_1762471928480836,4,1,1,0
danielaguimaraes_1945934340134593,your_instagram_activity\messages\inbox\danielaguimaraes_1945934340134593,4,1,1,0
danielbueno_1835186447876050,your_instagram_activity\messages\inbox\danielbueno_1835186447876050,4,1,1,0
danielcaldeira_1852818652779496,your_instagram_activity\messages\inbox\danielcaldeira_1852818652779496,4,1,1,0
danielguimaraesreformatributaria_1475880773806621,your_instagram_activity\messages\inbox\danielguimaraesreformatributaria_1475880773806621,4,1,1,0
daniellegomesdeoliveira_1784670149594347,your_instagram_activity\messages\inbox\daniellegomesdeoliveira_1784670149594347,4,1,1,0
daniellycardosopersonaltrainer_1881846979876663,your_instagram_activity\messages\inbox\daniellycardosopersonaltrainer_1881846979876663,4,1,1,0
danielotavio_1459671845684800,your_instagram_activity\messages\inbox\danielotavio_1459671845684800,4,1,1,0
danilloborgesveiculosseminovos_1793829108678451,your_instagram_activity\messages\inbox\danilloborgesveiculosseminovos_1793829108678451,4,1,1,0
danillohenriqueguimaraes_551645692896805,your_instagram_activity\messages\inbox\danillohenriqueguimaraes_551645692896805,4,1,1,0
danillooliveira_1827500178644677,your_instagram_activity\messages\inbox\danillooliveira_1827500178644677,4,1,1,0
danilodamasiopersonaltrainer_1434620711265961,your_instagram_activity\messages\inbox\danilodamasiopersonaltrainer_1434620711265961,4,1,1,0
danilofabiano_952483239479713,your_instagram_activity\messages\inbox\danilofabiano_952483239479713,4,1,1,0
dardanecabralfotografa_1853700472691314,your_instagram_activity\messages\inbox\dardanecabralfotografa_1853700472691314,4,1,1,0
darisdias_1754924419235587,your_instagram_activity\messages\inbox\darisdias_1754924419235587,4,1,1,0
datte_1801717977889564,your_instagram_activity\messages\inbox\datte_1801717977889564,4,1,1,0
dayanealmeida_1766744188053610,your_instagram_activity\messages\inbox\dayanealmeida_1766744188053610,4,1,1,0
dayanecostaoficial_942521970475840,your_instagram_activity\messages\inbox\dayanecostaoficial_942521970475840,4,1,1,0
dayreimotors_1689591489102214,your_instagram_activity\messages\inbox\dayreimotors_1689591489102214,4,1,1,0
deborapedrosodasilvaperes_1732571741470855,your_instagram_activity\messages\inbox\deborapedrosodasilvaperes_1732571741470855,4,1,1,0
deibyamoraes_1899303194797708,your_instagram_activity\messages\inbox\deibyamoraes_1899303194797708,4,1,1,0
dejanemaramaffissoni_529845838410124,your_instagram_activity\messages\inbox\dejanemaramaffissoni_529845838410124,4,1,1,0
delegadoeduardoprado_1859760692085292,your_instagram_activity\messages\inbox\delegadoeduardoprado_1859760692085292,4,1,1,0
denimarcioborges_573380460723328,your_instagram_activity\messages\inbox\denimarcioborges_573380460723328,4,1,1,0
denisemalta_1767258201335542,your_instagram_activity\messages\inbox\denisemalta_1767258201335542,4,1,1,0
denisepaloschigestaodenegocios_1747785603282802,your_instagram_activity\messages\inbox\denisepaloschigestaodenegocios_1747785603282802,4,1,1,0
dennerclementeadvogado_1766762451385117,your_instagram_activity\messages\inbox\dennerclementeadvogado_1766762451385117,4,1,1,0
deputadoestadualjosemachado_1725471792180850,your_instagram_activity\messages\inbox\deputadoestadualjosemachado_1725471792180850,4,1,1,0
dequalitarioverde_1750332849694744,your_instagram_activity\messages\inbox\dequalitarioverde_1750332849694744,4,1,1,0
devanigirottomentorademulheresrendaextravendas_1700024474725582,your_instagram_activity\messages\inbox\devanigirottomentorademulheresrendaextravendas_1700024474725582,4,1,1,0
dgimplantesdentistaemrioverdegoias_618033226261755,your_instagram_activity\messages\inbox\dgimplantesdentistaemrioverdegoias_618033226261755,4,1,1,0
didierpersonalchefrioverdego_1718868092847998,your_instagram_activity\messages\inbox\didierpersonalchefrioverdego_1718868092847998,4,1,1,0
diegomodoloribeiro_357195815834492,your_instagram_activity\messages\inbox\diegomodoloribeiro_357195815834492,4,1,1,0
dillferreira_1760885765306119,your_instagram_activity\messages\inbox\dillferreira_1760885765306119,4,1,1,0
dineisilvavideomaker_1668828664520242,your_instagram_activity\messages\inbox\dineisilvavideomaker_1668828664520242,4,1,1,0
dioneserafim_1768057454588950,your_instagram_activity\messages\inbox\dioneserafim_1768057454588950,4,1,1,0
dirceuzanchijunior_1920987989295895,your_instagram_activity\messages\inbox\dirceuzanchijunior_1920987989295895,4,1,1,0
dircilenemendoncatranstornosdeansiedade_1787577375970291,your_instagram_activity\messages\inbox\dircilenemendoncatranstornosdeansiedade_1787577375970291,4,1,1,0
disporcoletagestaoseguraderesiduos_1774732927254736,your_instagram_activity\messages\inbox\disporcoletagestaoseguraderesiduos_1774732927254736,4,1,1,0
divinosouza_1944311396963554,your_instagram_activity\messages\inbox\divinosouza_1944311396963554,4,1,1,0
docecozinhadapri_952880479439989,your_instagram_activity\messages\inbox\docecozinhadapri_952880479439989,4,1,1,0
domgabrielrioverde_1762464385148257,your_instagram_activity\messages\inbox\domgabrielrioverde_1762464385148257,4,1,1,0
douglasmorais_1901159914612036,your_instagram_activity\messages\inbox\douglasmorais_1901159914612036,4,1,1,0
dr_rv_1827680118626683,your_instagram_activity\messages\inbox\dr_rv_1827680118626683,4,1,1,0
draanapaulafranco_1249702613097002,your_instagram_activity\messages\inbox\draanapaulafranco_1249702613097002,4,1,1,0
draelisewernerultrassomnagestacao_1945788520149175,your_instagram_activity\messages\inbox\draelisewernerultrassomnagestacao_1945788520149175,4,1,1,0
dranayannefisioterapiapelvica_1748394393221923,your_instagram_activity\messages\inbox\dranayannefisioterapiapelvica_1748394393221923,4,1,1,0
dravaniamachado_1374882313906468,your_instagram_activity\messages\inbox\dravaniamachado_1374882313906468,4,1,1,0
drayassueminamidermato_805345784193460,your_instagram_activity\messages\inbox\drayassueminamidermato_805345784193460,4,1,1,0
drfernandocruvinelinteriorfortego_814683376593034,your_instagram_activity\messages\inbox\drfernandocruvinelinteriorfortego_814683376593034,4,1,1,0
drfredericobernardes_1732054851522544,your_instagram_activity\messages\inbox\drfredericobernardes_1732054851522544,4,1,1,0
duartescakersimpletalentgestaoconsultoriaandusuariodoinstagram_8253204684769947,your_instagram_activity\messages\inbox\duartescakersimpletalentgestaoconsultoriaandusuariodoinstagram_8253204684769947,4,1,1,0
duoclinicadepsicologia_1706316337429729,your_instagram_activity\messages\inbox\duoclinicadepsicologia_1706316337429729,4,1,1,0
dynamo3d_1822375782490450,your_instagram_activity\messages\inbox\dynamo3d_1822375782490450,4,1,1,0
dynamofinance_1822296955831666,your_instagram_activity\messages\inbox\dynamofinance_1822296955831666,4,1,1,0
ecovillerioverdecentro_1791095525618476,your_instagram_activity\messages\inbox\ecovillerioverdecentro_1791095525618476,4,1,1,0
edemilsoncosta_1468872504507448,your_instagram_activity\messages\inbox\edemilsoncosta_1468872504507448,4,1,1,0
edilamarfagundes_531178994943475,your_instagram_activity\messages\inbox\edilamarfagundes_531178994943475,4,1,1,0
edivansoouza_1397841021610597,your_instagram_activity\messages\inbox\edivansoouza_1397841021610597,4,1,1,0
edneyarakaki_865056114361451,your_instagram_activity\messages\inbox\edneyarakaki_865056114361451,4,1,2,1
audio,your_instagram_activity\messages\inbox\edneyarakaki_865056114361451\audio,5,1,1,0
eduardafreitasmarketing_1835916094469752,your_instagram_activity\messages\inbox\eduardafreitasmarketing_1835916094469752,4,1,1,0
eduardasilva_1760722261989136,your_instagram_activity\messages\inbox\eduardasilva_1760722261989136,4,1,1,0
eduardolobo_448331876561521,your_instagram_activity\messages\inbox\eduardolobo_448331876561521,4,1,1,0
edwalportilho_1820613289333366,your_instagram_activity\messages\inbox\edwalportilho_1820613289333366,4,1,1,0
elaineeleo_1768060851255277,your_instagram_activity\messages\inbox\elaineeleo_1768060851255277,4,1,1,0
eletromar_1186999612694740,your_instagram_activity\messages\inbox\eletromar_1186999612694740,4,1,1,0
elevetecnologia_1200411461353555,your_instagram_activity\messages\inbox\elevetecnologia_1200411461353555,4,1,1,0
eliamarsousa_1715218509872845,your_instagram_activity\messages\inbox\eliamarsousa_1715218509872845,4,1,1,0
eliane_1773907234003972,your_instagram_activity\messages\inbox\eliane_1773907234003972,4,1,1,0
elianearruda_989519559109414,your_instagram_activity\messages\inbox\elianearruda_989519559109414,4,1,1,0
elianepasini_579539133447461,your_instagram_activity\messages\inbox\elianepasini_579539133447461,4,1,1,0
elismarnaves_1773907230670639,your_instagram_activity\messages\inbox\elismarnaves_1773907230670639,4,1,1,0
ellenfarias_1767110331350329,your_instagram_activity\messages\inbox\ellenfarias_1767110331350329,4,1,1,0
elmara_1757521395642556,your_instagram_activity\messages\inbox\elmara_1757521395642556,4,1,1,0
emilianecarvalho_1327844525276914,your_instagram_activity\messages\inbox\emilianecarvalho_1327844525276914,4,1,1,0
emirellyleao_1780558190005543,your_instagram_activity\messages\inbox\emirellyleao_1780558190005543,4,1,1,0
erickmartins_1751119206282775,your_instagram_activity\messages\inbox\erickmartins_1751119206282775,4,1,1,0
erikabarcelo_677741700338662,your_instagram_activity\messages\inbox\erikabarcelo_677741700338662,4,1,1,0
erlayneborges_1709150917146271,your_instagram_activity\messages\inbox\erlayneborges_1709150917146271,4,1,1,0
erosboutiquemodafeminina_573182157416930,your_instagram_activity\messages\inbox\erosboutiquemodafeminina_573182157416930,4,1,1,0
escoladeidiomasrioverdego_560762055318502,your_instagram_activity\messages\inbox\escoladeidiomasrioverdego_560762055318502,4,1,1,0
escolademusicatomjobim_1747708303290532,your_instagram_activity\messages\inbox\escolademusicatomjobim_1747708303290532,4,1,1,0
espacocapitalcoworking_566379804756727,your_instagram_activity\messages\inbox\espacocapitalcoworking_566379804756727,4,1,1,0
espacoterapeuticosimonealves_1196403741754327,your_instagram_activity\messages\inbox\espacoterapeuticosimonealves_1196403741754327,4,1,1,0
estefanialimagourmet_1595528175175213,your_instagram_activity\messages\inbox\estefanialimagourmet_1595528175175213,4,1,1,0
esterrocha_842900493024888,your_instagram_activity\messages\inbox\esterrocha_842900493024888,4,1,1,0
esthersantos_1889156912479003,your_instagram_activity\messages\inbox\esthersantos_1889156912479003,4,1,1,0
estrelinhakids_1768576464537049,your_instagram_activity\messages\inbox\estrelinhakids_1768576464537049,4,1,1,0
estruturaseproducoesdeeventos_1889444282450266,your_instagram_activity\messages\inbox\estruturaseproducoesdeeventos_1889444282450266,4,1,1,0
eunersantiagodefesamedica_1780970749964287,your_instagram_activity\messages\inbox\eunersantiagodefesamedica_1780970749964287,4,1,1,0
evaristolira_1384327572961942,your_instagram_activity\messages\inbox\evaristolira_1384327572961942,4,1,1,0
evelyneduardaduarte_1956091149118912,your_instagram_activity\messages\inbox\evelyneduardaduarte_1956091149118912,4,1,1,0
evertoneduardokochhann_1742992607095435,your_instagram_activity\messages\inbox\evertoneduardokochhann_1742992607095435,4,1,1,0
exatacredrioverde_1705486820846014,your_instagram_activity\messages\inbox\exatacredrioverde_1705486820846014,4,1,1,0
excellentglobalidiomasrioverde_1771986970862665,your_instagram_activity\messages\inbox\excellentglobalidiomasrioverde_1771986970862665,4,1,1,0
exporioverde_1411180300276669,your_instagram_activity\messages\inbox\exporioverde_1411180300276669,4,1,1,0
fabianoguimaraes_1116341966427172,your_instagram_activity\messages\inbox\fabianoguimaraes_1116341966427172,4,1,1,0
fabianomoraescardoso_1760771305317565,your_instagram_activity\messages\inbox\fabianomoraescardoso_1760771305317565,4,1,1,0
fabiobittencourtprofonline_1230348768359824,your_instagram_activity\messages\inbox\fabiobittencourtprofonline_1230348768359824,4,1,1,0
fabiomatheussalomao_1373595634122170,your_instagram_activity\messages\inbox\fabiomatheussalomao_1373595634122170,4,1,1,0
fabiorezende_1689546502440046,your_instagram_activity\messages\inbox\fabiorezende_1689546502440046,4,1,1,0
fabiotrancolinduarte_573264527401588,your_instagram_activity\messages\inbox\fabiotrancolinduarte_573264527401588,4,1,1,0
faciegfederacaodasassociacoescomeinddoestdegoias_563057961755578,your_instagram_activity\messages\inbox\faciegfederacaodasassociacoescomeinddoestdegoias_563057961755578,4,1,1,0
faciegmulher_1273374600723907,your_instagram_activity\messages\inbox\faciegmulher_1273374600723907,4,1,1,0
faiasolucoesfinanceiras_1999249388138890,your_instagram_activity\messages\inbox\faiasolucoesfinanceiras_1999249388138890,4,1,1,0
fajegoias_1211378736923494,your_instagram_activity\messages\inbox\fajegoias_1211378736923494,4,1,1,0
fatimarosamartins_1763402378387791,your_instagram_activity\messages\inbox\fatimarosamartins_1763402378387791,4,1,1,0
fazendoterapiaclinicamultidisciplinarinfantil_1848144923253841,your_instagram_activity\messages\inbox\fazendoterapiaclinicamultidisciplinarinfantil_1848144923253841,4,1,1,0
felipecomellicomber_1192367328824635,your_instagram_activity\messages\inbox\felipecomellicomber_1192367328824635,4,1,1,0
felipedefaria_541986120529429,your_instagram_activity\messages\inbox\felipedefaria_541986120529429,4,1,1,0
feliperibeiro_1761087298619299,your_instagram_activity\messages\inbox\feliperibeiro_1761087298619299,4,1,1,0
feliperufinoengenheiromecanico_1960889541972406,your_instagram_activity\messages\inbox\feliperufinoengenheiromecanico_1960889541972406,4,1,1,0
fernandaalvesger_813209376740434,your_instagram_activity\messages\inbox\fernandaalvesger_813209376740434,4,1,1,0
fernandoalves_1757532072308155,your_instagram_activity\messages\inbox\fernandoalves_1757532072308155,4,1,1,0
fernandoantonioeneagramadenegocios_1031338514932868,your_instagram_activity\messages\inbox\fernandoantonioeneagramadenegocios_1031338514932868,4,1,1,0
fernandocabral_1834875094573852,your_instagram_activity\messages\inbox\fernandocabral_1834875094573852,4,1,1,0
fernandohenrique_1834203121307716,your_instagram_activity\messages\inbox\fernandohenrique_1834203121307716,4,1,1,0
ferraregestaofinanceira_1757219492339413,your_instagram_activity\messages\inbox\ferraregestaofinanceira_1757219492339413,4,1,5,1
photos,your_instagram_activity\messages\inbox\ferraregestaofinanceira_1757219492339413\photos,5,4,4,0
ferreirasinstalacoeseletricas_1780940816633947,your_instagram_activity\messages\inbox\ferreirasinstalacoeseletricas_1780940816633947,4,1,1,0
fiatravel_1439618244108115,your_instagram_activity\messages\inbox\fiatravel_1439618244108115,4,1,1,0
ficgoias_1823953542332674,your_instagram_activity\messages\inbox\ficgoias_1823953542332674,4,1,1,0
fieg_1694705115257518,your_instagram_activity\messages\inbox\fieg_1694705115257518,4,1,1,0
filipediogo_1750276693033693,your_instagram_activity\messages\inbox\filipediogo_1750276693033693,4,1,1,0
filipenery_1883822619679099,your_instagram_activity\messages\inbox\filipenery_1883822619679099,4,1,1,0
financecredsolucoesemcredito_1677772310284132,your_instagram_activity\messages\inbox\financecredsolucoesemcredito_1677772310284132,4,1,1,0
flavialemesfotografia_1834888587905836,your_instagram_activity\messages\inbox\flavialemesfotografia_1834888587905836,4,1,1,0
flaviarezendemartins_1321368169386006,your_instagram_activity\messages\inbox\flaviarezendemartins_1321368169386006,4,1,1,0
flavioandrade_1793785248682837,your_instagram_activity\messages\inbox\flavioandrade_1793785248682837,4,1,1,0
flavioeduardo_1768680531193309,your_instagram_activity\messages\inbox\flavioeduardo_1768680531193309,4,1,1,0
fogoebrasa_1482746253120073,your_instagram_activity\messages\inbox\fogoebrasa_1482746253120073,4,1,1,0
folhadacidade_1192140912180610,your_instagram_activity\messages\inbox\folhadacidade_1192140912180610,4,1,1,0
folhadosudoeste32anosdecredibilidade_1735484104512952,your_instagram_activity\messages\inbox\folhadosudoeste32anosdecredibilidade_1735484104512952,4,1,1,0
forumderh_1229194865141881,your_instagram_activity\messages\inbox\forumderh_1229194865141881,4,1,1,0
franboloartesanal_1706612604066769,your_instagram_activity\messages\inbox\franboloartesanal_1706612604066769,4,1,1,0
francielletizzoribeirochaves_1699995758061787,your_instagram_activity\messages\inbox\francielletizzoribeirochaves_1699995758061787,4,1,1,0
frank_1813173866752989,your_instagram_activity\messages\inbox\frank_1813173866752989,4,1,1,0
franklinaraujopsicologo_1538444690883562,your_instagram_activity\messages\inbox\franklinaraujopsicologo_1538444690883562,4,1,1,0
franmachadoconsultora_1332386821489351,your_instagram_activity\messages\inbox\franmachadoconsultora_1332386821489351,4,1,1,0
fransleybatista_1893368502058897,your_instagram_activity\messages\inbox\fransleybatista_1893368502058897,4,1,1,0
frutbrasrioverde_1813240493403979,your_instagram_activity\messages\inbox\frutbrasrioverde_1813240493403979,4,1,1,0
futuraaluguelrioverde_1490635298997835,your_instagram_activity\messages\inbox\futuraaluguelrioverde_1490635298997835,4,1,1,0
futuraimoveisrioverde_536014437793264,your_instagram_activity\messages\inbox\futuraimoveisrioverde_536014437793264,4,1,1,0
gabriel_1705493804178649,your_instagram_activity\messages\inbox\gabriel_1705493804178649,4,1,1,0
gabrielabaylao_805341197527252,your_instagram_activity\messages\inbox\gabrielabaylao_805341197527252,4,1,1,0
gabrielabullsports_1860345908693437,your_instagram_activity\messages\inbox\gabrielabullsports_1860345908693437,4,1,2,1
photos,your_instagram_activity\messages\inbox\gabrielabullsports_1860345908693437\photos,5,1,1,0
gabrieldelimamoraes_1070005834394119,your_instagram_activity\messages\inbox\gabrieldelimamoraes_1070005834394119,4,1,1,0
gabriellegarcianutricionista_1620809345990698,your_instagram_activity\messages\inbox\gabriellegarcianutricionista_1620809345990698,4,1,1,0
gabriellinunesnailiriedigerbiomedicaestetamichelefariaand2others_1563429291775459,your_instagram_activity\messages\inbox\gabriellinunesnailiriedigerbiomedicaestetamichelefariaand2others_1563429291775459,4,1,1,0
gapesgrupoassociadodepesquisadosudoestegoiano_1211265386934829,your_instagram_activity\messages\inbox\gapesgrupoassociadodepesquisadosudoestegoiano_1211265386934829,4,1,1,0
gcamp_1800709311323764,your_instagram_activity\messages\inbox\gcamp_1800709311323764,4,1,1,0
gecoelhoconscienciafinanceiraaltaperformance_1171005287627506,your_instagram_activity\messages\inbox\gecoelhoconscienciafinanceiraaltaperformance_1171005287627506,4,1,1,0
geneiltonassis_1760927108635318,your_instagram_activity\messages\inbox\geneiltonassis_1760927108635318,4,1,1,0
geone_1768064154588280,your_instagram_activity\messages\inbox\geone_1768064154588280,4,1,1,0
geovanacoelho_1728405738559425,your_instagram_activity\messages\inbox\geovanacoelho_1728405738559425,4,1,1,0
geraldogarciadeandrade_754512702615744,your_instagram_activity\messages\inbox\geraldogarciadeandrade_754512702615744,4,1,1,0
geraldorufino_1794069361987759,your_instagram_activity\messages\inbox\geraldorufino_1794069361987759,4,1,1,0
geruzzamartinscruvinelcruvinel_1850516933017204,your_instagram_activity\messages\inbox\geruzzamartinscruvinelcruvinel_1850516933017204,4,1,1,0
gicelirech_1779444313457982,your_instagram_activity\messages\inbox\gicelirech_1779444313457982,4,1,1,0
gilmararech_1708978443830185,your_instagram_activity\messages\inbox\gilmararech_1708978443830185,4,1,1,0
gisely_1799135471481148,your_instagram_activity\messages\inbox\gisely_1799135471481148,4,1,1,0
giuliannacontefotografia_1769657524428943,your_instagram_activity\messages\inbox\giuliannacontefotografia_1769657524428943,4,1,1,0
givaldosilva_1755654279162601,your_instagram_activity\messages\inbox\givaldosilva_1755654279162601,4,1,1,0
glardislampert_1706175404110489,your_instagram_activity\messages\inbox\glardislampert_1706175404110489,4,1,1,0
glendapontes_1196962805039794,your_instagram_activity\messages\inbox\glendapontes_1196962805039794,4,1,1,0
gobahsolucoesemti_1243437827050918,your_instagram_activity\messages\inbox\gobahsolucoesemti_1243437827050918,4,1,1,0
grasiele_1204905984237436,your_instagram_activity\messages\inbox\grasiele_1204905984237436,4,1,1,0
grazielanogueiramachado_1757532075641488,your_instagram_activity\messages\inbox\grazielanogueiramachado_1757532075641488,4,1,1,0
grazy_1769283501133012,your_instagram_activity\messages\inbox\grazy_1769283501133012,4,1,1,0
greidianeliraacompanhamentovocal_546791070056143,your_instagram_activity\messages\inbox\greidianeliraacompanhamentovocal_546791070056143,4,1,1,0
grupoacelerador_1681860489875314,your_instagram_activity\messages\inbox\grupoacelerador_1681860489875314,4,1,1,0
grupocereal_562647081796666,your_instagram_activity\messages\inbox\grupocereal_562647081796666,4,1,1,0
grupoconceito_1223575869037114,your_instagram_activity\messages\inbox\grupoconceito_1223575869037114,4,1,1,0
grupoequatorial_1767512771310085,your_instagram_activity\messages\inbox\grupoequatorial_1767512771310085,4,1,1,0
grupoquinelliseguroseconsorcios_1477164053678293,your_instagram_activity\messages\inbox\grupoquinelliseguroseconsorcios_1477164053678293,4,1,1,0
gruposada_1774748557253173,your_instagram_activity\messages\inbox\gruposada_1774748557253173,4,1,1,0
gruposocietyrevistaeventos_1695376051857091,your_instagram_activity\messages\inbox\gruposocietyrevistaeventos_1695376051857091,4,1,1,0
guilhermesilvapsicologoclinicoperitopsicossocial_1968942037833823,your_instagram_activity\messages\inbox\guilhermesilvapsicologoclinicoperitopsicossocial_1968942037833823,4,1,1,0
gustavolacerda_311060573968974,your_instagram_activity\messages\inbox\gustavolacerda_311060573968974,4,1,3,1
photos,your_instagram_activity\messages\inbox\gustavolacerda_311060573968974\photos,5,2,2,0
gustavopignattidonascimento_567144171346957,your_instagram_activity\messages\inbox\gustavopignattidonascimento_567144171346957,4,1,1,0
haihanipassosliderancagestaoeinovacao_1926088632119164,your_instagram_activity\messages\inbox\haihanipassosliderancagestaoeinovacao_1926088632119164,4,1,1,0
heitorcarrijo_1478713266856705,your_instagram_activity\messages\inbox\heitorcarrijo_1478713266856705,4,1,1,0
heloferraz_891678382226866,your_instagram_activity\messages\inbox\heloferraz_891678382226866,4,1,1,0
heloferrazpratasespecialistaempratadesde2009_887184909342880,your_instagram_activity\messages\inbox\heloferrazpratasespecialistaempratadesde2009_887184909342880,4,1,1,0
higoroliveira_1760873541974008,your_instagram_activity\messages\inbox\higoroliveira_1760873541974008,4,1,1,0
howardfrederic_1283948902999810,your_instagram_activity\messages\inbox\howardfrederic_1283948902999810,4,1,1,0
hubrioverde_1833383251389703,your_instagram_activity\messages\inbox\hubrioverde_1833383251389703,4,1,1,0
hugoataidecfprassessordeinvestimentos_604300980571540,your_instagram_activity\messages\inbox\hugoataidecfprassessordeinvestimentos_604300980571540,4,1,1,0
hugoborges_1899303191464375,your_instagram_activity\messages\inbox\hugoborges_1899303191464375,4,1,1,0
humanouscorporative_1900896454638382,your_instagram_activity\messages\inbox\humanouscorporative_1900896454638382,4,1,1,0
i9agencymarketingrioverdego_1704513914276638,your_instagram_activity\messages\inbox\i9agencymarketingrioverdego_1704513914276638,4,1,1,0
ianewsrmidiaianegocios_1856236319104396,your_instagram_activity\messages\inbox\ianewsrmidiaianegocios_1856236319104396,4,1,1,0
ibrascigo_1681322553262441,your_instagram_activity\messages\inbox\ibrascigo_1681322553262441,4,1,1,0
idelsonmendesvereadorrioverde_1708609957200367,your_instagram_activity\messages\inbox\idelsonmendesvereadorrioverde_1708609957200367,4,1,1,0
idtaggcartaointeligente_1800926804635348,your_instagram_activity\messages\inbox\idtaggcartaointeligente_1800926804635348,4,1,1,0
ielgoiasestagios_1800650194663009,your_instagram_activity\messages\inbox\ielgoiasestagios_1800650194663009,4,1,1,0
ielgoinstitutoeuvaldolodi_1815164603222335,your_instagram_activity\messages\inbox\ielgoinstitutoeuvaldolodi_1815164603222335,4,1,1,0
ifgoianorioverde_1207853627276005,your_instagram_activity\messages\inbox\ifgoianorioverde_1207853627276005,4,1,1,0
igorefilipe_1768870164507679,your_instagram_activity\messages\inbox\igorefilipe_1768870164507679,4,1,1,0
imperiotintas_1700413904686639,your_instagram_activity\messages\inbox\imperiotintas_1700413904686639,4,1,1,0
inovarioverde_1732064401521589,your_instagram_activity\messages\inbox\inovarioverde_1732064401521589,4,1,1,0
inpasabrasil_1788987405829288,your_instagram_activity\messages\inbox\inpasabrasil_1788987405829288,4,1,1,0
inpasabrasil_1822006465860715,your_instagram_activity\messages\inbox\inpasabrasil_1822006465860715,4,1,1,0
institutoveras_1931845988210095,your_instagram_activity\messages\inbox\institutoveras_1931845988210095,4,1,1,0
institutovoce_1784670152927680,your_instagram_activity\messages\inbox\institutovoce_1784670152927680,4,1,1,0
institutovocegoias_985153452881615,your_instagram_activity\messages\inbox\institutovocegoias_985153452881615,4,1,1,0
intensiva_1773204674077251,your_instagram_activity\messages\inbox\intensiva_1773204674077251,4,1,1,0
irenelimavilela_923606372367400,your_instagram_activity\messages\inbox\irenelimavilela_923606372367400,4,1,1,0
ivanbrucceli_950627929665244,your_instagram_activity\messages\inbox\ivanbrucceli_950627929665244,4,1,1,0
ivomarquesdemoraesjunior_450648049663237,your_instagram_activity\messages\inbox\ivomarquesdemoraesjunior_450648049663237,4,1,1,0
ivonevieiratributaristadoutoraemcontabilidade_1919952999399394,your_instagram_activity\messages\inbox\ivonevieiratributaristadoutoraemcontabilidade_1919952999399394,4,1,1,0
jackcelygouveiaconselheiraestrategicaareapessoas_555155635879144,your_instagram_activity\messages\inbox\jackcelygouveiaconselheiraestrategicaareapessoas_555155635879144,4,1,1,0
jacobestevamlara_1786192012775494,your_instagram_activity\messages\inbox\jacobestevamlara_1786192012775494,4,1,1,0
jadyfischer_1798874431507252,your_instagram_activity\messages\inbox\jadyfischer_1798874431507252,4,1,1,0
jakellynearaujogestaodeprocessoseresultados_1705737427487620,your_instagram_activity\messages\inbox\jakellynearaujogestaodeprocessoseresultados_1705737427487620,4,1,1,0
jakyoficial_1708656540529042,your_instagram_activity\messages\inbox\jakyoficial_1708656540529042,4,1,1,0
jamilleradiestesistaterapeuticareikiana_555582075845403,your_instagram_activity\messages\inbox\jamilleradiestesistaterapeuticareikiana_555582075845403,4,1,1,0
janainerodrigues_1857851792276182,your_instagram_activity\messages\inbox\janainerodrigues_1857851792276182,4,1,1,0
janainnecalixtomacedoguimaraes_816577395697167,your_instagram_activity\messages\inbox\janainnecalixtomacedoguimaraes_816577395697167,4,1,1,0
jandercamilo_1681827343220861,your_instagram_activity\messages\inbox\jandercamilo_1681827343220861,4,1,1,0
jaquelinepaiva_1331363584990492,your_instagram_activity\messages\inbox\jaquelinepaiva_1331363584990492,4,1,1,0
jefersonprosperocomercialtvanhanguera_1349222939805739,your_instagram_activity\messages\inbox\jefersonprosperocomercialtvanhanguera_1349222939805739,4,1,1,0
jeffersonlimonge_570347097693331,your_instagram_activity\messages\inbox\jeffersonlimonge_570347097693331,4,1,1,0
jeomaqimplementosagricola_1735982721129757,your_instagram_activity\messages\inbox\jeomaqimplementosagricola_1735982721129757,4,1,1,0
jessicajuliana_1756452505749445,your_instagram_activity\messages\inbox\jessicajuliana_1756452505749445,4,1,1,0
jessicatupper_1714980643229965,your_instagram_activity\messages\inbox\jessicatupper_1714980643229965,4,1,1,0
jessikaandrade_1370730080988358,your_instagram_activity\messages\inbox\jessikaandrade_1370730080988358,4,1,1,0
jessikaleaonutricionistasaudedamulher_1433880804829008,your_instagram_activity\messages\inbox\jessikaleaonutricionistasaudedamulher_1433880804829008,4,1,1,0
jgimpressoes3d_814680733259965,your_instagram_activity\messages\inbox\jgimpressoes3d_814680733259965,4,1,1,0
jhonykalleb_1768046404590055,your_instagram_activity\messages\inbox\jhonykalleb_1768046404590055,4,1,1,0
jmexcursoeseturismoviagem_1811445170250178,your_instagram_activity\messages\inbox\jmexcursoeseturismoviagem_1811445170250178,4,1,1,0
joaofelicio_1780736633321032,your_instagram_activity\messages\inbox\joaofelicio_1780736633321032,4,1,1,0
joaomichalczyk_1699712218090141,your_instagram_activity\messages\inbox\joaomichalczyk_1699712218090141,4,1,1,0
joaoneto_1656882629039767,your_instagram_activity\messages\inbox\joaoneto_1656882629039767,4,1,1,0
joaopaulofarias_1768504051210957,your_instagram_activity\messages\inbox\joaopaulofarias_1768504051210957,4,1,1,0
joaovitorramada_1885345122860182,your_instagram_activity\messages\inbox\joaovitorramada_1885345122860182,4,1,1,0
jocastaimoveis_1779838723410823,your_instagram_activity\messages\inbox\jocastaimoveis_1779838723410823,4,1,1,0
johnyrocha_1745137323555415,your_instagram_activity\messages\inbox\johnyrocha_1745137323555415,4,1,1,0
joissecosta_1768988704495825,your_instagram_activity\messages\inbox\joissecosta_1768988704495825,4,1,1,0
jon_1763397591721603,your_instagram_activity\messages\inbox\jon_1763397591721603,4,1,1,0
jonatanneves_1729680635093299,your_instagram_activity\messages\inbox\jonatanneves_1729680635093299,4,1,1,0
jornalsomos_556697512391623,your_instagram_activity\messages\inbox\jornalsomos_556697512391623,4,1,1,0
jornalsudoeste_1457176012343764,your_instagram_activity\messages\inbox\jornalsudoeste_1457176012343764,4,1,1,0
josefleurydacostamendes_1801007101293985,your_instagram_activity\messages\inbox\josefleurydacostamendes_1801007101293985,4,1,1,0
joseneto_1762494498478579,your_instagram_activity\messages\inbox\joseneto_1762494498478579,4,1,1,0
josianearantesautoconhecimento_814777343250304,your_instagram_activity\messages\inbox\josianearantesautoconhecimento_814777343250304,4,1,1,0
jozidellascabeloepele_1758904598837569,your_instagram_activity\messages\inbox\jozidellascabeloepele_1758904598837569,4,1,1,0
jpassessoriacontabil_1625347312193299,your_instagram_activity\messages\inbox\jpassessoriacontabil_1625347312193299,4,1,1,0
juarantes_1264694291595023,your_instagram_activity\messages\inbox\juarantes_1264694291595023,4,1,1,0
jubellejoias_1999971201400860,your_instagram_activity\messages\inbox\jubellejoias_1999971201400860,4,1,1,0
jucileiagarcia_1860580835336611,your_instagram_activity\messages\inbox\jucileiagarcia_1860580835336611,4,1,1,0
juiracarvalho_1956074442453916,your_instagram_activity\messages\inbox\juiracarvalho_1956074442453916,4,1,1,0
jujugourmetdamarllagelateriagourmetrioverdegoias_1936694941058533,your_instagram_activity\messages\inbox\jujugourmetdamarllagelateriagourmetrioverdegoias_1936694941058533,4,1,1,0
juliamattosgondimebeling_1795159708545391,your_instagram_activity\messages\inbox\juliamattosgondimebeling_1795159708545391,4,1,1,0
julianacampeiro_1523176329077065,your_instagram_activity\messages\inbox\julianacampeiro_1523176329077065,4,1,1,0
julianatdpereira_1795153081879387,your_instagram_activity\messages\inbox\julianatdpereira_1795153081879387,4,1,1,0
julianobueno_1753674056027290,your_instagram_activity\messages\inbox\julianobueno_1753674056027290,4,1,1,0
juliaqueiroz_1476226777105354,your_instagram_activity\messages\inbox\juliaqueiroz_1476226777105354,4,1,1,0
juliocarmoianexusgoai_1821125522615476,your_instagram_activity\messages\inbox\juliocarmoianexusgoai_1821125522615476,4,1,1,0
juliocfrancafranco_908756193862494,your_instagram_activity\messages\inbox\juliocfrancafranco_908756193862494,4,1,1,0
julioengmec_1799957271398968,your_instagram_activity\messages\inbox\julioengmec_1799957271398968,4,1,1,0
juliojoaomarquesdeoliveira_1830994301628598,your_instagram_activity\messages\inbox\juliojoaomarquesdeoliveira_1830994301628598,4,1,1,0
juniorcosta_937002754361095,your_instagram_activity\messages\inbox\juniorcosta_937002754361095,4,1,1,0
juniorpimenta_1786224379438924,your_instagram_activity\messages\inbox\juniorpimenta_1786224379438924,4,1,1,0
jusinei_1754730299254999,your_instagram_activity\messages\inbox\jusinei_1754730299254999,4,1,1,0
kallebemoura_1795361601858535,your_instagram_activity\messages\inbox\kallebemoura_1795361601858535,4,1,1,0
kamelia_1667823527945677,your_instagram_activity\messages\inbox\kamelia_1667823527945677,4,1,1,0
karenmachado_1757532078974821,your_instagram_activity\messages\inbox\karenmachado_1757532078974821,4,1,1,0
karinacarvalho_1713908496675677,your_instagram_activity\messages\inbox\karinacarvalho_1713908496675677,4,1,1,0
karinalimapontes_1774422847285744,your_instagram_activity\messages\inbox\karinalimapontes_1774422847285744,4,1,1,0
karineinsuela_1837805574281312,your_instagram_activity\messages\inbox\karineinsuela_1837805574281312,4,1,1,0
karlarosaataides_1067367690438468,your_instagram_activity\messages\inbox\karlarosaataides_1067367690438468,4,1,1,0
karloscabral_531060651621976,your_instagram_activity\messages\inbox\karloscabral_531060651621976,4,1,1,0
karolainyalvescorretoradeimoveis_1124605895600779,your_instagram_activity\messages\inbox\karolainyalvescorretoradeimoveis_1124605895600779,4,1,1,0
karolgraphicdesigner_1392734348787931,your_instagram_activity\messages\inbox\karolgraphicdesigner_1392734348787931,4,1,1,0
karolinaleao_1956505195744174,your_instagram_activity\messages\inbox\karolinaleao_1956505195744174,4,1,1,0
kassyenerodriguesespecialistaemnr01saudemental_1853760629351965,your_instagram_activity\messages\inbox\kassyenerodriguesespecialistaemnr01saudemental_1853760629351965,4,1,1,0
katiabessegato_1001193641275339,your_instagram_activity\messages\inbox\katiabessegato_1001193641275339,4,1,1,0
katiadasilveira_1547882063273158,your_instagram_activity\messages\inbox\katiadasilveira_1547882063273158,4,1,1,0
katianesantos_1706103517451011,your_instagram_activity\messages\inbox\katianesantos_1706103517451011,4,1,1,0
kaykefurquim_1780569733337722,your_instagram_activity\messages\inbox\kaykefurquim_1780569733337722,4,1,1,0
kellyfederighisilvamagalhaes_1708667363861293,your_instagram_activity\messages\inbox\kellyfederighisilvamagalhaes_1708667363861293,4,1,1,0
kellymaia_1817032586363192,your_instagram_activity\messages\inbox\kellymaia_1817032586363192,4,1,1,0
kellysilva_1768879947840034,your_instagram_activity\messages\inbox\kellysilva_1768879947840034,4,1,1,0
kenialeite_1763788165021386,your_instagram_activity\messages\inbox\kenialeite_1763788165021386,4,1,1,0
kevynlucas_1834318487962846,your_instagram_activity\messages\inbox\kevynlucas_1834318487962846,4,1,1,0
krisleycruvinel_1760044792056883,your_instagram_activity\messages\inbox\krisleycruvinel_1760044792056883,4,1,1,0
krisnaflorestoledo_1759672535434214,your_instagram_activity\messages\inbox\krisnaflorestoledo_1759672535434214,4,1,1,0
kslconsultoriaegestaoempresarial_1221020479292653,your_instagram_activity\messages\inbox\kslconsultoriaegestaoempresarial_1221020479292653,4,1,1,0
ktataurv_1787528592641836,your_instagram_activity\messages\inbox\ktataurv_1787528592641836,4,1,1,0
laboratoriodeestudosavancadosemagriculturavertical_1808239583904070,your_instagram_activity\messages\inbox\laboratoriodeestudosavancadosemagriculturavertical_1808239583904070,4,1,1,0
laissamamedio_1787998439261518,your_instagram_activity\messages\inbox\laissamamedio_1787998439261518,4,1,1,0
lanablaukrugel_1899872304740797,your_instagram_activity\messages\inbox\lanablaukrugel_1899872304740797,4,1,1,0
laracostafonoaudiologaemrioverdego_1754230502638722,your_instagram_activity\messages\inbox\laracostafonoaudiologaemrioverdego_1754230502638722,4,1,1,0
laradutra_1103781667683202,your_instagram_activity\messages\inbox\laradutra_1103781667683202,4,1,1,0
lararibeiro_1818600449534650,your_instagram_activity\messages\inbox\lararibeiro_1818600449534650,4,1,1,0
larasoares_1914179079976786,your_instagram_activity\messages\inbox\larasoares_1914179079976786,4,1,1,0
larissaribeiro_1826620582065970,your_instagram_activity\messages\inbox\larissaribeiro_1826620582065970,4,1,1,0
leandrogaribaldi_1759869862074376,your_instagram_activity\messages\inbox\leandrogaribaldi_1759869862074376,4,1,1,0
leandrolopes_1768002451261117,your_instagram_activity\messages\inbox\leandrolopes_1768002451261117,4,1,1,0
leanedomicianopaiva_1799026814825347,your_instagram_activity\messages\inbox\leanedomicianopaiva_1799026814825347,4,1,1,0
lecharmeroupasfemininaemodaintimapijamas_1780926446635384,your_instagram_activity\messages\inbox\lecharmeroupasfemininaemodaintimapijamas_1780926446635384,4,1,1,0
leiavianna_1752360786162534,your_instagram_activity\messages\inbox\leiavianna_1752360786162534,4,1,1,0
leidianecorteze_1431156281612404,your_instagram_activity\messages\inbox\leidianecorteze_1431156281612404,4,1,1,0
leidianesilvadeoliveiraoliveira_1892527312141963,your_instagram_activity\messages\inbox\leidianesilvadeoliveiraoliveira_1892527312141963,4,1,1,0
leidisouzacorretorarioverdego_1827014895359872,your_instagram_activity\messages\inbox\leidisouzacorretorarioverdego_1827014895359872,4,1,1,0
leilaanicetoferreira_1923325269069990,your_instagram_activity\messages\inbox\leilaanicetoferreira_1923325269069990,4,1,1,0
leilaberft_501201074607934,your_instagram_activity\messages\inbox\leilaberft_501201074607934,4,1,1,0
lemeraidentidadevisual_1296904545037579,your_instagram_activity\messages\inbox\lemeraidentidadevisual_1296904545037579,4,1,1,0
leonardoamaraltributarionoagro_1814024633325565,your_instagram_activity\messages\inbox\leonardoamaraltributarionoagro_1814024633325565,4,1,1,0
leonardobenevides_1723635512364478,your_instagram_activity\messages\inbox\leonardobenevides_1723635512364478,4,1,1,0
leonardolacraiavereadorderioverde_1710780183650011,your_instagram_activity\messages\inbox\leonardolacraiavereadorderioverde_1710780183650011,4,1,1,0
leonardoprivadopsicologoempreendedor_1834788464582515,your_instagram_activity\messages\inbox\leonardoprivadopsicologoempreendedor_1834788464582515,4,1,1,0
leonardoribeiro_1266652771396090,your_instagram_activity\messages\inbox\leonardoribeiro_1266652771396090,4,1,1,0
leonnardocruvinelfurquim_1805836144144414,your_instagram_activity\messages\inbox\leonnardocruvinelfurquim_1805836144144414,4,1,1,0
lesaudavel_2040265110702765,your_instagram_activity\messages\inbox\lesaudavel_2040265110702765,4,1,1,0
leticiabrito_1760990735295622,your_instagram_activity\messages\inbox\leticiabrito_1760990735295622,4,1,1,0
lidiamachadoalmeida_568666974528010,your_instagram_activity\messages\inbox\lidiamachadoalmeida_568666974528010,4,1,1,0
lidiarodriguessterapeutaempnl_952477112813659,your_instagram_activity\messages\inbox\lidiarodriguessterapeutaempnl_952477112813659,4,1,1,0
lilianalencar_1932152634846097,your_instagram_activity\messages\inbox\lilianalencar_1932152634846097,4,1,1,0
lilianandradeadvogadaimentora_1779959083398787,your_instagram_activity\messages\inbox\lilianandradeadvogadaimentora_1779959083398787,4,1,1,0
lilianrosa_1535133627927276,your_instagram_activity\messages\inbox\lilianrosa_1535133627927276,4,1,1,0
limacalculoscontabilidadedigital_1747749659953063,your_instagram_activity\messages\inbox\limacalculoscontabilidadedigital_1747749659953063,4,1,1,0
limperiolimpeza_1537058151022216,your_instagram_activity\messages\inbox\limperiolimpeza_1537058151022216,4,1,1,0
limplacsolgoias_1247897289938305,your_instagram_activity\messages\inbox\limplacsolgoias_1247897289938305,4,1,1,0
lioniziagoya_1859343765460318,your_instagram_activity\messages\inbox\lioniziagoya_1859343765460318,4,1,1,0
lisangelapassarello_1666403854754311,your_instagram_activity\messages\inbox\lisangelapassarello_1666403854754311,4,1,1,0
lismaramartinsmartinscastro_1708640860530610,your_instagram_activity\messages\inbox\lismaramartinsmartinscastro_1708640860530610,4,1,1,0
lissauervieira_549179056476802,your_instagram_activity\messages\inbox\lissauervieira_549179056476802,4,1,1,0
liviaandradesilva_1676244013770295,your_instagram_activity\messages\inbox\liviaandradesilva_1676244013770295,4,1,1,0
liviaataides_843828817011823,your_instagram_activity\messages\inbox\liviaataides_843828817011823,4,1,1,0
liviamartins_1708718937189469,your_instagram_activity\messages\inbox\liviamartins_1708718937189469,4,1,1,0
lojadebiquinis_1821946302533398,your_instagram_activity\messages\inbox\lojadebiquinis_1821946302533398,4,1,1,0
lojakaranda_1959838948744132,your_instagram_activity\messages\inbox\lojakaranda_1959838948744132,4,1,2,1
photos,your_instagram_activity\messages\inbox\lojakaranda_1959838948744132\photos,5,1,1,0
lorenacolchoesconsultoriadosono_1311295360265164,your_instagram_activity\messages\inbox\lorenacolchoesconsultoriadosono_1311295360265164,4,1,1,0
lorenagomespsicologaorganizacional_1806030420791653,your_instagram_activity\messages\inbox\lorenagomespsicologaorganizacional_1806030420791653,4,1,1,0
lorenanogueira_1653457342715629,your_instagram_activity\messages\inbox\lorenanogueira_1653457342715629,4,1,1,0
lorescarvalho_596049988457588,your_instagram_activity\messages\inbox\lorescarvalho_596049988457588,4,1,1,0
lorrainebuenoconsultoraderh_1179492913445410,your_instagram_activity\messages\inbox\lorrainebuenoconsultoraderh_1179492913445410,4,1,1,0
lorrannysousaempresariatrainermentora_1699958124732217,your_instagram_activity\messages\inbox\lorrannysousaempresariatrainermentora_1699958124732217,4,1,1,0
lovemmysexshoprioverde_1433440401383992,your_instagram_activity\messages\inbox\lovemmysexshoprioverde_1433440401383992,4,1,1,0
luanasoaresestrategiadeinvestimentos_1688609939207910,your_instagram_activity\messages\inbox\luanasoaresestrategiadeinvestimentos_1688609939207910,4,1,1,0
luanasouza_1772959800765382,your_instagram_activity\messages\inbox\luanasouza_1772959800765382,4,1,1,0
lucasbarrosoleosessenciais_1847646209963407,your_instagram_activity\messages\inbox\lucasbarrosoleosessenciais_1847646209963407,4,1,2,1
photos,your_instagram_activity\messages\inbox\lucasbarrosoleosessenciais_1847646209963407\photos,5,1,1,0
lucasdovale_944903673571003,your_instagram_activity\messages\inbox\lucasdovale_944903673571003,4,1,1,0
lucasprado_1883585293036165,your_instagram_activity\messages\inbox\lucasprado_1883585293036165,4,1,1,0
lucasprimeesteticaautomotivarioverde_1817285696332792,your_instagram_activity\messages\inbox\lucasprimeesteticaautomotivarioverde_1817285696332792,4,1,1,0
lucasrochalemes_1963096575085132,your_instagram_activity\messages\inbox\lucasrochalemes_1963096575085132,4,1,1,0
luciamichalczykadvogada_805345787526793,your_instagram_activity\messages\inbox\luciamichalczykadvogada_805345787526793,4,1,1,0
lucianaalmeidaadvogadadasfamilias_931372478257456,your_instagram_activity\messages\inbox\lucianaalmeidaadvogadadasfamilias_931372478257456,4,1,1,0
lucianafagundes_1800984034629625,your_instagram_activity\messages\inbox\lucianafagundes_1800984034629625,4,1,1,0
lucianesonda_1904557094272318,your_instagram_activity\messages\inbox\lucianesonda_1904557094272318,4,1,1,0
lucianomonteirolimaadvogadorioverdego_1702236414504388,your_instagram_activity\messages\inbox\lucianomonteirolimaadvogadorioverdego_1702236414504388,4,1,1,0
lucianoribeiro_1834196561308372,your_instagram_activity\messages\inbox\lucianoribeiro_1834196561308372,4,1,1,0
lucianorodrigues_1834879754573386,your_instagram_activity\messages\inbox\lucianorodrigues_1834879754573386,4,1,1,0
lucieneribeiro_1732489414812421,your_instagram_activity\messages\inbox\lucieneribeiro_1732489414812421,4,1,1,0
lucileabrandao_1821937372534291,your_instagram_activity\messages\inbox\lucileabrandao_1821937372534291,4,1,1,0
lucivaineprado_1879538310116454,your_instagram_activity\messages\inbox\lucivaineprado_1879538310116454,4,1,1,0
ludmillamenezes_1753710156023680,your_instagram_activity\messages\inbox\ludmillamenezes_1753710156023680,4,1,1,0
luis_1835278171200211,your_instagram_activity\messages\inbox\luis_1835278171200211,4,1,1,0
luizaildocabralaraujo_1001617044566332,your_instagram_activity\messages\inbox\luizaildocabralaraujo_1001617044566332,4,1,1,0
luizalourenco_1767083328019696,your_instagram_activity\messages\inbox\luizalourenco_1767083328019696,4,1,1,0
luizcarlos_1744065640321465,your_instagram_activity\messages\inbox\luizcarlos_1744065640321465,4,1,1,0
luizeduardobuenoborges_163019685995598,your_instagram_activity\messages\inbox\luizeduardobuenoborges_163019685995598,4,1,1,0
luizegidiogaletti_565840404810667,your_instagram_activity\messages\inbox\luizegidiogaletti_565840404810667,4,1,1,0
luminaassessoriademarketingmedico_1826844278710267,your_instagram_activity\messages\inbox\luminaassessoriademarketingmedico_1826844278710267,4,1,1,0
lunaralucas_1706080774119952,your_instagram_activity\messages\inbox\lunaralucas_1706080774119952,4,1,1,0
luterciojr_1780564806671548,your_instagram_activity\messages\inbox\luterciojr_1780564806671548,4,1,1,0
luxforbaterias_1788318195896209,your_instagram_activity\messages\inbox\luxforbaterias_1788318195896209,4,1,1,0
ma_1767294651331897,your_instagram_activity\messages\inbox\ma_1767294651331897,4,1,1,0
machadolemesadvogadosrioverdego_1768686497859379,your_instagram_activity\messages\inbox\machadolemesadvogadosrioverdego_1768686497859379,4,1,1,0
machonacozinhabr_1960578948670132,your_instagram_activity\messages\inbox\machonacozinhabr_1960578948670132,4,1,1,0
mactoengenhariagestaosolucoesconstrutivasltda_1798954384832590,your_instagram_activity\messages\inbox\mactoengenhariagestaosolucoesconstrutivasltda_1798954384832590,4,1,1,0
mafermoveisparaescritorio_1401626097898756,your_instagram_activity\messages\inbox\mafermoveisparaescritorio_1401626097898756,4,1,1,0
maikeguedes_1768029444591751,your_instagram_activity\messages\inbox\maikeguedes_1768029444591751,4,1,1,0
maisassessoriafinanciamentoimobiliario_596874608302068,your_instagram_activity\messages\inbox\maisassessoriafinanciamentoimobiliario_596874608302068,4,1,1,0
mannysemijoiasrioverdego_1627686807612112,your_instagram_activity\messages\inbox\mannysemijoiasrioverdego_1627686807612112,4,1,1,0
marcelainacio_1796009915127037,your_instagram_activity\messages\inbox\marcelainacio_1796009915127037,4,1,1,0
marcelamelo_1850243046373957,your_instagram_activity\messages\inbox\marcelamelo_1850243046373957,4,1,1,0
marcellozocchio_1665570828170947,your_instagram_activity\messages\inbox\marcellozocchio_1665570828170947,4,1,1,0
marcelofoliveira_1715204716540891,your_instagram_activity\messages\inbox\marcelofoliveira_1715204716540891,4,1,1,0
marcelorocha_1329167018477998,your_instagram_activity\messages\inbox\marcelorocha_1329167018477998,4,1,1,0
marciocarmo_1019070596154310,your_instagram_activity\messages\inbox\marciocarmo_1019070596154310,4,1,1,0
marcioluis_182928170600510,your_instagram_activity\messages\inbox\marcioluis_182928170600510,4,1,1,0
marcioportilho_245764450834552,your_instagram_activity\messages\inbox\marcioportilho_245764450834552,4,1,1,0
marcoantonioexecutivoderesultados_1677774466950583,your_instagram_activity\messages\inbox\marcoantonioexecutivoderesultados_1677774466950583,4,1,1,0
marconiperillo_1821487629245932,your_instagram_activity\messages\inbox\marconiperillo_1821487629245932,4,1,1,0
marcosarias_1845489460179082,your_instagram_activity\messages\inbox\marcosarias_1845489460179082,4,1,1,0
marcosvinicius_1174121783982523,your_instagram_activity\messages\inbox\marcosvinicius_1174121783982523,4,1,1,0
marcuscampos_1103796977681671,your_instagram_activity\messages\inbox\marcuscampos_1103796977681671,4,1,1,0
mariabittencourt_1459830338744998,your_instagram_activity\messages\inbox\mariabittencourt_1459830338744998,4,1,1,0
mariabunitaexpress_1478875576840474,your_instagram_activity\messages\inbox\mariabunitaexpress_1478875576840474,4,1,1,0
mariacecilia_1760147798713249,your_instagram_activity\messages\inbox\mariacecilia_1760147798713249,4,1,1,0
mariadefatimasilva_1675506520510711,your_instagram_activity\messages\inbox\mariadefatimasilva_1675506520510711,4,1,1,0
mariaeduardaataides_1365895371471829,your_instagram_activity\messages\inbox\mariaeduardaataides_1365895371471829,4,1,1,0
mariaelizalneves_1166517300517260,your_instagram_activity\messages\inbox\mariaelizalneves_1166517300517260,4,1,1,0
marialarissa_1732214584839904,your_instagram_activity\messages\inbox\marialarissa_1732214584839904,4,1,1,0
marianaduarte_472476734147035,your_instagram_activity\messages\inbox\marianaduarte_472476734147035,4,1,1,0
marianaduartesemijoias_526293365432038,your_instagram_activity\messages\inbox\marianaduartesemijoias_526293365432038,4,1,1,0
marianamazzogiacomelli_1642305057164191,your_instagram_activity\messages\inbox\marianamazzogiacomelli_1642305057164191,4,1,1,0
marianaperdomo_1705747660819930,your_instagram_activity\messages\inbox\marianaperdomo_1705747660819930,4,1,1,0
marianirceguimaraesleite_1887287949332566,your_instagram_activity\messages\inbox\marianirceguimaraesleite_1887287949332566,4,1,1,0
marioaugustopadulacastro_1587272562667441,your_instagram_activity\messages\inbox\marioaugustopadulacastro_1587272562667441,4,1,1,0
mariojunio_1848205906574104,your_instagram_activity\messages\inbox\mariojunio_1848205906574104,4,1,1,0
maristelacarvalhomarykayrioverde_1351404882927728,your_instagram_activity\messages\inbox\maristelacarvalhomarykayrioverde_1351404882927728,4,1,1,0
maristelamoraes_1626238362104194,your_instagram_activity\messages\inbox\maristelamoraes_1626238362104194,4,1,1,0
marketingmedicojuridicoassessoriadeimprensa_1725415425520813,your_instagram_activity\messages\inbox\marketingmedicojuridicoassessoriadeimprensa_1725415425520813,4,1,1,0
marlizifarezinbarbosa_1708781620516534,your_instagram_activity\messages\inbox\marlizifarezinbarbosa_1708781620516534,4,1,1,0
marquimeletromarrioverdego_1657236069004423,your_instagram_activity\messages\inbox\marquimeletromarrioverdego_1657236069004423,4,1,1,0
marussaboldrin_483040899757285,your_instagram_activity\messages\inbox\marussaboldrin_483040899757285,4,1,1,0
marysilva_954316992629671,your_instagram_activity\messages\inbox\marysilva_954316992629671,4,1,1,0
mastergeoengenharia_1178831976844837,your_instagram_activity\messages\inbox\mastergeoengenharia_1178831976844837,4,1,1,0
mauricioebeling_1700413908019972,your_instagram_activity\messages\inbox\mauricioebeling_1700413908019972,4,1,1,0
maxegabriel_1751101689617860,your_instagram_activity\messages\inbox\maxegabriel_1751101689617860,4,1,1,0
mayckonferreira_1648388359889194,your_instagram_activity\messages\inbox\mayckonferreira_1648388359889194,4,1,1,0
mayraekauan_1767090278019001,your_instagram_activity\messages\inbox\mayraekauan_1767090278019001,4,1,1,0
mbrf_1491665868894778,your_instagram_activity\messages\inbox\mbrf_1491665868894778,4,1,1,0
medeiroseanicetoassessoria_1795053155222713,your_instagram_activity\messages\inbox\medeiroseanicetoassessoria_1795053155222713,4,1,1,0
mercadaorioverde_540860793975295,your_instagram_activity\messages\inbox\mercadaorioverde_540860793975295,4,1,1,0
mercieaparecidapsicologa_1889131792481515,your_instagram_activity\messages\inbox\mercieaparecidapsicologa_1889131792481515,4,1,1,0
messiasjunior_1760095812051781,your_instagram_activity\messages\inbox\messiasjunior_1760095812051781,4,1,1,0
michelecristinaribeiro_1847732286621466,your_instagram_activity\messages\inbox\michelecristinaribeiro_1847732286621466,4,1,1,0
michelefaria_1789067619154600,your_instagram_activity\messages\inbox\michelefaria_1789067619154600,4,1,1,0
miguelbispocontadordasaude_1797693158293722,your_instagram_activity\messages\inbox\miguelbispocontadordasaude_1797693158293722,4,1,1,0
ministeriopublicodegoiasmpgo_1763674841693878,your_instagram_activity\messages\inbox\ministeriopublicodegoiasmpgo_1763674841693878,4,1,1,0
mirianguimaraes_1801961881199874,your_instagram_activity\messages\inbox\mirianguimaraes_1801961881199874,4,1,1,0
moldpremoldadoslajesblocos_1320796335981733,your_instagram_activity\messages\inbox\moldpremoldadoslajesblocos_1320796335981733,4,1,1,0
monicafranco_1784636992930996,your_instagram_activity\messages\inbox\monicafranco_1784636992930996,4,1,1,0
montagriengenharia_1476810343753107,your_instagram_activity\messages\inbox\montagriengenharia_1476810343753107,4,1,1,0
mtec_1943767857017908,your_instagram_activity\messages\inbox\mtec_1943767857017908,4,1,1,0
multprofissoes_1731141058280590,your_instagram_activity\messages\inbox\multprofissoes_1731141058280590,4,1,1,0
multsegmultagronegociosrv_1725454902182539,your_instagram_activity\messages\inbox\multsegmultagronegociosrv_1725454902182539,4,1,1,0
murilloborgesvieiragarcia_1835590137836632,your_instagram_activity\messages\inbox\murilloborgesvieiragarcia_1835590137836632,4,1,1,0
muriloveiculos_1706408097420553,your_instagram_activity\messages\inbox\muriloveiculos_1706408097420553,4,1,1,0
myshoprioverdego_1785628326165196,your_instagram_activity\messages\inbox\myshoprioverdego_1785628326165196,4,1,1,0
naaraoliveira_1787391175994515,your_instagram_activity\messages\inbox\naaraoliveira_1787391175994515,4,1,1,0
naiaracanossa_1573972383997459,your_instagram_activity\messages\inbox\naiaracanossa_1573972383997459,4,1,1,0
nandelltreinamentosepalestras_1708623940532302,your_instagram_activity\messages\inbox\nandelltreinamentosepalestras_1708623940532302,4,1,1,0
nasainstalacoeseletricas_1807410983986930,your_instagram_activity\messages\inbox\nasainstalacoeseletricas_1807410983986930,4,1,1,0
nathaliacamposmatos_1757532492308113,your_instagram_activity\messages\inbox\nathaliacamposmatos_1757532492308113,4,1,1,0
nathaliacasagrande_1814259416635420,your_instagram_activity\messages\inbox\nathaliacasagrande_1814259416635420,4,1,1,0
nathanreimotors_1864496878278585,your_instagram_activity\messages\inbox\nathanreimotors_1864496878278585,4,1,1,0
nayarabarcelos_950492459678791,your_instagram_activity\messages\inbox\nayarabarcelos_950492459678791,4,1,1,0
nayarafernandes_1781873686540660,your_instagram_activity\messages\inbox\nayarafernandes_1781873686540660,4,1,1,0
nectarcontabilidade_902523707809000,your_instagram_activity\messages\inbox\nectarcontabilidade_902523707809000,4,1,1,0
nectarsistemasdegestao_530619161400885,your_instagram_activity\messages\inbox\nectarsistemasdegestao_530619161400885,4,1,1,0
neivosumny_1700413901353306,your_instagram_activity\messages\inbox\neivosumny_1700413901353306,4,1,1,0
neto_1685693762825320,your_instagram_activity\messages\inbox\neto_1685693762825320,4,1,1,0
neuzelilemescorretoradeimoveis_871076807625871,your_instagram_activity\messages\inbox\neuzelilemescorretoradeimoveis_871076807625871,4,1,1,0
nexussistemas_1363733938354639,your_instagram_activity\messages\inbox\nexussistemas_1363733938354639,4,1,1,0
nicolecastilho_1790754618985900,your_instagram_activity\messages\inbox\nicolecastilho_1790754618985900,4,1,1,0
nitidopaineis_1271384694256231,your_instagram_activity\messages\inbox\nitidopaineis_1271384694256231,4,1,1,0
nossarioverde_1926847635376597,your_instagram_activity\messages\inbox\nossarioverde_1926847635376597,4,1,1,0
nossobairronossacidaderioverde_764375558290483,your_instagram_activity\messages\inbox\nossobairronossacidaderioverde_764375558290483,4,1,1,0
nsaaparecidaceuazul_1796771371717558,your_instagram_activity\messages\inbox\nsaaparecidaceuazul_1796771371717558,4,1,1,0
ntwagrorioverde_1656339049094125,your_instagram_activity\messages\inbox\ntwagrorioverde_1656339049094125,4,1,1,0
nutrimasterrefeicoes_1378406476887385,your_instagram_activity\messages\inbox\nutrimasterrefeicoes_1378406476887385,4,1,1,0
oabrioverdeoficial_1251730779554956,your_instagram_activity\messages\inbox\oabrioverdeoficial_1251730779554956,4,1,1,0
oesteluzenergiasolar_1794105121984183,your_instagram_activity\messages\inbox\oesteluzenergiasolar_1794105121984183,4,1,1,0
oliviapena_1298031741591526,your_instagram_activity\messages\inbox\oliviapena_1298031741591526,4,1,1,0
onofrearantes_1779839593410736,your_instagram_activity\messages\inbox\onofrearantes_1779839593410736,4,1,1,0
orquideanegocios_1296220088439358,your_instagram_activity\messages\inbox\orquideanegocios_1296220088439358,4,1,1,0
orv_662383781895195,your_instagram_activity\messages\inbox\orv_662383781895195,4,1,1,0
osileiapires_1465149411550368,your_instagram_activity\messages\inbox\osileiapires_1465149411550368,4,1,1,0
osmar_ponce_leones__1920982905963070,your_instagram_activity\messages\inbox\osmar_ponce_leones__1920982905963070,4,1,1,0
osmarrobertofcunha_1757502628977766,your_instagram_activity\messages\inbox\osmarrobertofcunha_1757502628977766,4,1,1,0
osvaldosantos_546574856737222,your_instagram_activity\messages\inbox\osvaldosantos_546574856737222,4,1,1,0
oswaldoabud_1731907598203936,your_instagram_activity\messages\inbox\oswaldoabud_1731907598203936,4,1,1,0
otamirasantosreabilitacaocabecaepescoco_1956176262443734,your_instagram_activity\messages\inbox\otamirasantosreabilitacaocabecaepescoco_1956176262443734,4,1,1,0
pagnocelli_1659481098779920,your_instagram_activity\messages\inbox\pagnocelli_1659481098779920,4,1,1,0
pamellafonsecafurquim_1822273785833983,your_instagram_activity\messages\inbox\pamellafonsecafurquim_1822273785833983,4,1,1,0
pamellaguimaraes_1724355785625784,your_instagram_activity\messages\inbox\pamellaguimaraes_1724355785625784,4,1,1,0
patinhasonlinerioverdego_876503642954031,your_instagram_activity\messages\inbox\patinhasonlinerioverdego_876503642954031,4,1,2,1
photos,your_instagram_activity\messages\inbox\patinhasonlinerioverdego_876503642954031\photos,5,1,1,0
patriciacabral_562243375170370,your_instagram_activity\messages\inbox\patriciacabral_562243375170370,4,1,1,0
patriciajesusfabro_1835163447878350,your_instagram_activity\messages\inbox\patriciajesusfabro_1835163447878350,4,1,1,0
patrickalievi_1800399488026523,your_instagram_activity\messages\inbox\patrickalievi_1800399488026523,4,1,1,0
paulajesmyellechaves_1768053617922667,your_instagram_activity\messages\inbox\paulajesmyellechaves_1768053617922667,4,1,1,0
paulasimoescoacheconsultora_215439183887128,your_instagram_activity\messages\inbox\paulasimoescoacheconsultora_215439183887128,4,1,1,0
paulodias_1767090281352334,your_instagram_activity\messages\inbox\paulodias_1767090281352334,4,1,1,0
paulodovale_534001861327855,your_instagram_activity\messages\inbox\paulodovale_534001861327855,4,1,1,0
paulohenriquereis_1768642244530471,your_instagram_activity\messages\inbox\paulohenriquereis_1768642244530471,4,1,1,0
paulohumberto_242135147823536,your_instagram_activity\messages\inbox\paulohumberto_242135147823536,4,1,1,0
pauloresende_1129861598408542,your_instagram_activity\messages\inbox\pauloresende_1129861598408542,4,1,1,0
paulosergiodasilva_1760990738628955,your_instagram_activity\messages\inbox\paulosergiodasilva_1760990738628955,4,1,1,0
paxrioverde_565777404816967,your_instagram_activity\messages\inbox\paxrioverde_565777404816967,4,1,1,0
paxsantahelena_1934794367915328,your_instagram_activity\messages\inbox\paxsantahelena_1934794367915328,4,1,1,0
pedroaugustoribeiroperes_1768039314590764,your_instagram_activity\messages\inbox\pedroaugustoribeiroperes_1768039314590764,4,1,1,0
pedrohenriquerabelo_1760986451962717,your_instagram_activity\messages\inbox\pedrohenriquerabelo_1760986451962717,4,1,1,0
pedropaullofuturaimoveis_491492568912118,your_instagram_activity\messages\inbox\pedropaullofuturaimoveis_491492568912118,4,1,2,1
videos,your_instagram_activity\messages\inbox\pedropaullofuturaimoveis_491492568912118\videos,5,1,1,0
pedrosales_1732027041525325,your_instagram_activity\messages\inbox\pedrosales_1732027041525325,4,1,1,0
perdigaooficial_1914146579981557,your_instagram_activity\messages\inbox\perdigaooficial_1914146579981557,4,1,1,0
perforconsultoria_1757274492333913,your_instagram_activity\messages\inbox\perforconsultoria_1757274492333913,4,1,1,0
performancegenteegestaodesenvolvimentohumanoestrategico_1353593049368728,your_instagram_activity\messages\inbox\performancegenteegestaodesenvolvimentohumanoestrategico_1353593049368728,4,1,1,0
phdsistemas_1421486759249440,your_instagram_activity\messages\inbox\phdsistemas_1421486759249440,4,1,1,0
pignattimarcasepatentesr_502509437810431,your_instagram_activity\messages\inbox\pignattimarcasepatentesr_502509437810431,4,1,1,0
planaltocaseih_1836702417728201,your_instagram_activity\messages\inbox\planaltocaseih_1836702417728201,4,1,1,0
plantaevidamoporv_1833385928056102,your_instagram_activity\messages\inbox\plantaevidamoporv_1833385928056102,4,1,1,0
playlocacoesmesasclimatizadoresbistrorioverde_1011641416896119,your_instagram_activity\messages\inbox\playlocacoesmesasclimatizadoresbistrorioverde_1011641416896119,4,1,1,0
pliniocesar_1753710162690346,your_instagram_activity\messages\inbox\pliniocesar_1753710162690346,4,1,1,0
pointpasteis_1784654006262628,your_instagram_activity\messages\inbox\pointpasteis_1784654006262628,4,1,1,0
policiacivil8adrp_815926539802051,your_instagram_activity\messages\inbox\policiacivil8adrp_815926539802051,4,1,1,0
poltronicaalugueldepoltronaseletronicasposoperatorio_1956467929081234,your_instagram_activity\messages\inbox\poltronicaalugueldepoltronaseletronicasposoperatorio_1956467929081234,4,1,1,0
polyannerezende_1699960688065294,your_instagram_activity\messages\inbox\polyannerezende_1699960688065294,4,1,1,0
pouppoficial_1762565115138184,your_instagram_activity\messages\inbox\pouppoficial_1762565115138184,4,1,1,0
prefeituradejatai_1732541104807252,your_instagram_activity\messages\inbox\prefeituradejatai_1732541104807252,4,1,1,0
prefeituraderioverde_589453459123218,your_instagram_activity\messages\inbox\prefeituraderioverde_589453459123218,4,1,1,0
prfgoias_1768629237865105,your_instagram_activity\messages\inbox\prfgoias_1768629237865105,4,1,1,0
primeiropedacoconfeitaria_1753571376037558,your_instagram_activity\messages\inbox\primeiropedacoconfeitaria_1753571376037558,4,1,1,0
primepodcast_1687408779320485,your_instagram_activity\messages\inbox\primepodcast_1687408779320485,4,1,1,0
printbrindesecomunicacaovisual_1475935027134529,your_instagram_activity\messages\inbox\printbrindesecomunicacaovisual_1475935027134529,4,1,1,0
priscilamarquescorretoradeimoveis_1461929565209465,your_instagram_activity\messages\inbox\priscilamarquescorretoradeimoveis_1461929565209465,4,1,1,0
procongoias_202235615260482,your_instagram_activity\messages\inbox\procongoias_202235615260482,4,1,1,0
projetosorrisoverdadeir_1812945406766821,your_instagram_activity\messages\inbox\projetosorrisoverdadeir_1812945406766821,4,1,1,0
psicologaelianeferreira_1787498705978158,your_instagram_activity\messages\inbox\psicologaelianeferreira_1787498705978158,4,1,1,0
psicologagestaodepessoasnoagro_1323761572351876,your_instagram_activity\messages\inbox\psicologagestaodepessoasnoagro_1323761572351876,4,1,1,0
psiinfantil_1937870687607625,your_instagram_activity\messages\inbox\psiinfantil_1937870687607625,4,1,1,0
pv_1451724332888932,your_instagram_activity\messages\inbox\pv_1451724332888932,4,1,1,0
radio96fmrioverdego_1863857191675642,your_instagram_activity\messages\inbox\radio96fmrioverdego_1863857191675642,4,1,1,0
radiolider95fm_537354020625085,your_instagram_activity\messages\inbox\radiolider95fm_537354020625085,4,1,1,0
radiomorada_1200384968022871,your_instagram_activity\messages\inbox\radiomorada_1200384968022871,4,1,1,0
rafaelmendescomunicacaooratoriaelideranca_1148418013219567,your_instagram_activity\messages\inbox\rafaelmendescomunicacaooratoriaelideranca_1148418013219567,4,1,1,0
rahuanyalmeida_1830622458340037,your_instagram_activity\messages\inbox\rahuanyalmeida_1830622458340037,4,1,1,0
raianymachado_1768057154588980,your_instagram_activity\messages\inbox\raianymachado_1768057154588980,4,1,1,0
rakilandiamedeiros_496346741760034,your_instagram_activity\messages\inbox\rakilandiamedeiros_496346741760034,4,1,1,0
raphaellamariepaimbaterautobaterias_1787577842636911,your_instagram_activity\messages\inbox\raphaellamariepaimbaterautobaterias_1787577842636911,4,1,1,0
raphaelvalongo_445090956885613,your_instagram_activity\messages\inbox\raphaelvalongo_445090956885613,4,1,1,0
raquelcardosoborges_1701542767907086,your_instagram_activity\messages\inbox\raquelcardosoborges_1701542767907086,4,1,2,1
photos,your_instagram_activity\messages\inbox\raquelcardosoborges_1701542767907086\photos,5,1,1,0
rechrechcorretoradeseguros_1822245605836801,your_instagram_activity\messages\inbox\rechrechcorretoradeseguros_1822245605836801,4,1,1,0
recursoshumanostreinamentosgestao_953269099401127,your_instagram_activity\messages\inbox\recursoshumanostreinamentosgestao_953269099401127,4,1,1,0
redeconquistasupermercados_602177011180725,your_instagram_activity\messages\inbox\redeconquistasupermercados_602177011180725,4,1,4,1
audio,your_instagram_activity\messages\inbox\redeconquistasupermercados_602177011180725\audio,5,3,3,0
reflexaosaudavel_1886159416112086,your_instagram_activity\messages\inbox\reflexaosaudavel_1886159416112086,4,1,1,0
reginareis_1786224382772257,your_instagram_activity\messages\inbox\reginareis_1786224382772257,4,1,1,0
reilaoliveira_1914195206641840,your_instagram_activity\messages\inbox\reilaoliveira_1914195206641840,4,1,1,0
reimotorscarroemrioverdego_1813206520074043,your_instagram_activity\messages\inbox\reimotorscarroemrioverdego_1813206520074043,4,1,1,0
renatadias_1772875854107110,your_instagram_activity\messages\inbox\renatadias_1772875854107110,4,1,1,0
renatagomes_1724354032292626,your_instagram_activity\messages\inbox\renatagomes_1724354032292626,4,1,1,0
renatasousa_1956484332412927,your_instagram_activity\messages\inbox\renatasousa_1956484332412927,4,1,1,0
renildomarquesteixeira_950416533019717,your_instagram_activity\messages\inbox\renildomarquesteixeira_950416533019717,4,1,1,0
rennercardoso_1767075544687141,your_instagram_activity\messages\inbox\rennercardoso_1767075544687141,4,1,1,0
rennydeharofpopp_1795246048536757,your_instagram_activity\messages\inbox\rennydeharofpopp_1795246048536757,4,1,1,0
renovaveisservicos_1786527732741922,your_instagram_activity\messages\inbox\renovaveisservicos_1786527732741922,4,1,1,0
resenhasfc_1906876180711982,your_instagram_activity\messages\inbox\resenhasfc_1906876180711982,4,1,1,0
revendalima_1822325285828833,your_instagram_activity\messages\inbox\revendalima_1822325285828833,4,1,1,0
revistasociety_570423751018999,your_instagram_activity\messages\inbox\revistasociety_570423751018999,4,1,1,0
revistasocietyagro_1476396487088383,your_instagram_activity\messages\inbox\revistasocietyagro_1476396487088383,4,1,1,0
revitalepsirosa_1796242301770465,your_instagram_activity\messages\inbox\revitalepsirosa_1796242301770465,4,1,1,0
reykacatrinnebarbosa_1931818794879481,your_instagram_activity\messages\inbox\reykacatrinnebarbosa_1931818794879481,4,1,1,0
ricardoassisjuridiconoagro_535579004510051,your_instagram_activity\messages\inbox\ricardoassisjuridiconoagro_535579004510051,4,1,1,0
ricardocastromarques_1374904537237579,your_instagram_activity\messages\inbox\ricardocastromarques_1374904537237579,4,1,1,0
ricardohorbucz_1789336802461015,your_instagram_activity\messages\inbox\ricardohorbucz_1789336802461015,4,1,1,0
ricardooliveira_1761918348536194,your_instagram_activity\messages\inbox\ricardooliveira_1761918348536194,4,1,1,0
ricardosampaio_1819388772794913,your_instagram_activity\messages\inbox\ricardosampaio_1819388772794913,4,1,1,0
riocobrecuperacaodecredito_567376031323771,your_instagram_activity\messages\inbox\riocobrecuperacaodecredito_567376031323771,4,1,1,0
rioverdeagora_1927555661972461,your_instagram_activity\messages\inbox\rioverdeagora_1927555661972461,4,1,2,1
videos,your_instagram_activity\messages\inbox\rioverdeagora_1927555661972461\videos,5,1,1,0
rioverdefm1009_338447924414391,your_instagram_activity\messages\inbox\rioverdefm1009_338447924414391,4,1,1,0
riovertechengenharia_1761624898565539,your_instagram_activity\messages\inbox\riovertechengenharia_1761624898565539,4,1,1,0
robertonatanaelpsicologodacomunicacao_962742901787080,your_instagram_activity\messages\inbox\robertonatanaelpsicologodacomunicacao_962742901787080,4,1,1,0
robsonpinturas_1111953780199324,your_instagram_activity\messages\inbox\robsonpinturas_1111953780199324,4,1,1,0
rodrigodevasconcelosperformanceexecutivasustentavel_1840877503973611,your_instagram_activity\messages\inbox\rodrigodevasconcelosperformanceexecutivasustentavel_1840877503973611,4,1,1,0
rodrigosantos_812838706777501,your_instagram_activity\messages\inbox\rodrigosantos_812838706777501,4,1,1,0
rodrigotonet_1221880342540000,your_instagram_activity\messages\inbox\rodrigotonet_1221880342540000,4,1,2,1
photos,your_instagram_activity\messages\inbox\rodrigotonet_1221880342540000\photos,5,1,1,0
rodrigovelosolimanascimento_1899872301407464,your_instagram_activity\messages\inbox\rodrigovelosolimanascimento_1899872301407464,4,1,1,0
rogeriocabral_1545797120148319,your_instagram_activity\messages\inbox\rogeriocabral_1545797120148319,4,1,1,0
rogeriomoraesmundim_1744268490301180,your_instagram_activity\messages\inbox\rogeriomoraesmundim_1744268490301180,4,1,1,0
romakautomacao_1400249091375716,your_instagram_activity\messages\inbox\romakautomacao_1400249091375716,4,1,1,0
romakgoiania_1457199499008082,your_instagram_activity\messages\inbox\romakgoiania_1457199499008082,4,1,1,0
ronaldocaiado_547602279967813,your_instagram_activity\messages\inbox\ronaldocaiado_547602279967813,4,1,1,0
rosaniacandida_1624616465599717,your_instagram_activity\messages\inbox\rosaniacandida_1624616465599717,4,1,1,0
rubiamartinsinfluencerdigitalvideomaker_845166976883021,your_instagram_activity\messages\inbox\rubiamartinsinfluencerdigitalvideomaker_845166976883021,4,1,1,0
rvaluminiumesquadriasevidros_538721867522521,your_instagram_activity\messages\inbox\rvaluminiumesquadriasevidros_538721867522521,4,1,1,0
samantavobetoarquiteta_1967629581299281,your_instagram_activity\messages\inbox\samantavobetoarquiteta_1967629581299281,4,1,1,0
samaraguimaraes_1735239451205171,your_instagram_activity\messages\inbox\samaraguimaraes_1735239451205171,4,1,1,0
samuelfonseca_1847699886624706,your_instagram_activity\messages\inbox\samuelfonseca_1847699886624706,4,1,1,0
sandraferreira_1440484000679632,your_instagram_activity\messages\inbox\sandraferreira_1440484000679632,4,1,1,0
saneago_1767512774643418,your_instagram_activity\messages\inbox\saneago_1767512774643418,4,1,1,0
sarahoratorianapratica_1780590213335674,your_instagram_activity\messages\inbox\sarahoratorianapratica_1780590213335674,4,1,1,0
saudeesegurancadotrabalhorioverdego_799566164771422,your_instagram_activity\messages\inbox\saudeesegurancadotrabalhorioverdego_799566164771422,4,1,1,0
sebastianaleao_1934421601285867,your_instagram_activity\messages\inbox\sebastianaleao_1934421601285867,4,1,1,0
sebastianamoreira_1763850955009600,your_instagram_activity\messages\inbox\sebastianamoreira_1763850955009600,4,1,1,0
sebastiaorocharibeiro_1767661104628585,your_instagram_activity\messages\inbox\sebastiaorocharibeiro_1767661104628585,4,1,1,0
sebraegoias_533850231343018,your_instagram_activity\messages\inbox\sebraegoias_533850231343018,4,1,1,0
secretariageraldegovernodegoias_1197898258482020,your_instagram_activity\messages\inbox\secretariageraldegovernodegoias_1197898258482020,4,1,1,0
seguraltacorretoradeseguros_1919953002732727,your_instagram_activity\messages\inbox\seguraltacorretoradeseguros_1919953002732727,4,1,1,0
seguraltarioverde_1772777494116946,your_instagram_activity\messages\inbox\seguraltarioverde_1772777494116946,4,1,1,0
sejafilms_1865219191539442,your_instagram_activity\messages\inbox\sejafilms_1865219191539442,4,1,1,0
selectaagenciadeempregos_1847683896626305,your_instagram_activity\messages\inbox\selectaagenciadeempregos_1847683896626305,4,1,1,0
senacgoiasperfiloficial_813207823407256,your_instagram_activity\messages\inbox\senacgoiasperfiloficial_813207823407256,4,1,1,0
senar_1760927101968652,your_instagram_activity\messages\inbox\senar_1760927101968652,4,1,1,0
servicosdomesticosparalareempresas_1624602818934415,your_instagram_activity\messages\inbox\servicosdomesticosparalareempresas_1624602818934415,4,1,1,0
sesconsudoestegoiano_580964096632935,your_instagram_activity\messages\inbox\sesconsudoestegoiano_580964096632935,4,1,1,0
sesirioverdego_558609808867060,your_instagram_activity\messages\inbox\sesirioverdego_558609808867060,4,1,1,0
sesisenairioverde_573835450677829,your_instagram_activity\messages\inbox\sesisenairioverde_573835450677829,4,1,1,0
sestsenatgoias_1775978657130793,your_instagram_activity\messages\inbox\sestsenatgoias_1775978657130793,4,1,1,0
shilygalvao_1390698002333820,your_instagram_activity\messages\inbox\shilygalvao_1390698002333820,4,1,1,0
shirleyjustinocorretoradeimoveiscreci38425_1787499869311375,your_instagram_activity\messages\inbox\shirleyjustinocorretoradeimoveiscreci38425_1787499869311375,4,1,1,0
sicoobempresarial_225131235804187,your_instagram_activity\messages\inbox\sicoobempresarial_225131235804187,4,1,1,0
sicoobunicidades_585908239474017,your_instagram_activity\messages\inbox\sicoobunicidades_585908239474017,4,1,1,0
sicredi_1749434539784575,your_instagram_activity\messages\inbox\sicredi_1749434539784575,4,1,1,0
sicredicerradogo_1211201466941221,your_instagram_activity\messages\inbox\sicredicerradogo_1211201466941221,4,1,1,0
sidenilsosfs_530010171371234,your_instagram_activity\messages\inbox\sidenilsosfs_530010171371234,4,1,1,0
silzianecabral_891732605554777,your_instagram_activity\messages\inbox\silzianecabral_891732605554777,4,1,1,0
simesgo_1694801675247862,your_instagram_activity\messages\inbox\simesgo_1694801675247862,4,1,1,0
simonedesousamoraes_1771986974195998,your_instagram_activity\messages\inbox\simonedesousamoraes_1771986974195998,4,1,1,0
simonemaniratauil_1786482812746414,your_instagram_activity\messages\inbox\simonemaniratauil_1786482812746414,4,1,2,1
audio,your_instagram_activity\messages\inbox\simonemaniratauil_1786482812746414\audio,5,1,1,0
simoneoparadzinski_1474685707259461,your_instagram_activity\messages\inbox\simoneoparadzinski_1474685707259461,4,1,1,0
simpleagrocorporation_365749411567076,your_instagram_activity\messages\inbox\simpleagrocorporation_365749411567076,4,1,1,0
sindicatoruralderioverde_550899482975692,your_instagram_activity\messages\inbox\sindicatoruralderioverde_550899482975692,4,1,1,0
sistemafaegsenar_1732027034858659,your_instagram_activity\messages\inbox\sistemafaegsenar_1732027034858659,4,1,1,0
sistemaocb_1799679044760124,your_instagram_activity\messages\inbox\sistemaocb_1799679044760124,4,1,1,0
sistemaocbgo_1351866669541366,your_instagram_activity\messages\inbox\sistemaocbgo_1351866669541366,4,1,1,0
solarinstalacoes_1797612011633494,your_instagram_activity\messages\inbox\solarinstalacoes_1797612011633494,4,1,1,0
soluti_1342259283835438,your_instagram_activity\messages\inbox\soluti_1342259283835438,4,1,1,0
sorrisoverdadeiro_1867943594600335,your_instagram_activity\messages\inbox\sorrisoverdadeiro_1867943594600335,4,1,1,0
soudocampo_rv_949987949729242,your_instagram_activity\messages\inbox\soudocampo_rv_949987949729242,4,1,1,0
specialeesquadriasempvc_1698911814836848,your_instagram_activity\messages\inbox\specialeesquadriasempvc_1698911814836848,4,1,1,0
spremiumcacu_1841694817225213,your_instagram_activity\messages\inbox\spremiumcacu_1841694817225213,4,1,1,0
streladomarmodapraiarioverde_1683673836360646,your_instagram_activity\messages\inbox\streladomarmodapraiarioverde_1683673836360646,4,1,1,0
sucessonocampo_1417628076298558,your_instagram_activity\messages\inbox\sucessonocampo_1417628076298558,4,1,1,0
suelyaparecidaturra_477894213605287,your_instagram_activity\messages\inbox\suelyaparecidaturra_477894213605287,4,1,1,0
superagos2025_1780111736716855,your_instagram_activity\messages\inbox\superagos2025_1780111736716855,4,1,1,0
supermercadoimperiorioverde_1439211410806891,your_instagram_activity\messages\inbox\supermercadoimperiorioverde_1439211410806891,4,1,1,0
supermercadosconquista_1704464690948227,your_instagram_activity\messages\inbox\supermercadosconquista_1704464690948227,4,1,1,0
suyanecarmofkimoveis_1858004022260959,your_instagram_activity\messages\inbox\suyanecarmofkimoveis_1858004022260959,4,1,1,0
suzanaalves_1319234032804630,your_instagram_activity\messages\inbox\suzanaalves_1319234032804630,4,1,1,0
taiallaoliveira_1860401615360555,your_instagram_activity\messages\inbox\taiallaoliveira_1860401615360555,4,1,1,0
taillineborges_1472398100839470,your_instagram_activity\messages\inbox\taillineborges_1472398100839470,4,1,1,0
talentounico_1761551471906215,your_instagram_activity\messages\inbox\talentounico_1761551471906215,4,1,1,0
talitamelcantoracompositoralocutoraatriz_1749339466460749,your_instagram_activity\messages\inbox\talitamelcantoracompositoralocutoraatriz_1749339466460749,4,1,1,0
tanifernandes_133415038768856,your_instagram_activity\messages\inbox\tanifernandes_133415038768856,4,1,1,0
tarumaconsultoria_1724550075606355,your_instagram_activity\messages\inbox\tarumaconsultoria_1724550075606355,4,1,1,0
tecnoshowcomigo_543432723718102,your_instagram_activity\messages\inbox\tecnoshowcomigo_543432723718102,4,1,1,0
terezaraquelguinesipicoli_1682778029783560,your_instagram_activity\messages\inbox\terezaraquelguinesipicoli_1682778029783560,4,1,1,0
thaisalves_1708653307196032,your_instagram_activity\messages\inbox\thaisalves_1708653307196032,4,1,1,0
thaiscabral_1382794516448581,your_instagram_activity\messages\inbox\thaiscabral_1382794516448581,4,1,1,0
thaisebritosuaultimamentora_1817732549627503,your_instagram_activity\messages\inbox\thaisebritosuaultimamentora_1817732549627503,4,1,1,0
thaissarayamamoto_1799562158105146,your_instagram_activity\messages\inbox\thaissarayamamoto_1799562158105146,4,1,1,0
thalinedallagasperinapagotto_1943732393688121,your_instagram_activity\messages\inbox\thalinedallagasperinapagotto_1943732393688121,4,1,1,0
thalitalopesmentoraexecutivadelideres_1675506523844044,your_instagram_activity\messages\inbox\thalitalopesmentoraexecutivadelideres_1675506523844044,4,1,1,0
thamaracardoso_1799134908147871,your_instagram_activity\messages\inbox\thamaracardoso_1799134908147871,4,1,1,0
thamaramartins_1913159140078852,your_instagram_activity\messages\inbox\thamaramartins_1913159140078852,4,1,1,0
thatieleperes_1077679726960063,your_instagram_activity\messages\inbox\thatieleperes_1077679726960063,4,1,1,0
theonerioverdegoias_1853822702679091,your_instagram_activity\messages\inbox\theonerioverdegoias_1853822702679091,4,1,1,0
thiagoeleve_1626256625435701,your_instagram_activity\messages\inbox\thiagoeleve_1626256625435701,4,1,1,0
thiagomuniz_1768016074593088,your_instagram_activity\messages\inbox\thiagomuniz_1768016074593088,4,1,1,0
thiagorossi_1689699782424718,your_instagram_activity\messages\inbox\thiagorossi_1689699782424718,4,1,1,0
thomaspagotto_1862995721761789,your_instagram_activity\messages\inbox\thomaspagotto_1862995721761789,4,1,1,0
thomaspagotto_944881973573173,your_instagram_activity\messages\inbox\thomaspagotto_944881973573173,4,1,1,0
tiagovianacompositor_1768002447927784,your_instagram_activity\messages\inbox\tiagovianacompositor_1768002447927784,4,1,1,0
tiarleycastro_537827677435440,your_instagram_activity\messages\inbox\tiarleycastro_537827677435440,4,1,1,0
tihanahirata_1526145945446770,your_instagram_activity\messages\inbox\tihanahirata_1526145945446770,4,1,1,0
tocaioshoweseu_1813216036739758,your_instagram_activity\messages\inbox\tocaioshoweseu_1813216036739758,4,1,1,0
tootiebernardes_1787264079336763,your_instagram_activity\messages\inbox\tootiebernardes_1787264079336763,4,1,1,0
trackfieldrrioverde_1852002989527729,your_instagram_activity\messages\inbox\trackfieldrrioverde_1852002989527729,4,1,1,0
tresmaisarquiteturaeinteriores_1895847805148809,your_instagram_activity\messages\inbox\tresmaisarquiteturaeinteriores_1895847805148809,4,1,1,0
trocandoemmiudos_1765374668190562,your_instagram_activity\messages\inbox\trocandoemmiudos_1765374668190562,4,1,1,0
trrpetrorio_360578102069769,your_instagram_activity\messages\inbox\trrpetrorio_360578102069769,4,1,1,0
tuliobarcelosvereadorporrioverdego_1708610707200292,your_instagram_activity\messages\inbox\tuliobarcelosvereadorporrioverdego_1708610707200292,4,1,1,0
tv_anhanguera_rio_verde_1355642869163746,your_instagram_activity\messages\inbox\tv_anhanguera_rio_verde_1355642869163746,4,1,1,0
tvanhanguera_1465261828201849,your_instagram_activity\messages\inbox\tvanhanguera_1465261828201849,4,1,1,0
tvbrasilcentraltbc_1760986455296050,your_instagram_activity\messages\inbox\tvbrasilcentraltbc_1760986455296050,4,1,1,0
tvrioverdecanal3noticias_568460684548639,your_instagram_activity\messages\inbox\tvrioverdecanal3noticias_568460684548639,4,1,1,0
tvsucessoband_1452662172795148,your_instagram_activity\messages\inbox\tvsucessoband_1452662172795148,4,1,1,0
tvsucessobandtv_1383696846358348,your_instagram_activity\messages\inbox\tvsucessobandtv_1383696846358348,4,1,1,0
unicorestintas_1732133384848024,your_instagram_activity\messages\inbox\unicorestintas_1732133384848024,4,1,1,0
unimedrioverde_498824238212413,your_instagram_activity\messages\inbox\unimedrioverde_498824238212413,4,1,1,0
uniodontosudoestegoiano_552152166179491,your_instagram_activity\messages\inbox\uniodontosudoestegoiano_552152166179491,4,1,1,0
universidadederioverde_560145392046835,your_instagram_activity\messages\inbox\universidadederioverde_560145392046835,4,1,1,0
urleyoliveira_1202201851181901,your_instagram_activity\messages\inbox\urleyoliveira_1202201851181901,4,1,1,0
ursulaguerraexperienciasolfativas_531704664890908,your_instagram_activity\messages\inbox\ursulaguerraexperienciasolfativas_531704664890908,4,1,1,0
usinarioverde_1879332926794735,your_instagram_activity\messages\inbox\usinarioverde_1879332926794735,4,1,1,0
usuariodoinstagram_1238463077548393,your_instagram_activity\messages\inbox\usuariodoinstagram_1238463077548393,4,1,1,0
usuariodoinstagram_1459045962156769,your_instagram_activity\messages\inbox\usuariodoinstagram_1459045962156769,4,1,1,0
usuariodoinstagram_1474931567234875,your_instagram_activity\messages\inbox\usuariodoinstagram_1474931567234875,4,1,1,0
usuariodoinstagram_1660318482029515,your_instagram_activity\messages\inbox\usuariodoinstagram_1660318482029515,4,1,1,0
usuariodoinstagram_1670187257709304,your_instagram_activity\messages\inbox\usuariodoinstagram_1670187257709304,4,1,1,0
usuariodoinstagram_1705708740823822,your_instagram_activity\messages\inbox\usuariodoinstagram_1705708740823822,4,1,1,0
usuariodoinstagram_1710217130372983,your_instagram_activity\messages\inbox\usuariodoinstagram_1710217130372983,4,1,1,0
usuariodoinstagram_1730407191687310,your_instagram_activity\messages\inbox\usuariodoinstagram_1730407191687310,4,1,1,0
usuariodoinstagram_1760927105301985,your_instagram_activity\messages\inbox\usuariodoinstagram_1760927105301985,4,1,1,0
usuariodoinstagram_1763445238383505,your_instagram_activity\messages\inbox\usuariodoinstagram_1763445238383505,4,1,1,0
usuariodoinstagram_1767847034609992,your_instagram_activity\messages\inbox\usuariodoinstagram_1767847034609992,4,1,1,0
usuariodoinstagram_1769468534447842,your_instagram_activity\messages\inbox\usuariodoinstagram_1769468534447842,4,1,1,0
usuariodoinstagram_1779870223407673,your_instagram_activity\messages\inbox\usuariodoinstagram_1779870223407673,4,1,1,0
usuariodoinstagram_1780580090003353,your_instagram_activity\messages\inbox\usuariodoinstagram_1780580090003353,4,1,1,0
usuariodoinstagram_1795245158536846,your_instagram_activity\messages\inbox\usuariodoinstagram_1795245158536846,4,1,1,0
usuariodoinstagram_1800998574628171,your_instagram_activity\messages\inbox\usuariodoinstagram_1800998574628171,4,1,1,0
usuariodoinstagram_1916270373107644,your_instagram_activity\messages\inbox\usuariodoinstagram_1916270373107644,4,1,1,0
usuariodoinstagram_449277803133881,your_instagram_activity\messages\inbox\usuariodoinstagram_449277803133881,4,1,1,0
usuariodoinstagram_557878488940192,your_instagram_activity\messages\inbox\usuariodoinstagram_557878488940192,4,1,1,0
usuariodoinstagram_564439548284086,your_instagram_activity\messages\inbox\usuariodoinstagram_564439548284086,4,1,1,0
usuariodoinstagram_872734666779103,your_instagram_activity\messages\inbox\usuariodoinstagram_872734666779103,4,1,1,0
vagasdeempregorv_1688138385914191,your_instagram_activity\messages\inbox\vagasdeempregorv_1688138385914191,4,1,1,0
valesafeepisrioverdego_1768862311175131,your_instagram_activity\messages\inbox\valesafeepisrioverdego_1768862311175131,4,1,1,0
valpaiva_1962673281794032,your_instagram_activity\messages\inbox\valpaiva_1962673281794032,4,1,1,0
vanderlancardoso_545441543517220,your_instagram_activity\messages\inbox\vanderlancardoso_545441543517220,4,1,1,0
vanessaevangelistafurtado_953896356005068,your_instagram_activity\messages\inbox\vanessaevangelistafurtado_953896356005068,4,1,1,0
vanessamartinscertificacaodigital_1706175540777142,your_instagram_activity\messages\inbox\vanessamartinscertificacaodigital_1706175540777142,4,1,1,0
vanessapissaiamellek_272033648055970,your_instagram_activity\messages\inbox\vanessapissaiamellek_272033648055970,4,1,1,0
vanessasilvaestrategistacriativa_1705714947489868,your_instagram_activity\messages\inbox\vanessasilvaestrategistacriativa_1705714947489868,4,1,1,0
vanessasouzavandortvv_767728424621863,your_instagram_activity\messages\inbox\vanessasouzavandortvv_767728424621863,4,1,1,0
vaulianegarciasoares_1709069920487704,your_instagram_activity\messages\inbox\vaulianegarciasoares_1709069920487704,4,1,1,0
veralucia_1926007705460590,your_instagram_activity\messages\inbox\veralucia_1926007705460590,4,1,1,0
vidroestevidroseesquadrias_1780587993335896,your_instagram_activity\messages\inbox\vidroestevidroseesquadrias_1780587993335896,4,1,1,0
vilsonstollmeier_1787639535964075,your_instagram_activity\messages\inbox\vilsonstollmeier_1787639535964075,4,1,1,0
viniciusandradeboostdigital_1736034681124561,your_instagram_activity\messages\inbox\viniciusandradeboostdigital_1736034681124561,4,1,1,0
viniciusbasilio_1526987792029252,your_instagram_activity\messages\inbox\viniciusbasilio_1526987792029252,4,1,1,0
viniciusgiloliveira_1271350200926347,your_instagram_activity\messages\inbox\viniciusgiloliveira_1271350200926347,4,1,1,0
viniciusgilparceiroswilebeneficios_1757532068974822,your_instagram_activity\messages\inbox\viniciusgilparceiroswilebeneficios_1757532068974822,4,1,1,0
visiterioverdego_1779945653400130,your_instagram_activity\messages\inbox\visiterioverdego_1779945653400130,4,1,1,0
visopticaoticaeconsertodeoculos_1354881589264822,your_instagram_activity\messages\inbox\visopticaoticaeconsertodeoculos_1354881589264822,4,1,1,0
vitormacedo_1899303188131042,your_instagram_activity\messages\inbox\vitormacedo_1899303188131042,4,1,1,0
vivianedepaulapalestrasementoria_1241128303948537,your_instagram_activity\messages\inbox\vivianedepaulapalestrasementoria_1241128303948537,4,1,1,0
vivianemlettieri_1728697778532524,your_instagram_activity\messages\inbox\vivianemlettieri_1728697778532524,4,1,1,0
vivianneoliveira_1533779858016712,your_instagram_activity\messages\inbox\vivianneoliveira_1533779858016712,4,1,1,0
vivianneoliveiramarketingpolitico_1719171989477497,your_instagram_activity\messages\inbox\vivianneoliveiramarketingpolitico_1719171989477497,4,1,1,0
volus_1546002313461133,your_instagram_activity\messages\inbox\volus_1546002313461133,4,1,1,0
vox2yourioverdeoratoria_1531117984949566,your_instagram_activity\messages\inbox\vox2yourioverdeoratoria_1531117984949566,4,1,1,0
wagnerpereira_1453621702749311,your_instagram_activity\messages\inbox\wagnerpereira_1453621702749311,4,1,1,0
wallisjustino_1246198510108183,your_instagram_activity\messages\inbox\wallisjustino_1246198510108183,4,1,1,0
walterbaylaojunior_1760844631976899,your_instagram_activity\messages\inbox\walterbaylaojunior_1760844631976899,4,1,1,0
wanderiwata_1899868408074520,your_instagram_activity\messages\inbox\wanderiwata_1899868408074520,4,1,1,0
wanderiwatalocutor_1754836379244391,your_instagram_activity\messages\inbox\wanderiwatalocutor_1754836379244391,4,1,1,0
wanderleypimentajr_1799733628087999,your_instagram_activity\messages\inbox\wanderleypimentajr_1799733628087999,4,1,1,0
wandersondasilvasa_1709448413783188,your_instagram_activity\messages\inbox\wandersondasilvasa_1709448413783188,4,1,1,0
wanessacruvinel_1104060080988694,your_instagram_activity\messages\inbox\wanessacruvinel_1104060080988694,4,1,1,0
wanessapascoal_1690847035649505,your_instagram_activity\messages\inbox\wanessapascoal_1690847035649505,4,1,1,0
warleymartins_1932901328104561,your_instagram_activity\messages\inbox\warleymartins_1932901328104561,4,1,1,0
washingtonalvesfurquim_1791095522285143,your_instagram_activity\messages\inbox\washingtonalvesfurquim_1791095522285143,4,1,1,0
wederribeiro_1476268223767876,your_instagram_activity\messages\inbox\wederribeiro_1476268223767876,4,1,1,0
welkerrubensdefreitas_1934480127946681,your_instagram_activity\messages\inbox\welkerrubensdefreitas_1934480127946681,4,1,1,0
wellingtoncarrijo_1439144677480231,your_instagram_activity\messages\inbox\wellingtoncarrijo_1439144677480231,4,1,1,0
wenicarlybarbosa_1388794352515264,your_instagram_activity\messages\inbox\wenicarlybarbosa_1388794352515264,4,1,1,0
wenyaalecrim_385627469437602,your_instagram_activity\messages\inbox\wenyaalecrim_385627469437602,4,1,1,0
wesleidione_1472323387495693,your_instagram_activity\messages\inbox\wesleidione_1472323387495693,4,1,1,0
wesleysuspencar_953634542697916,your_instagram_activity\messages\inbox\wesleysuspencar_953634542697916,4,1,1,0
weullaalecrim_962449008483136,your_instagram_activity\messages\inbox\weullaalecrim_962449008483136,4,1,1,0
wildermorais_1914612553275390,your_instagram_activity\messages\inbox\wildermorais_1914612553275390,4,1,1,0
wilkerduarte_1747620539965975,your_instagram_activity\messages\inbox\wilkerduarte_1747620539965975,4,1,1,0
williansilvafingerstyle_1478234396904592,your_instagram_activity\messages\inbox\williansilvafingerstyle_1478234396904592,4,1,1,0
wilson_1853915359336492,your_instagram_activity\messages\inbox\wilson_1853915359336492,4,1,1,0
wilsonbenicio_1708612830533413,your_instagram_activity\messages\inbox\wilsonbenicio_1708612830533413,4,1,1,0
wilsonroberto_1786138002780895,your_instagram_activity\messages\inbox\wilsonroberto_1786138002780895,4,1,1,0
wiltoncardoso_1755808835813812,your_instagram_activity\messages\inbox\wiltoncardoso_1755808835813812,4,1,1,0
yasmyneguimaraesfinancas_1927475611980466,your_instagram_activity\messages\inbox\yasmyneguimaraesfinancas_1927475611980466,4,1,1,0
ypyeducacionalcentrooeste_1732671961460833,your_instagram_activity\messages\inbox\ypyeducacionalcentrooeste_1732671961460833,4,1,1,0
zemario_538469354214439,your_instagram_activity\messages\inbox\zemario_538469354214439,4,1,1,0
message_requests,your_instagram_activity\messages\message_requests,3,0,55,54
1695227121878834,your_instagram_activity\messages\message_requests\1695227121878834,4,1,1,0
1954342085960485,your_instagram_activity\messages\message_requests\1954342085960485,4,1,1,0
adrianobrito_1643550600372970,your_instagram_activity\messages\message_requests\adrianobrito_1643550600372970,4,1,1,0
adriellypaiva_1678619243532772,your_instagram_activity\messages\message_requests\adriellypaiva_1678619243532772,4,1,1,0
anapaulacolombo_1941062493955111,your_instagram_activity\messages\message_requests\anapaulacolombo_1941062493955111,4,1,1,0
antoniahipolitorodrigoienerichiarabasilioand2others_758978763895193,your_instagram_activity\messages\message_requests\antoniahipolitorodrigoienerichiarabasilioand2others_758978763895193,4,1,1,0
automaismecanica_1643323793728984,your_instagram_activity\messages\message_requests\automaismecanica_1643323793728984,4,1,1,0
bibliotecarialetradacalinebelmirovieiraclebsondematosand7others_1315431447300600,your_instagram_activity\messages\message_requests\bibliotecarialetradacalinebelmirovieiraclebsondematosand7others_1315431447300600,4,1,1,0
bymaeldossantosdefesacivilrioverde_1926848472043180,your_instagram_activity\messages\message_requests\bymaeldossantosdefesacivilrioverde_1926848472043180,4,1,1,0
condorrvmanutencao_1962462441815116,your_instagram_activity\messages\message_requests\condorrvmanutencao_1962462441815116,4,1,1,0
coralprofissionalgo_1667125424682154,your_instagram_activity\messages\message_requests\coralprofissionalgo_1667125424682154,4,1,1,0
creagoias_1915314303196597,your_instagram_activity\messages\message_requests\creagoias_1915314303196597,4,1,1,0
cristianemenezes_1546123863448978,your_instagram_activity\messages\message_requests\cristianemenezes_1546123863448978,4,1,1,0
danielagrobomdeputadofederalgo_1694693675258662,your_instagram_activity\messages\message_requests\danielagrobomdeputadofederalgo_1694693675258662,4,1,1,0
emillyoliveiraanapaulacorretoradeimoveisamandamariaand6others_1573115117114755,your_instagram_activity\messages\message_requests\emillyoliveiraanapaulacorretoradeimoveisamandamariaand6others_1573115117114755,4,1,1,0
felipebernardodefreitas_1660399335354763,your_instagram_activity\messages\message_requests\felipebernardodefreitas_1660399335354763,4,1,1,0
fjsportscoberturaesportiva_1885061699555191,your_instagram_activity\messages\message_requests\fjsportscoberturaesportiva_1885061699555191,4,1,1,0
flaviavalenteluangravlaxnathaliacestariand5others_879117631823444,your_instagram_activity\messages\message_requests\flaviavalenteluangravlaxnathaliacestariand5others_879117631823444,4,1,1,0
followads_1666211401440223,your_instagram_activity\messages\message_requests\followads_1666211401440223,4,1,1,0
garvgoguardioesdosautistas_1933848854676475,your_instagram_activity\messages\message_requests\garvgoguardioesdosautistas_1933848854676475,4,1,1,0
goutersalgaderia_1967226004678947,your_instagram_activity\messages\message_requests\goutersalgaderia_1967226004678947,4,1,1,0
graciellelinaferreira_1648901579837872,your_instagram_activity\messages\message_requests\graciellelinaferreira_1648901579837872,4,1,1,0
joaopaulosilva_1683901106337919,your_instagram_activity\messages\message_requests\joaopaulosilva_1683901106337919,4,1,1,0
kamillaaraujo_1672975457436099,your_instagram_activity\messages\message_requests\kamillaaraujo_1672975457436099,4,1,1,0
lauraassisfreitas_1884974992897195,your_instagram_activity\messages\message_requests\lauraassisfreitas_1884974992897195,4,1,1,0
leandroarantesgustavotrovojulianecoelhoand7others_2147003976101297,your_instagram_activity\messages\message_requests\leandroarantesgustavotrovojulianecoelhoand7others_2147003976101297,4,1,1,0
leandrovieira_1670796460981717,your_instagram_activity\messages\message_requests\leandrovieira_1670796460981717,4,1,2,1
photos,your_instagram_activity\messages\message_requests\leandrovieira_1670796460981717\photos,5,1,1,0
marcelavian_1683557066372323,your_instagram_activity\messages\message_requests\marcelavian_1683557066372323,4,1,1,0
marciogabrielmartinsoliveira_1885040329557328,your_instagram_activity\messages\message_requests\marciogabrielmartinsoliveira_1885040329557328,4,1,1,0
mayratagliapietrafrancinioliveiranascimentomartaramosand17others_1212712640633787,your_instagram_activity\messages\message_requests\mayratagliapietrafrancinioliveiranascimentomartaramosand17others_1212712640633787,4,1,1,0
mikeiasandersondianaisabellalorenevieiraand19others_1545956586508950,your_instagram_activity\messages\message_requests\mikeiasandersondianaisabellalorenevieiraand19others_1545956586508950,4,1,1,0
nanyfashion_1881440923250602,your_instagram_activity\messages\message_requests\nanyfashion_1881440923250602,4,1,1,0
nathanblauth_1832350348167515,your_instagram_activity\messages\message_requests\nathanblauth_1832350348167515,4,1,1,0
nayeskacamposadvogada_1945708853490475,your_instagram_activity\messages\message_requests\nayeskacamposadvogada_1945708853490475,4,1,1,0
poderassessoriaempresarialeambiental_1657254549002575,your_instagram_activity\messages\message_requests\poderassessoriaempresarialeambiental_1657254549002575,4,1,1,0
pollianasantos_1689583372436359,your_instagram_activity\messages\message_requests\pollianasantos_1689583372436359,4,1,1,0
rafaelsouza_1678947110166652,your_instagram_activity\messages\message_requests\rafaelsouza_1678947110166652,4,1,1,0
remaxdestinyrioverde_1677811176946912,your_instagram_activity\messages\message_requests\remaxdestinyrioverde_1677811176946912,4,1,1,0
renatadamacenapereira_1962591755137450,your_instagram_activity\messages\message_requests\renatadamacenapereira_1962591755137450,4,1,1,0
robsonpaniagoadministracaonegociosdigitais_1619613186100045,your_instagram_activity\messages\message_requests\robsonpaniagoadministracaonegociosdigitais_1619613186100045,4,1,1,0
rogeriofelix_1866369294766505,your_instagram_activity\messages\message_requests\rogeriofelix_1866369294766505,4,1,1,0
sabrinafetzmentoraeterapeutadaalmafeminina_1699672948094068,your_instagram_activity\messages\message_requests\sabrinafetzmentoraeterapeutadaalmafeminina_1699672948094068,4,1,1,0
taniamachadodossantos_1648390026555694,your_instagram_activity\messages\message_requests\taniamachadodossantos_1648390026555694,4,1,1,0
tremendaozenildodejesus_1916780176383343,your_instagram_activity\messages\message_requests\tremendaozenildodejesus_1916780176383343,4,1,1,0
usuariodoinstagram_1645150490212981,your_instagram_activity\messages\message_requests\usuariodoinstagram_1645150490212981,4,1,1,0
usuariodoinstagram_1646777190050311,your_instagram_activity\messages\message_requests\usuariodoinstagram_1646777190050311,4,1,1,0
usuariodoinstagram_1648594509868579,your_instagram_activity\messages\message_requests\usuariodoinstagram_1648594509868579,4,1,1,0
usuariodoinstagram_1649266446468052,your_instagram_activity\messages\message_requests\usuariodoinstagram_1649266446468052,4,1,1,0
usuariodoinstagram_1885034222891272,your_instagram_activity\messages\message_requests\usuariodoinstagram_1885034222891272,4,1,1,0
usuariodoinstagramlucasbezerraleonardojosedasilvaand2others_1421094976298717,your_instagram_activity\messages\message_requests\usuariodoinstagramlucasbezerraleonardojosedasilvaand2others_1421094976298717,4,1,1,0
victorbarros_1919291182798909,your_instagram_activity\messages\message_requests\victorbarros_1919291182798909,4,1,1,0
victorpringjonathannovellopinksquishybydeniseand25others_1665553918044086,your_instagram_activity\messages\message_requests\victorpringjonathannovellopinksquishybydeniseand25others_1665553918044086,4,1,1,0
vitinho_dgo1_1934592371268790,your_instagram_activity\messages\message_requests\vitinho_dgo1_1934592371268790,4,1,1,0
xsavi_1967996517929342,your_instagram_activity\messages\message_requests\xsavi_1967996517929342,4,1,1,0
monetization,your_instagram_activity\monetization,2,2,2,0
other_activity,your_instagram_activity\other_activity,2,1,1,0
posts,your_instagram_activity\posts,2,0,5,1
media,your_instagram_activity\posts\media,3,0,5,1
your_posts,your_instagram_activity\posts\media\your_posts,4,5,5,0
saved,your_instagram_activity\saved,2,1,1,0
story_interactions,your_instagram_activity\story_interactions,2,6,6,0
subscriptions,your_instagram_activity\subscriptions,2,2,2,0
