source_row;data_hora_brt;id_midia;legenda;impressoes;alcance;curtidas;comentarios;compartilhamentos;salvamentos;visitas_perfil;seguidores_gerados;toques_link_externo;interacoes_calculadas;origem;source_blob_sha;status_validacao
1;2026-04-10T07:37:27-03:00;18037605881584954;"A falta de alinhamento e a comunicação falha custam caro para qualquer negócio. O mercado atual exige profissionais capazes de tomar decisões rápidas e precisas sob pressão contínua. 

A oficina On Board utiliza a dinâmica intensa do jogo de tabuleiro Pandemic para simular um ambiente corporativo altamente desafiador. Você vai testar suas habilidades e fundar bases sólidas de trabalho em equipe. Quem hesita durante o processo, perde o controle das operações e dos resultados. Quem colabora de forma inteligente, avança.

Esta imersão prática desenvolve a sua #Gestão de tempo e a #Liderança em cenários de alta complexidade. A parceria educacional com o @sebrae reforça o compromisso da #ACIRV em entregar ferramentas aos participantes, provando que o método de #ConectarParaCrescer blinda o seu #Negócios contra falhas de comunicação e liderança.

Desenvolva sua capacidade de resolução de problemas, no dia 14/04, às 19h, em nossa sede. O acesso para inscrição está disponível no link da bio.

Aqui, ninguém cresce isolado. A gente cresce conectado.";93;88;2;0;2;0;0;0;;4;000-Arquivos-originais/DADOS ACIRV - HD EXTERNO/Dados instagram - 100425 até 100426/logged_information/past_instagram_insights/posts.json;32e452c2d6101cea98aaccf47bb39ea37d0836bc;extraido_export_meta_sem_reconciliacao_com_totais_da_conta
2;2026-04-09T13:15:00-03:00;18115844122658725;"Na Sudoexpo, você se conecta diretamente com quem decide, compra e investe.
É relacionamento acelerado.
É mercado concentrado.
É resultado potencializado.";65;63;1;0;0;0;0;0;;1;000-Arquivos-originais/DADOS ACIRV - HD EXTERNO/Dados instagram - 100425 até 100426/logged_information/past_instagram_insights/posts.json;32e452c2d6101cea98aaccf47bb39ea37d0836bc;extraido_export_meta_sem_reconciliacao_com_totais_da_conta
3;2026-04-07T18:52:01-03:00;17880083508545725;"Vem aí o Fórum da Indústria da ACIRV. Dia 27 de maio, às 7h30, em Rio Verde.

O encontro propõe um olhar direto sobre os desafios do setor, com espaço para troca, análise e construção de caminhos possíveis para a indústria local.

Promovido pela ACIRV, o fórum reúne empresários e lideranças para fortalecer a indústria e impulsionar o desenvolvimento da nossa região.

Aqui, ninguém cresce isolado. A gente cresce conectado.";323;209;8;0;0;1;0;0;;9;000-Arquivos-originais/DADOS ACIRV - HD EXTERNO/Dados instagram - 100425 até 100426/logged_information/past_instagram_insights/posts.json;32e452c2d6101cea98aaccf47bb39ea37d0836bc;extraido_export_meta_sem_reconciliacao_com_totais_da_conta
4;2026-04-06T12:15:00-03:00;18065784761663252;"A Sudoexpo foi pensada para gerar:
🤝 Conexões
📈 Oportunidades comerciais
💼 Relacionamentos estratégicos
Quer transformar presença em resultado? Fale com nossa equipe comercial.";133;124;2;1;0;1;2;0;;4;000-Arquivos-originais/DADOS ACIRV - HD EXTERNO/Dados instagram - 100425 até 100426/logged_information/past_instagram_insights/posts.json;32e452c2d6101cea98aaccf47bb39ea37d0836bc;extraido_export_meta_sem_reconciliacao_com_totais_da_conta
5;2026-04-03T14:20:00-03:00;18090843191152588;"Realizada pela ACIRV, a Sudoexpo representa o compromisso da entidade com o crescimento sustentável de Rio Verde e região.
Uma feira construída com visão, planejamento e parceria.";387;368;28;2;0;0;3;0;;30;000-Arquivos-originais/DADOS ACIRV - HD EXTERNO/Dados instagram - 100425 até 100426/logged_information/past_instagram_insights/posts.json;32e452c2d6101cea98aaccf47bb39ea37d0836bc;extraido_export_meta_sem_reconciliacao_com_totais_da_conta
6;2026-04-02T08:56:21-03:00;18087822296261434;"O desenvolvimento econômico contínuo exige alinhamento direto entre a formação de novos talentos e as demandas do setor produtivo. Este é o diagnóstico que pautou a visita institucional da nossa diretoria ao Reitor da UniRV, Alberto Barella. 

Sentar à mesa com lideranças acadêmicas significa construir soluções claras para o futuro comercial.

Esta troca de visão e planejamento prova que #ConectarParaCrescer funciona como um método prático de expansão para toda a base produtiva de #RioVerde. O diálogo aproxima o rigor acadêmico das necessidades do #Empreendedorismo.

Sem esse alinhamento profundo entre educação e negócios, o comércio perde a chance de gerar #Inovação e competitividade em larga escala. 

Aqui, ninguém cresce isolado. A gente cresce conectado.";514;484;29;2;0;0;0;0;;31;000-Arquivos-originais/DADOS ACIRV - HD EXTERNO/Dados instagram - 100425 até 100426/logged_information/past_instagram_insights/posts.json;32e452c2d6101cea98aaccf47bb39ea37d0836bc;extraido_export_meta_sem_reconciliacao_com_totais_da_conta
7;2026-04-01T11:15:00-03:00;18403321978181340;"A comercialização dos estandes da Sudoexpo 2026 já começou — e a procura está crescendo.
Não deixe sua marca de fora da maior feira multissetorial do Sudoeste Goiano.";401;356;6;1;2;0;2;1;;9;000-Arquivos-originais/DADOS ACIRV - HD EXTERNO/Dados instagram - 100425 até 100426/logged_information/past_instagram_insights/posts.json;32e452c2d6101cea98aaccf47bb39ea37d0836bc;extraido_export_meta_sem_reconciliacao_com_totais_da_conta
8;2026-03-30T14:20:00-03:00;18048331829718928;"A Sudoexpo conecta setores que movem o Centro-Oeste.
Garanta sua presença no ambiente onde os negócios se encontram.";272;252;13;1;1;0;2;1;;15;000-Arquivos-originais/DADOS ACIRV - HD EXTERNO/Dados instagram - 100425 até 100426/logged_information/past_instagram_insights/posts.json;32e452c2d6101cea98aaccf47bb39ea37d0836bc;extraido_export_meta_sem_reconciliacao_com_totais_da_conta
9;2026-03-27T10:52:08-03:00;17861624382670397;"Rio Verde é um dos principais polos econômicos do Centro-Oeste.
A Sudoexpo é o reflexo dessa força produtiva, reunindo empresas, instituições e lideranças que movimentam a economia regional.";592;543;8;0;2;0;3;0;;10;000-Arquivos-originais/DADOS ACIRV - HD EXTERNO/Dados instagram - 100425 até 100426/logged_information/past_instagram_insights/posts.json;32e452c2d6101cea98aaccf47bb39ea37d0836bc;extraido_export_meta_sem_reconciliacao_com_totais_da_conta
10;2026-03-24T18:09:16-03:00;18020738408825944;"A construção de alianças estratégicas é o alicerce mais robusto para quem busca escala e sustentabilidade no mercado de Rio Verde, e em apenas 48 horas, o #CONECTA abrirá as portas para essa transformação. 

O empresário que é presente na #ACIRV compreende que o networking deixa de ser uma conversa informal para se tornar uma tática de expansão comercial, provando que o movimento #ConectarParaCrescer é a ferramenta necessária para se alcançar novas oportunidades de expansão. Este encontro é o ambiente ideal para repensar modelos de negócio e conduzir parcerias que geram resultados positivos e imediatos.

Aqui, ninguém cresce isolado. A gente cresce conectado.";507;439;9;0;1;0;4;0;;10;000-Arquivos-originais/DADOS ACIRV - HD EXTERNO/Dados instagram - 100425 até 100426/logged_information/past_instagram_insights/posts.json;32e452c2d6101cea98aaccf47bb39ea37d0836bc;extraido_export_meta_sem_reconciliacao_com_totais_da_conta
11;2026-03-24T14:20:00-03:00;18088069397192203;"A Sudoexpo 2026 é o ambiente ideal para:
✔ Lançamentos
✔ Demonstrações
✔ Prospecção
✔ Fortalecimento de marca
Garanta seu estande.";335;301;10;0;2;0;4;0;;12;000-Arquivos-originais/DADOS ACIRV - HD EXTERNO/Dados instagram - 100425 até 100426/logged_information/past_instagram_insights/posts.json;32e452c2d6101cea98aaccf47bb39ea37d0836bc;extraido_export_meta_sem_reconciliacao_com_totais_da_conta
12;2026-03-20T10:47:15-03:00;18074251484180086;"Liderança de alta performance exige a capacidade técnica de decifrar padrões humanos para alocar talentos com precisão e garantir uma equipe que gera impacto positivo. Você irá aprender na prática sobre perfis comportamentais e metodologia DISC na #ACIRV no dia 31/03, às 19h.

Ao dominar ferramentas de análise, o gestor deixa de atuar por intuição para conduzir sua equipe baseando-se em evidências e dados comportamentais. Esse conhecimento é oferecido a população de Rio Verde através de uma parceria do @sebrae com a #ACIRV, provando que #ConectarParaCrescer é o método fundamental para fomentar a economia de #RioVerde e para quem busca articular uma comunicação eficiente e construir um alicerce de produtividade sustentável. Nesta oficina, você desenvolve planos de ação imediatos para mitigar ruídos internos e maximizar o desempenho coletivo através de uma gestão madura.

As inscrições estão disponíveis pelo link na bio.

Aqui, ninguém cresce isolado. A gente cresce conectado.";507;385;12;1;10;1;10;0;9;24;000-Arquivos-originais/DADOS ACIRV - HD EXTERNO/Dados instagram - 100425 até 100426/logged_information/past_instagram_insights/posts.json;32e452c2d6101cea98aaccf47bb39ea37d0836bc;extraido_export_meta_sem_reconciliacao_com_totais_da_conta
13;2026-03-18T13:57:15-03:00;18334138318300241;"A Sudoexpo nasce de um propósito claro: impulsionar o desenvolvimento do Sudoeste Goiano por meio de conexões que geram resultados.
📍 Estacionamento do Teatro Lauro Martins
🗓 9 a 12 de setembro de 2026";449;395;14;1;2;0;2;0;;17;000-Arquivos-originais/DADOS ACIRV - HD EXTERNO/Dados instagram - 100425 até 100426/logged_information/past_instagram_insights/posts.json;32e452c2d6101cea98aaccf47bb39ea37d0836bc;extraido_export_meta_sem_reconciliacao_com_totais_da_conta
14;2026-03-18T10:29:48-03:00;17919814770276603;"Liderança produtiva exige um alicerce emocional robusto, capaz de sustentar decisões estratégicas sem o esgotamento da própria essência. No dia 26 de março, às 07h30, o Café entre Amigos Especial Mês da Mulher recebe @thallita.lopes para um diagnóstico preciso sobre como o autoconhecimento e o estabelecimento de limites saudáveis impactam diretamente a performance e a condução de negócios.

Este encontro no auditório da #ACIRV demonstra que #ConectarParaCrescer começa pela gestão eficiente da própria energia e pela clareza absoluta no posicionamento. Discutir como o autocuidado consolida relações de valor é fundamental para quem busca uma governança equilibrada e resultados no mercado atual, unindo o bem-estar pessoal à solidez profissional.

Inscreva-se pelo link na bio do nosso instagram.

Aqui, ninguém cresce isolado. A gente cresce conectado.";2212;1424;70;17;29;2;9;1;6;118;000-Arquivos-originais/DADOS ACIRV - HD EXTERNO/Dados instagram - 100425 até 100426/logged_information/past_instagram_insights/posts.json;32e452c2d6101cea98aaccf47bb39ea37d0836bc;extraido_export_meta_sem_reconciliacao_com_totais_da_conta
15;2026-03-13T17:33:14-03:00;17866381965504218;"O que leva um cumprimento casual virar um contrato assinado é a estrutura de um pitch de impacto, competência que o administrador e palestrante Urley Oliveira consolidou ao liderar ecossistemas de mais de 100 empresários em nossa região. 

Como sócio-franqueado da @Vox2you_RioVerde, Urley traz para a Mesa de Networking Conecta um método fundamentado em autoridade e influência para converter diálogos em resultados. Ao dominar a transição do contato ao contrato, o empreendedor assume a condução de suas negociações com clareza e intenção, validando que a estratégia de #ConectarParaCrescer é o alicerce para parcerias comerciais sólidas e duradouras. 

As vagas para esta edição já estão quase no fim, o link de inscrição para garantir sua cadeira está disponível na bio do nosso perfil.

Aqui, ninguém cresce isolado. A gente cresce conectado.";860;687;29;3;9;1;0;0;;42;000-Arquivos-originais/DADOS ACIRV - HD EXTERNO/Dados instagram - 100425 até 100426/logged_information/past_instagram_insights/posts.json;32e452c2d6101cea98aaccf47bb39ea37d0836bc;extraido_export_meta_sem_reconciliacao_com_totais_da_conta
16;2026-03-13T17:25:58-03:00;18089046539169888;"Termos ganhado espaço nas rádios locais para democratizar informações sobre o Conecta 5° ed. prova que o networking é o ativo mais valioso do ecossistema de Rio Verde. A presença da @rcadria , @_laradutra , @tiarleycastro e @edivan.soouza na Rádio Líder e na @RioVerdeFM reforça que o projeto Conecta é a ferramenta definitiva para quem busca consolidar parcerias que geram expansão comercial.

O Conecta 5° ed. é a prova que a prática de #ConectarParaCrescer funciona como o alicerce fundamental para o fortalecimento da economia de Rio Verde. Com as vagas chegando ao limite e a procura em ritmo acelerado, garantir sua participação através do link na bio da #ACIRV é a melhor decisão para o empresário que deseja conduzir o próprio crescimento com base em alianças lucrativas.

Aqui, ninguém cresce isolado. A gente cresce conectado.";919;811;8;0;3;0;0;0;;11;000-Arquivos-originais/DADOS ACIRV - HD EXTERNO/Dados instagram - 100425 até 100426/logged_information/past_instagram_insights/posts.json;32e452c2d6101cea98aaccf47bb39ea37d0836bc;extraido_export_meta_sem_reconciliacao_com_totais_da_conta
17;2026-03-12T17:19:57-03:00;17878479537530817;"A consolidação de um de negócio forte exige buscar estratégias precisas para criar alianças comerciais. Para mapear o volume de oportunidades da 5ª edição do Conecta, a especialista @rcadria e Edivan conduzirão um diagnóstico nos microfones da @rioverde.fm, nesta sexta-feira, às 7h30.

Detalhar o ""como funciona"" da mesa de networking do Conecta na rádio reforça que #ConectarParaCrescer é o método estrutural da #ACIRV para fortalecer o empreendedorimo local. Compreender essa dinâmica capacita o empreendedor a construir novas rotas de lucro e a repensar seu networking no mercado de Rio Verde.

Aqui, ninguém cresce isolado. A gente cresce conectado.";1203;1039;29;2;3;0;0;0;;34;000-Arquivos-originais/DADOS ACIRV - HD EXTERNO/Dados instagram - 100425 até 100426/logged_information/past_instagram_insights/posts.json;32e452c2d6101cea98aaccf47bb39ea37d0836bc;extraido_export_meta_sem_reconciliacao_com_totais_da_conta
18;2026-03-12T08:04:49-03:00;17985109148958154;"O alicerce de um ecossistema econômico robusto se constrói com a presença constante nos fóruns de decisão que moldam o mercado. A participação institucional da #ACIRV na Assembleia Geral do Sicoob Empresarial consolida uma aliança estratégica vital para a região. 

Quando a #ACIRV se posiciona ativamente ao lado do @Sicoobempresarialoficial, o propósito é viabilizar soluções financeiras concretas e fortalecer o crédito empresarial. Essa renovação de parceria demonstra como a diretriz de #ConectarParaCrescer opera como um método focado na expansão dos negócios locais, integrando a nossa sólida tradição associativista às ferramentas mais modernas de fomento e gestão. 

Aqui, ninguém cresce isolado. A gente cresce conectado.";685;619;33;1;2;0;0;0;;36;000-Arquivos-originais/DADOS ACIRV - HD EXTERNO/Dados instagram - 100425 até 100426/logged_information/past_instagram_insights/posts.json;32e452c2d6101cea98aaccf47bb39ea37d0836bc;extraido_export_meta_sem_reconciliacao_com_totais_da_conta
19;2026-03-10T17:48:43-03:00;18046288877720154;"A correria do dia a dia nos impede de perceber a falta de um fluxo de caixa estruturado, o que gera risco para o lucro da operação de um MEI. É este cenário que vamos estudar e corrigir na oficina gratuita Descomplica MEI, agendada para 17 de Março, na terça-feira, às 19h, em nossa sede. 

Durante a execução deste treinamento, você vai repensar a matemática do seu serviço, mensurar o lucro das suas vendas com previsibilidade e conduzir as informações da sua declaração anual com precisão técnica. 

A parceria do @sebraegoias com a #ACIRV, essa capacitação em gestão financeira com segurança e dados e o networking com os alunos #ACIRVLovers comprova que #ConectarParaCrescer é o método definitivo para garantir a consolidação das empresas que formam o ecossistema da #ACIRV.

Se inscreva pelo link na bio.

Aqui, ninguém cresce isolado. A gente cresce conectado.";627;530;8;0;4;0;3;0;4;12;000-Arquivos-originais/DADOS ACIRV - HD EXTERNO/Dados instagram - 100425 até 100426/logged_information/past_instagram_insights/posts.json;32e452c2d6101cea98aaccf47bb39ea37d0836bc;extraido_export_meta_sem_reconciliacao_com_totais_da_conta
20;2026-03-10T17:15:07-03:00;18410678491126096;"O alicerce de um networking de alto impacto começa com o entendimento claro das oportunidades presentes no ecossistema empresarial. Para mapear o potencial de negócios fechados da 5ª edição do Conecta, @_laradutra conduzirá uma análise profunda nos microfones da @lider95fm , nesta quarta-feira, às 7h30.

A @_laradutra estar presenta na Rádio para compartilhar essa mais informações sobre esta oportunidade reforça que #ConectarParaCrescer é o método estratégico adotado pela #ACIRV para garantir a consolidação e crescimento dos empreendedores de Rio Verde.

Aqui, ninguém cresce isolado. A gente cresce conectado.";648;593;20;0;2;0;2;0;;22;000-Arquivos-originais/DADOS ACIRV - HD EXTERNO/Dados instagram - 100425 até 100426/logged_information/past_instagram_insights/posts.json;32e452c2d6101cea98aaccf47bb39ea37d0836bc;extraido_export_meta_sem_reconciliacao_com_totais_da_conta
21;2026-03-10T10:25:00-03:00;18190453264359510;"Se em 2024 nossos números foram um sucesso, imagine em 2026!
Não perca a oportunidade de levar a sua empresa para outro nível, entre em contato e garanta seu espaço na Sudoexpo 2026. ÚLTIMAS VAGAS!
Sudoexpo 2026, aqui tudo vira negócio.";205;186;7;0;1;0;0;0;;8;000-Arquivos-originais/DADOS ACIRV - HD EXTERNO/Dados instagram - 100425 até 100426/logged_information/past_instagram_insights/posts.json;32e452c2d6101cea98aaccf47bb39ea37d0836bc;extraido_export_meta_sem_reconciliacao_com_totais_da_conta
22;2026-03-07T17:08:46-03:00;18058403624392047;"O montante de R$ 4 milhões movimentados entre 196 profissionais comprova que uma rede de contatos estruturada é o alicerce mais seguro para a expansão de mercado. 

Nossa próxima rodada de negociações ocorre no dia 26/03, às 19h, na sede da associação, as vagas estão abertas.

Integrar o ecossistema da #ACIRV significa construir alianças estratégicas e transformar diálogos corporativos em fechamentos com impacto financeiro positivo. O formato da nossa mesa une a credibilidade do networking clássico à metodologias ágil que maximiza o número de contatos. É neste cenário que #ConectarParaCrescer opera como um modelo prático de aceleração financeira para quem decide participar.

Aqui, ninguém cresce isolado. A gente cresce conectado.";386;346;6;0;0;0;0;0;;6;000-Arquivos-originais/DADOS ACIRV - HD EXTERNO/Dados instagram - 100425 até 100426/logged_information/past_instagram_insights/posts.json;32e452c2d6101cea98aaccf47bb39ea37d0836bc;extraido_export_meta_sem_reconciliacao_com_totais_da_conta
23;2026-03-06T09:57:10-03:00;18033843710782641;"A Sudoexpo 2026 nasce com um conceito claro:
✨ Inovação
🌱 Sustentabilidade
🤝 Geração de Negócios
Com novos espaços temáticos e experiências imersivas, a feira foi pensada para entregar valor real a expositores e visitantes.
O futuro passa por aqui.";249;226;9;0;1;0;4;0;;10;000-Arquivos-originais/DADOS ACIRV - HD EXTERNO/Dados instagram - 100425 até 100426/logged_information/past_instagram_insights/posts.json;32e452c2d6101cea98aaccf47bb39ea37d0836bc;extraido_export_meta_sem_reconciliacao_com_totais_da_conta
24;2026-03-02T13:05:00-03:00;18113348233654884;"“A Sudoexpo é mais do que uma feira: é um símbolo do potencial produtivo e inovador da nossa região.”
— José Carlos Cintra, presidente da ACIRV
Uma visão que conecta propósito, desenvolvimento e oportunidades para todo o Sudoeste Goiano.";371;335;18;0;1;1;10;1;;20;000-Arquivos-originais/DADOS ACIRV - HD EXTERNO/Dados instagram - 100425 até 100426/logged_information/past_instagram_insights/posts.json;32e452c2d6101cea98aaccf47bb39ea37d0836bc;extraido_export_meta_sem_reconciliacao_com_totais_da_conta
25;2026-02-27T12:20:45-03:00;18092938001068859;"As alianças comerciais mais sólidas nascem de conversas estruturadas para gerar conexão, e a primeira agenda para construir essas conexões em 2026 já está definida: o Conecta - Mesa de Networking, no dia 26 de março.

Este encontro é desenhado pela #ACIRV para ir além da troca de cartões: é o ambiente para mapear parcerias, validar soluções e construir pontes entre a experiência consolidada e as inovação dos iniciantes. A dinâmica da mesa de networking é a prova de que #ConectarParaCrescer não é um lema, é um método de execução. As inscrições estão abertas pelo link na bio.

Aqui, ninguém cresce isolado. A gente cresce conectado.";1939;1133;29;0;20;2;9;0;10;51;000-Arquivos-originais/DADOS ACIRV - HD EXTERNO/Dados instagram - 100425 até 100426/logged_information/past_instagram_insights/posts.json;32e452c2d6101cea98aaccf47bb39ea37d0836bc;extraido_export_meta_sem_reconciliacao_com_totais_da_conta
26;2026-02-25T10:41:14-03:00;17929553244207174;"Leve seu negócio para outro patamar, seja um expositor da maior feira multissetorial do Centro-Oeste.
SUDOEXPO - Aqui tudo vira negócio!";328;307;5;0;2;0;1;0;;7;000-Arquivos-originais/DADOS ACIRV - HD EXTERNO/Dados instagram - 100425 até 100426/logged_information/past_instagram_insights/posts.json;32e452c2d6101cea98aaccf47bb39ea37d0836bc;extraido_export_meta_sem_reconciliacao_com_totais_da_conta
27;2026-02-20T16:37:54-03:00;18130107307522348;"O crescimento de um ecossistema se mede pela qualidade das trocas. Quando líderes de diversos setores ocupam o mesmo espaço com intenção de #ConectarParaCrescer o mercado local cresce. Com o objetivo de acelerar esse crescimento, o #Conecta retorna dia 26 de março, às 19h.

Validar o lema #ConectarParaCrescer exige sair da teoria e partir para a prática comercial. A primeira edição do ano transforma o auditório da #ACIRV em um meio para criar novas conexões. É o momento de converter networking em contratos lucrativos e expandir sua influência para além do seu nicho habitual.

As vagas são restritas para manter a qualificação do grupo. Garanta sua cadeira pelo link na bio.

Aqui, ninguém cresce isolado. A gente cresce conectado";998;733;31;3;3;1;8;0;4;38;000-Arquivos-originais/DADOS ACIRV - HD EXTERNO/Dados instagram - 100425 até 100426/logged_information/past_instagram_insights/posts.json;32e452c2d6101cea98aaccf47bb39ea37d0836bc;extraido_export_meta_sem_reconciliacao_com_totais_da_conta
28;2026-02-18T10:52:15-03:00;17909687991165181;"A Reforma Tributária redefiniu as margens de lucro e quem não entender as novas regras agora, comprometerá o caixa amanhã. A complexidade do cenário exige análise técnica de elite, não suposições.

No dia 26 de fevereiro, às 07h30, o Café entre Amigos transforma o Auditório da ACIRV em um centro de inteligência fiscal.

A condução da Dra. Ivone Vieira Pereira que é Pós-Doutora e membro do CARF garante que o conteúdo vá muito além da teoria, entregando aplicabilidade imediata para a gestão.

O patrocínio da @seguralta reforça nosso compromisso de que #ConectarParaCrescer é método onde buscamos parceiros para garantir a contínua capacitação daqueles que estão conectados consoco.

Se inscreva pelo link na bio.

Aqui, ninguém cresce isolado. A gente cresce conectado.";2050;1610;55;2;23;0;11;2;6;80;000-Arquivos-originais/DADOS ACIRV - HD EXTERNO/Dados instagram - 100425 até 100426/logged_information/past_instagram_insights/posts.json;32e452c2d6101cea98aaccf47bb39ea37d0836bc;extraido_export_meta_sem_reconciliacao_com_totais_da_conta
29;2026-02-16T18:17:39-03:00;17911658976321221;"O valor de uma ideia reside na competência técnica de tirá-la do papel e validá-la no mercado.

A oficina ""In Book: Vai lá e Faz"", organizada pela #ACIRV em parceria com o @sebraegoias, entrega o roteiro prático para quem precisa converter planejamento abstrato em execução imediata. Dominar metodologias ágeis é o requisito básico para quem busca #ConectarParaCrescer com inteligência, aplicando o pensamento digital para resolver gargalos concretos da sua operação.

No dia 26/02, às 19h, o foco será transformar intenção em métrica e gestão.

Inscreva-se pelo link na bio.

Aqui, ninguém cresce isolado. A gente cresce conectado.";625;446;10;0;6;0;1;0;;16;000-Arquivos-originais/DADOS ACIRV - HD EXTERNO/Dados instagram - 100425 até 100426/logged_information/past_instagram_insights/posts.json;32e452c2d6101cea98aaccf47bb39ea37d0836bc;extraido_export_meta_sem_reconciliacao_com_totais_da_conta
30;2026-02-09T09:12:31-03:00;18094893517778975;"ACIRV EM AÇÃO: Energia para o desenvolvimento de Rio Verde. A diretoria da ACIRV, representada pelo nosso Vice-Presidente Gustavo Lacerda, esteve na sexta-feira, em Goiânia, na sede da Equatorial Goiás, para uma reunião decisiva sobre o fornecimento de energia em nossa região.

Sabemos que a dificuldade de conexão de novas empresas e usinas solares tem travado negócios. Por isso, fomos direto à fonte buscar soluções e transparência.

🔎 O que foi discutido: ✅ A situação crítica da transmissão de energia e os impactos no Sudoeste Goiano. ✅ A garantia de análise caso a caso para microgeração, evitando negativas automáticas. ✅ Cobrança por agilidade nas obras que atendem nossas indústrias e o agronegócio.

A ACIRV segue firme no seu papel de interlocução. Não aceitamos que a falta de infraestrutura impeça o crescimento dos nossos associados. Estamos alinhando uma frente única para cobrar a ANEEL e o Governo Federal pelos investimentos necessários.

#ACIRV #RioVerde #Energia #Empreendedorismo #Equatorial DefesaDoAssociado Desenvolvimento";573;561;16;0;1;0;1;0;;17;000-Arquivos-originais/DADOS ACIRV - HD EXTERNO/Dados instagram - 100425 até 100426/logged_information/past_instagram_insights/posts.json;32e452c2d6101cea98aaccf47bb39ea37d0836bc;extraido_export_meta_sem_reconciliacao_com_totais_da_conta
31;2026-02-04T18:11:17-03:00;17879804322463456;"O ambiente de trabalho muitas vezes é a única rede de apoio de um colaborador. Saber identificar sinais de violência doméstica ou desgaste mental é estratégia de retenção e responsabilidade humana.

O Seminário Multiplicadores de Sucesso traz especialistas como o @danilo_fabiano_carvalho e a Dra. Fernanda Simão para capacitar nossos líderes. A missão da #ACIRV é clara: transformar informação técnica em ferramentas de proteção.

Ao #ConectarParaCrescer com a @pcgo_8drp, fortalecemos o papel social das nossas empresas em Rio Verde.

Aqui, ninguém cresce isolado; a gente cresce protegido e conectado. Inscreva-se pelo link na bio.";989;803;8;0;4;0;2;1;1;12;000-Arquivos-originais/DADOS ACIRV - HD EXTERNO/Dados instagram - 100425 até 100426/logged_information/past_instagram_insights/posts.json;32e452c2d6101cea98aaccf47bb39ea37d0836bc;extraido_export_meta_sem_reconciliacao_com_totais_da_conta
32;2026-02-03T14:25:27-03:00;17999947124855636;"A saúde mental da equipe deixou de ser subjetiva e virou dado técnico no PGR. Ignorar os riscos psicossociais da nova NR-01 não gera apenas problemas de gestão, gera passivo jurídico.

Para eliminar a dúvida, a #ACIRV convoca a expertise do COT Ocupacional para um workshop técnico. Com a visão jurídica de @dennerclementeadv, a análise clínica de @kassyenerodrigues e a engenharia de @erikabarcelo2019, vamos desenhar o mapa da conformidade. É o momento de entender que #ConectarParaCrescer também significa blindar sua empresa contra riscos invisíveis.

No dia 12/02, transformaremos a norma fria em estratégia quente no Auditório da ACIRV.

Inscrições pelo link na bio!

Aqui, ninguém cresce isolado. A gente cresce conectado.";2213;1432;42;8;7;2;2;1;2;59;000-Arquivos-originais/DADOS ACIRV - HD EXTERNO/Dados instagram - 100425 até 100426/logged_information/past_instagram_insights/posts.json;32e452c2d6101cea98aaccf47bb39ea37d0836bc;extraido_export_meta_sem_reconciliacao_com_totais_da_conta
33;2026-01-29T17:49:28-03:00;17934218790158374;"Estamos colocando a venda esta mesa de 4,50x1,30m.

Essa mesa é ideal para quem entende que estrutura é uma ferramenta de produtividade para alinhar times em expansão. Ao adquirir este ativo de 4,50m, você leva para o seu escritório a solidez necessária para conduzir reuniões decisivas e cria o espaço propício para, literalmente, #ConectarParaCrescer com sua equipe, reforçando nossa visão de que ninguém cresce isolado, a gente cresce conectado.

Detalhes técnicos e investimento descritos na imagem.
Interessados, entrem em contato pelo número: (64) 3620-0199";606;511;7;0;1;0;1;0;;8;000-Arquivos-originais/DADOS ACIRV - HD EXTERNO/Dados instagram - 100425 até 100426/logged_information/past_instagram_insights/posts.json;32e452c2d6101cea98aaccf47bb39ea37d0836bc;extraido_export_meta_sem_reconciliacao_com_totais_da_conta
34;2026-01-23T13:06:31-03:00;17875056231393228;"Saber vender um produto é importante, mas é a comunicação capaz de narrar o propósito por trás dele que consolida marcas e sustenta negociações de alto nível no mercado atual. Com esse foco, a #ACIRV, em uma parceria estratégica com o #Sebrae, promove a Oficina de #Storytelling do conceito à prática. O encontro acontece no dia 27/01, unindo a tradição de quem conhece o mercado de Rio Verde à inovação das metodologias ágeis e do método TED Talks.

O formato é ""mão na massa"", desenvolvendo a capacidade de utilizar dados e estatísticas para gerar atenção e, principalmente, conversão. Acreditamos que o domínio dessa competência é o que diferencia quem apenas anuncia de quem de fato lidera.

Essa também é uma oportunidade de networking para quem entende que a boa comunicação é o que permite #ConectarParaCrescer com estratégia. Na ACIRV, fortalecemos esse ambiente de troca porque entendemos que ninguém cresce isolado; a gente cresce conectado.

As vagas são limitadas, garanta sua participação através do link disponível na bio do nosso perfil.";1183;756;10;0;3;2;2;0;;15;000-Arquivos-originais/DADOS ACIRV - HD EXTERNO/Dados instagram - 100425 até 100426/logged_information/past_instagram_insights/posts.json;32e452c2d6101cea98aaccf47bb39ea37d0836bc;extraido_export_meta_sem_reconciliacao_com_totais_da_conta
35;2026-01-16T14:51:29-03:00;18549181390007653;"Recebemos o André Santos, que é responsável pela organização do evento, para uma análise técnica dos resultados do #CorreMoporv. O relatório apresentado revela a capacidade de mobilização da nossa comunidade em torno da saúde e do bem-estar.

O apoio da #ACIRV e da #ACIRVmulher não é apenas institucional. É estratégico. Entendemos que iniciativas como essa funcionam como um termômetro da vitalidade de Rio Verde. Os números apresentados pelo André confirmam uma consolidação importante: o público responde quando a proposta une qualidade de vida e organização séria.

Aqui, ninguém cresce isolado. A gente cresce (e corre) em rede. Nós crescemos quando focamos em #ConectarParaCrescer.";2966;2792;48;1;0;0;3;0;;49;000-Arquivos-originais/DADOS ACIRV - HD EXTERNO/Dados instagram - 100425 até 100426/logged_information/past_instagram_insights/posts.json;32e452c2d6101cea98aaccf47bb39ea37d0836bc;extraido_export_meta_sem_reconciliacao_com_totais_da_conta
36;2026-01-12T10:29:02-03:00;18106992367735150;"Antigamente, a expressão “não dou cheque em branco” era lei nos negócios. Significava não colocar seu patrimônio em risco na mão de qualquer um.

Os tempos mudaram, mas o risco não.
Hoje, o Certificado Digital é o novo cheque em branco.

Com ele, é possível assinar contratos, realizar transações bancárias e acessar dados sigilosos da sua empresa. A pergunta continua a mesma: você vai entregar essa chave-mestra para ser feita em qualquer lugar?

Na ACIRV, sua segurança não é um detalhe. É prioridade.
Somos a entidade que representa e defende seus interesses há mais de 40 anos. Aqui, seu patrimônio digital é protegido com o rigor e a confiança que você já conhece.

Seja para emitir um novo Certificado ou para renovar o seu atual, a escolha inteligente é fazer isso em casa, na sua associação. Garanta o suporte de quem realmente faz parte do seu dia a dia.

Não entregue sua identidade digital para estranhos. Fale com nossa equipe e agende seu atendimento presencial ou online. Temos descontos exclusivos para associados.

Agende agora com a Naiara:
📲 (64) 99233-2708 (WhatsApp)
📞 (64) 3620-0199";830;651;10;0;2;0;1;0;;12;000-Arquivos-originais/DADOS ACIRV - HD EXTERNO/Dados instagram - 100425 até 100426/logged_information/past_instagram_insights/posts.json;32e452c2d6101cea98aaccf47bb39ea37d0836bc;extraido_export_meta_sem_reconciliacao_com_totais_da_conta
37;2026-01-06T13:51:22-03:00;18054789212672915;"Associação se faz com pessoas unidas pelo mesmo propósito. 🤝

Hoje, no #DiaDaGratidão, olhamos para a nossa base de associados com muito orgulho.
Obrigado a você, empresário e empresária de Rio Verde, que acredita na força do associativismo e que escolheu caminhar ao nosso lado em mais um ano.

É a sua participação que movimenta o comércio, a indústria e os serviços da nossa cidade.
É a sua confiança que nos dá legitimidade para representar e conquistar melhorias para todos.

Estamos juntos em 2026. E temos muito a realizar. 🚀💙";417;371;16;2;0;0;1;0;;18;000-Arquivos-originais/DADOS ACIRV - HD EXTERNO/Dados instagram - 100425 até 100426/logged_information/past_instagram_insights/posts.json;32e452c2d6101cea98aaccf47bb39ea37d0836bc;extraido_export_meta_sem_reconciliacao_com_totais_da_conta
38;2026-01-05T16:35:20-03:00;18105129202689098;"A gente sabe: a cabeça do empreendedor não para.
É boleto, é equipe, é cliente, é a meta de 2026...

Mas a liderança, muitas vezes, é solitária. E carregar tudo sozinho não é sinal de força, é risco de negócio.

Neste #JaneiroBranco, a ACIRV quer lembrar o óbvio que a gente esquece na rotina: você é o principal motor da sua empresa. Se o motor para, o negócio trava.

Coloque na sua planilha de metas:
✅ Tempo de qualidade fora da empresa.
✅ Momentos de desconexão.
✅ Pedir ajuda quando o peso for excessivo.

Cuidar da mente não é ""gasto de tempo"". É manutenção preventiva do seu maior ativo.

Sinta-se sempre bem vindo para vir na ACIRV tomar um café com a nossa equipe, aqui você será bem recebido. Estamos juntos nessa jornada. 💙";439;409;11;0;3;0;1;0;;14;000-Arquivos-originais/DADOS ACIRV - HD EXTERNO/Dados instagram - 100425 até 100426/logged_information/past_instagram_insights/posts.json;32e452c2d6101cea98aaccf47bb39ea37d0836bc;extraido_export_meta_sem_reconciliacao_com_totais_da_conta
39;2025-12-31T20:36:38-03:00;17917668183093165;"Um novo ciclo começa hoje. ✨
2026 chega com a promessa de novos desafios, mas também de grandes oportunidades para quem empreende em Rio Verde.

Na ACIRV, a tradição de mais de 40 anos se une à energia da inovação e renovação. Que este seja um ano de movimento, de realizações e, acima de tudo, de resultados!

Estamos prontos. E você?
Feliz 2026! 💙🚀 

#Acirv2026 #RioVerde #Empreendedorismo #AnoNovo";225;209;11;0;0;0;3;0;;11;000-Arquivos-originais/DADOS ACIRV - HD EXTERNO/Dados instagram - 100425 até 100426/logged_information/past_instagram_insights/posts.json;32e452c2d6101cea98aaccf47bb39ea37d0836bc;extraido_export_meta_sem_reconciliacao_com_totais_da_conta
40;2025-12-25T07:00:46-03:00;18075381668254358;"O ano termina do jeito que a gente acredita: com pessoas, valores e propósito.

União, parceria, trabalho e confiança seguem sendo a base de tudo o que construímos juntos. É assim que a ACIRV cresce, se fortalece e faz sentido para quem empreende em Rio Verde.

Que o Natal traga pausa, afeto e renovação.
E que o próximo ano venha com mais cooperação, crescimento e desenvolvimento compartilhado.

Feliz Natal!

#ACIRV #ComunidadeQueConstrói #EmpreenderEmRioVerde #Associativismo";152;146;6;0;0;0;0;0;;6;000-Arquivos-originais/DADOS ACIRV - HD EXTERNO/Dados instagram - 100425 até 100426/logged_information/past_instagram_insights/posts.json;32e452c2d6101cea98aaccf47bb39ea37d0836bc;extraido_export_meta_sem_reconciliacao_com_totais_da_conta
41;2025-12-22T17:20:35-03:00;18399623266130855;"Rio Verde é a 2ª maior economia de Goiás

E isso tem nome: setor produtivo

Com um PIB de R$ 22,3 bilhões, segundo dados do IBGE, Rio Verde se consolida como a maior economia do interior do Centro-Oeste.

Esse resultado é fruto da força de quem empreende, investe e gera empregos, somada à atuação do poder público na construção de um ambiente favorável ao desenvolvimento.

A ACIRV parabeniza os empresários e o Poder Executivo, que, juntos, contribuem para o crescimento econômico do município e para conquistas expressivas como esta.

Fonte: IBGE – PIB dos Municípios";455;419;11;0;2;0;3;0;;13;000-Arquivos-originais/DADOS ACIRV - HD EXTERNO/Dados instagram - 100425 até 100426/logged_information/past_instagram_insights/posts.json;32e452c2d6101cea98aaccf47bb39ea37d0836bc;extraido_export_meta_sem_reconciliacao_com_totais_da_conta
42;2025-12-16T19:17:12-03:00;18081311537515326;"ACIRV na 96 FM 🎙️

O vice-presidente da ACIRV, @raphael_valongo, participou do programa da 96 FM, onde apresentou um balanço das principais ações desenvolvidas pela entidade ao longo do último semestre e também trouxe atualizações sobre os números e as projeções da Sudoexpo 2026.

Durante a entrevista, Raphael destacou o trabalho institucional da ACIRV, o fortalecimento do associativismo, a atuação em defesa do setor produtivo e o posicionamento da entidade como voz ativa dos empresários de Rio Verde e região, além de compartilhar dados que reforçam a importância econômica e social da Sudoexpo para o município.

A participação reforça o compromisso da ACIRV com a transparência, a comunicação e o diálogo direto com a sociedade.

#ACIRVe96FM #associe #rioverde #sudoexpo2026";35102;20017;114;0;0;1;0;15;;115;000-Arquivos-originais/DADOS ACIRV - HD EXTERNO/Dados instagram - 100425 até 100426/logged_information/past_instagram_insights/posts.json;32e452c2d6101cea98aaccf47bb39ea37d0836bc;extraido_export_meta_sem_reconciliacao_com_totais_da_conta
43;2025-12-15T16:35:09-03:00;17920432179070572;"Nesta manhã de segunda-feira, o presidente da ACIRV, José Carlos Cintra, acompanhado do vice-presidente Gustavo Lacerda, esteve no Sindicato Rural de Rio Verde para uma reunião de alinhamento entre as entidades.

O encontro reforça o diálogo institucional e a união de esforços em pautas estratégicas para o fortalecimento do setor produtivo e o desenvolvimento de Rio Verde. 

@everaldo_agrocerradao
@srrioverde

#representatividade #acirv #rioverde";4601;4349;90;4;2;0;4;0;;96;000-Arquivos-originais/DADOS ACIRV - HD EXTERNO/Dados instagram - 100425 até 100426/logged_information/past_instagram_insights/posts.json;32e452c2d6101cea98aaccf47bb39ea37d0836bc;extraido_export_meta_sem_reconciliacao_com_totais_da_conta
44;2025-12-12T19:59:12-03:00;18033646022738002;"Evento adiado por segurança

Em razão da previsão de temporal, com possibilidade de chuva forte, o evento foi adiado para garantir a segurança dos participantes e uma melhor experiência para todos. A nova data está confirmada para domingo, 21 de dezembro, às 13h, no Ginásio do Bairro Promissão. A ação é uma iniciativa do Projeto Sorriso em parceria com a ACIRV.

#ACIRVapoia #rioverde #SorrisoVerdadeiro";483;422;4;0;0;0;4;0;;4;000-Arquivos-originais/DADOS ACIRV - HD EXTERNO/Dados instagram - 100425 até 100426/logged_information/past_instagram_insights/posts.json;32e452c2d6101cea98aaccf47bb39ea37d0836bc;extraido_export_meta_sem_reconciliacao_com_totais_da_conta
45;2025-12-11T10:22:55-03:00;17875418940452528;"Agradecemos a presença de todos!
A última reunião ordinária da Diretoria Executiva da ACIRV foi concluída com êxito, reunindo representantes que contribuíram de forma significativa para o fortalecimento das decisões da entidade.

O encontro marcou o encerramento das atividades diretivas do ano e reforçou o compromisso da Associação de Comércios e Indústrias de Rio Verde em manter uma gestão transparente, participativa e alinhada às demandas do setor produtivo.

Ao longo da reunião, cada membro apresentou colaborações relevantes, enriquecendo os debates e auxiliando na construção de estratégias que irão orientar as ações da ACIRV no próximo ciclo. A participação ativa da diretoria reafirma o papel da entidade como ponte entre as necessidades do empresariado e o desenvolvimento sustentável de Rio Verde.

Um agradecimento especial a @adega.salgados pelos deliciosos panetones 😋

@aplausoaudiovisual 
@pedropaullo 
@gustavo.lacerda.hoxter 
@keniasleite 
@rcadria 
@trrpetrorio 
@marceloxvxv 
@domgabrielrv 
@edneyarakaki 
@arturpagnoncelli 
@wenyaalecrim 
@janainemarquez 
@gabrielmoraes.tributario 
@suelyturra 
@raphael_valongo 
@_rodrigo_s_s_ 

#ACIRVreuniao #rioverde #associe";814;789;23;2;4;0;2;0;;29;000-Arquivos-originais/DADOS ACIRV - HD EXTERNO/Dados instagram - 100425 até 100426/logged_information/past_instagram_insights/posts.json;32e452c2d6101cea98aaccf47bb39ea37d0836bc;extraido_export_meta_sem_reconciliacao_com_totais_da_conta
46;2025-12-05T16:56:28-03:00;18074405039209828;"Qual o ROI (Retorno sobre investimento) de um sorriso?

Falamos diariamente sobre margens, KPIs e crescimento. Mas existe um ativo intangível que nenhuma planilha calcula, mas que define o caráter de uma comunidade de negócios: a solidariedade.

Para a ACIRV, o investimento no bem-estar da nossa comunidade é um dos ativos mais valiosos. Convido você, empresário e associado, a transformar o sucesso da sua empresa em impacto social na nossa comunidade. Mobilize sua equipe, crie uma cultura de doação e participe desta corrente.

Como sua empresa pode gerar esse ROI social? 
🧸 Doando brinquedos (novos ou em bom estado) na sede da ACIRV. 
📲 Ou contribuindo via Pix para a compra de presentes: centrocomunitarioafrica@gmail.com
⚠️ Importante: Ao fazer o Pix, envie o comprovante para o WhatsApp da ACIRV (64) 3620-0199 para nosso controle de transparência.

📅 Prazo: Até 12/12. 
📍 Ação Social: 14/12 no Bairro Promissão.

Vamos mostrar a força do empresariado de Rio Verde.";279;243;6;0;0;0;1;0;;6;000-Arquivos-originais/DADOS ACIRV - HD EXTERNO/Dados instagram - 100425 até 100426/logged_information/past_instagram_insights/posts.json;32e452c2d6101cea98aaccf47bb39ea37d0836bc;extraido_export_meta_sem_reconciliacao_com_totais_da_conta
47;2025-12-05T06:00:16-03:00;18093260005907528;"Estamos na reta final! Você tem até o dia 12/12 para transformar sua doação em um sorriso verdadeiro. Sua contribuição fará o Natal de uma criança brilhar mais forte. Não deixe para depois!

🧸 Doe brinquedos (novos ou em bom estado) na sede da ACIRV. 
📲 Ou contribua via Pix para a compra de presentes: centrocomunitarioafrica@gmail.com
⚠️ Importante: Ao fazer o Pix, envie o comprovante para o WhatsApp da ACIRV (64) 3620-0199 para nosso controle de transparência.

📅 Prazo: Até 12/12.
📍 Ação Social: 14/12 no Bairro Promissão.

#acirv #SorrisoVerdadeiro #doesorrisos";330;292;6;0;1;0;2;0;;7;000-Arquivos-originais/DADOS ACIRV - HD EXTERNO/Dados instagram - 100425 até 100426/logged_information/past_instagram_insights/posts.json;32e452c2d6101cea98aaccf47bb39ea37d0836bc;extraido_export_meta_sem_reconciliacao_com_totais_da_conta
48;2025-12-04T14:31:06-03:00;17887582128401909;"Imagine isso: você entra em uma sala e, em vez daquela tensão fria de ""tenho que vender meu peixe"", você sente o cheiro de café fresco e vê sorrisos abertos. ☕✨

Isso é a ACIRV.

Muitos acham que fazer networking é trocar cartões de visita com pressa. Nós acreditamos que é sobre trocar histórias e criar confiança. É aquele momento de ""Sincronia"" onde você percebe: “Ei, essa pessoa tem a solução que eu precisava!”

Aqui na ACIRV, transformamos a burocracia em conexão. Seja no Café entre Amigos, nas rodadas do Conecta ACIRV ou nos corredores da SUDOEXPO, o ambiente é desenhado para que você se sinta em casa enquanto sua empresa cresce.

🚀 Quer fazer parte de um grupo que impulsiona o seu sucesso com leveza?

Toque no link da bio, venha tomar um café com a gente e sinta a diferença na pele. A ACIRV tem história, e queremos você no próximo capítulo dela.

#AAcirvTemHistória #NetworkingDeVerdade #RioVerde #Empreendedorismo #ConexãoReal #ACIRV";336;263;13;0;0;0;2;0;;13;000-Arquivos-originais/DADOS ACIRV - HD EXTERNO/Dados instagram - 100425 até 100426/logged_information/past_instagram_insights/posts.json;32e452c2d6101cea98aaccf47bb39ea37d0836bc;extraido_export_meta_sem_reconciliacao_com_totais_da_conta
49;2025-12-02T09:32:02-03:00;18296224429275967;"Reunião de trabalho com o vice presidente da CAM/ACIRV e demais advogados para falar sobre ações e demandas da Câmara de Arbitragem e Mediação para 2026.

#acirv #rioverde #camacirv";711;690;34;0;0;1;4;0;;35;000-Arquivos-originais/DADOS ACIRV - HD EXTERNO/Dados instagram - 100425 até 100426/logged_information/past_instagram_insights/posts.json;32e452c2d6101cea98aaccf47bb39ea37d0836bc;extraido_export_meta_sem_reconciliacao_com_totais_da_conta
50;2025-11-21T15:11:19-03:00;18086577670789069;"O custo invisível da desatenção. 📉

Você sabia que a falta de foco pode estar drenando o lucro da sua empresa silenciosamente? Um erro operacional, uma falha de comunicação, um detalhe perdido... tudo isso tem um preço.

No dia 27 de novembro, vamos receber um especialista que une a Antropologia à Neurociência para te ensinar a blindar sua mente e seus negócios.

Venha aprender sobre Gestão da Atenção e pare de deixar dinheiro na mesa.

☕ Evento: Café entre Amigos
📅 Data e hora: 27/11 às 07h30
🤝 Patrocínio: Pax Rio Verde

Inscreva-se pelo link na bio!

#ACIRV #CaféEntreAmigos #Gestão #Liderança #Produtividade #NegóciosRioVerde";1932;1472;38;3;10;2;6;0;5;53;000-Arquivos-originais/DADOS ACIRV - HD EXTERNO/Dados instagram - 100425 até 100426/logged_information/past_instagram_insights/posts.json;32e452c2d6101cea98aaccf47bb39ea37d0836bc;extraido_export_meta_sem_reconciliacao_com_totais_da_conta
51;2025-11-11T14:49:14-03:00;17930282565134599;"Nesta terça-feira (11/11), a ACIRV teve a satisfação de receber os novos associados para um café com o presidente.

#acirv #associe-se";799;724;38;1;2;0;7;0;;41;000-Arquivos-originais/DADOS ACIRV - HD EXTERNO/Dados instagram - 100425 até 100426/logged_information/past_instagram_insights/posts.json;32e452c2d6101cea98aaccf47bb39ea37d0836bc;extraido_export_meta_sem_reconciliacao_com_totais_da_conta
52;2025-11-11T12:19:19-03:00;18086092546811816;"A ACIRV teve a honra de receber nesta terça-feira (11/11) a presença dos ex presidentes Rubens Leão e Ivo Marques Júnior.

#acirv";654;595;37;0;0;0;6;0;;37;000-Arquivos-originais/DADOS ACIRV - HD EXTERNO/Dados instagram - 100425 até 100426/logged_information/past_instagram_insights/posts.json;32e452c2d6101cea98aaccf47bb39ea37d0836bc;extraido_export_meta_sem_reconciliacao_com_totais_da_conta
53;2025-11-11T07:40:43-03:00;18114549877497352;"Em um movimento que demonstra força e coesão, empresários, produtores e integradores do setor de energia fotovoltaica reuniram-se na ACIRV nesta segunda-feira (10/11). O objetivo central: debater e traçar estratégias para solucionar os entraves sistêmicos que vêm impactando a aprovação de novos projetos na região, gerando um clima de insegurança jurídica e freando o desenvolvimento econômico.

O ponto de convergência entre os participantes foi a crescente dificuldade imposta pela concessionária de energia, marcada pela falta de clareza nos processos e por barreiras que ameaçam a viabilidade de dezenas de empreendimentos. A situação atual não afeta apenas os empresários, mas toda a cadeia produtiva, incluindo empregos, investimentos e a transição para uma matriz energética mais limpa.

Mais do que um diagnóstico de problemas, o encontro marcou o início de uma agenda de trabalho conjunta. Com a presença de representantes do PROCON, da Câmara de Vereadores, do executivo municipal e da esfera federal, ficou clara a mensagem de que o setor está organizado e buscará, de forma coordenada, o diálogo e as vias institucionais para garantir o cumprimento das normas e a previsibilidade necessária para se investir.

Este foi um passo decisivo. A união de vozes de hoje é o alicerce para a construção de um ambiente de negócios mais justo e transparente para todos.

#acirv #rioverde #energiafotovoltaica";451;407;21;0;0;0;1;0;;21;000-Arquivos-originais/DADOS ACIRV - HD EXTERNO/Dados instagram - 100425 até 100426/logged_information/past_instagram_insights/posts.json;32e452c2d6101cea98aaccf47bb39ea37d0836bc;extraido_export_meta_sem_reconciliacao_com_totais_da_conta
54;2025-11-06T17:35:16-03:00;18189247138327887;"O 1º Treinamento Integrado do PAMRV - ocorrido nesta quinta-feira (06) - reforça o compromisso conjunto entre o Corpo de Bombeiros Militar do Estado de Goiás (CBMGO) e as empresas participantes em prol da segurança de todos.

Com a presença de profissionais da área de Segurança do Trabalho, o treinamento técnico proporcionou troca de experiências e aprimoramento das práticas de resposta a emergências.

A ACIRV tem orgulho de apoiar e acompanhar esta iniciativa desde o seu início, reconhecendo que a integração entre o poder público e a iniciativa privada é essencial para fortalecer a capacidade de prevenção e atuação do nosso município.

#ACIRVapoia #ACIRVePAMRV #EmergênciasEIncêndios #RioVerde";206;191;7;0;0;0;0;0;;7;000-Arquivos-originais/DADOS ACIRV - HD EXTERNO/Dados instagram - 100425 até 100426/logged_information/past_instagram_insights/posts.json;32e452c2d6101cea98aaccf47bb39ea37d0836bc;extraido_export_meta_sem_reconciliacao_com_totais_da_conta
55;2025-11-06T15:43:27-03:00;18029058449544150;"8 mil vozes, ideias e negócios conectados por um mesmo propósito: fortalecer quem empreende! 

Nosso MUITO OBRIGADO a cada um por fazer parte dessa história que estamos construindo 💙

#SomosACIRV #EmpreenderTransforma";225;205;9;0;1;0;6;0;1;10;000-Arquivos-originais/DADOS ACIRV - HD EXTERNO/Dados instagram - 100425 até 100426/logged_information/past_instagram_insights/posts.json;32e452c2d6101cea98aaccf47bb39ea37d0836bc;extraido_export_meta_sem_reconciliacao_com_totais_da_conta
56;2025-11-05T07:40:53-03:00;17962748763004216;"Faltam poucas horas para aproveitar o valor atual!

O 1º Fórum de IA da ACIRV está chegando e o lote muda HOJE!

Quer estar por dentro das inovações que estão transformando o mercado? Então já garanta seu ingresso com preço especial!

O evento será: 

📅 12 de novembro
🕢 7h30 às 18h
📍 Na ACIRV (rua Dona Maricota, 199 - Setor Marconal)

🎟️ O preço do ingresso muda hoje para associados e não associados.

Vale reforçar que o evento é 100% presencial. Clique aqui, acompanhe a programação completa e adquira seu ingresso: https://shre.ink/primeiroforumdeiadaacirv.

#ACIRVeventos #FórumDeIAdaACIRV #InteligênciaArtificial #RioVerde";414;348;12;0;1;0;1;0;;13;000-Arquivos-originais/DADOS ACIRV - HD EXTERNO/Dados instagram - 100425 até 100426/logged_information/past_instagram_insights/posts.json;32e452c2d6101cea98aaccf47bb39ea37d0836bc;extraido_export_meta_sem_reconciliacao_com_totais_da_conta
57;2025-11-04T10:00:04-03:00;18063011090426308;"📢 Uma conexão que transforma!

A ACIRV, por meio do Núcleo Setorial da Saúde, convida você para um evento feito para gerar networking, parceria e crescimento entre profissionais da Saúde.

🩺 Conecta Saúde

📅 04 de dezembro 
🕕 18h30
📍 ACIRV (rua Dona Maricota, 199 - Setor Marconal)

🔒 Exclusivo para profissionais e negócios do setor da Saúde.

💬 Inscreva-se pelos canais oficiais da ACIRV.

#ACIRVeventos #ConectaSaúde #SetorDaSaúde #RioVerde";940;769;24;0;7;0;1;1;1;31;000-Arquivos-originais/DADOS ACIRV - HD EXTERNO/Dados instagram - 100425 até 100426/logged_information/past_instagram_insights/posts.json;32e452c2d6101cea98aaccf47bb39ea37d0836bc;extraido_export_meta_sem_reconciliacao_com_totais_da_conta
58;2025-11-03T16:27:25-03:00;18089310905478739;"Já pensou em transformar cada interação com seu cliente em uma oportunidade de sucesso?

A ACIRV - em parceria com o SEBRAE - traz para você a oficina “In Book - Sucesso do Cliente”, um encontro prático para quem quer criar conexões mais fortes e duradouras com o público.

Aprenda a aplicar o mindset de Customer Success para fidelizar, gerar valor e conquistar melhores resultados.

📅 04 de novembro
🕖 19h
📍 ACIRV (rua Dona Maricota, 199 - Jardim Marconal)

Vamos juntos aprender a:
✅ Ser mais proativo no atendimento;
✅ Construir relações genuínas;
✅ Enxergar o processo de vendas de forma completa.

Vale reforçar que as inscrições são gratuitas, mas as vagas são limitadas. Faça sua inscrição pelo link: https://shre.ink/oficinasebraesucessodocliente.";451;305;4;0;1;1;1;2;1;6;000-Arquivos-originais/DADOS ACIRV - HD EXTERNO/Dados instagram - 100425 até 100426/logged_information/past_instagram_insights/posts.json;32e452c2d6101cea98aaccf47bb39ea37d0836bc;extraido_export_meta_sem_reconciliacao_com_totais_da_conta
59;2025-11-03T12:21:41-03:00;18057819101257411;"O Fórum que vai conectar Inteligência Artificial e negócios está chegando!

Mas atenção: o lote muda em 2 dias - e os ingressos estão voando!

Garanta já sua vaga no 1º Fórum de IA da ACIRV.

🗓️ 12 de novembro
🕖 7h30 às 18h 
📍ACIRV (rua Dona Maricota, 199 - Setor Marconal) 

Veja a programação e garanta seu ingresso pelo link:  https://shre.ink/primeiroforumdeiadaacirv.";391;335;10;0;3;0;1;0;1;13;000-Arquivos-originais/DADOS ACIRV - HD EXTERNO/Dados instagram - 100425 até 100426/logged_information/past_instagram_insights/posts.json;32e452c2d6101cea98aaccf47bb39ea37d0836bc;extraido_export_meta_sem_reconciliacao_com_totais_da_conta
60;2025-11-01T09:30:49-03:00;18005578574816850;"Novembro Azul é um lembrete importante: cuidar da saúde também é um ato de coragem.

Segundo a Sociedade Brasileira de Urologia (SBU), quando o câncer de próstata é detectado precocemente, as chances de cura podem chegar a 98%.

Mesmo assim, o Instituto Nacional de Câncer (Inca) estima que mais de 71 mil novos casos surjam no Brasil apenas este ano. Em 2023, a doença foi responsável por 17.093 mortes, uma média de 47 vidas perdidas por dia.

A ACIRV apoia a campanha Novembro Azul, reforçando a importância da prevenção e do diagnóstico precoce. Cuidar da saúde é o melhor investimento que o homem pode fazer em si mesmo! 💙

ACIRVapoia #NovembroAzul #SaúdeDoHomem #PrevençãoÉACura #RioVerde";257;238;7;2;1;0;0;0;;10;000-Arquivos-originais/DADOS ACIRV - HD EXTERNO/Dados instagram - 100425 até 100426/logged_information/past_instagram_insights/posts.json;32e452c2d6101cea98aaccf47bb39ea37d0836bc;extraido_export_meta_sem_reconciliacao_com_totais_da_conta
61;2025-10-29T17:05:10-03:00;18089305405931075;"Tem novidade chegando na ACIRV! 

É com alegria que damos boas-vindas à nova associada Andréa Tartuce Advocacia (@andreatartuceadv).
Com experiência nas áreas de Direito Tributário, Sucessório, Contratual e Planejamento Patrimonial, o escritório se destaca por oferecer soluções jurídicas completas e personalizadas.

Seja muito bem-vinda, Andréa! Que essa parceria traga ainda mais conexões e crescimento para todos nós.

#ACIRVassociados #ACIRVeAndréaTartuceAdvocacia #Direito #RioVerde";785;671;45;6;2;0;4;0;;53;000-Arquivos-originais/DADOS ACIRV - HD EXTERNO/Dados instagram - 100425 até 100426/logged_information/past_instagram_insights/posts.json;32e452c2d6101cea98aaccf47bb39ea37d0836bc;extraido_export_meta_sem_reconciliacao_com_totais_da_conta
62;2025-10-24T18:40:52-03:00;18063201704574046;"Hoje foi dia de celebrar conquistas! 

O presidente da ACIRV José Carlos Cintra esteve com a equipe do Grupo Futura, empresa associada que acaba de completar 10 anos de muito trabalho e crescimento.

Momentos como esse devem ser registrados. Diante disso, a associação segue incentivando o desenvolvimento e o fortalecimento das empresas rioverdenses.

#ACIRVassociados #ACIRVeGrupoFutura #10AnosGrupoFutura #RioVerde";2640;2304;78;8;2;1;1;2;;89;000-Arquivos-originais/DADOS ACIRV - HD EXTERNO/Dados instagram - 100425 até 100426/logged_information/past_instagram_insights/posts.json;32e452c2d6101cea98aaccf47bb39ea37d0836bc;extraido_export_meta_sem_reconciliacao_com_totais_da_conta
63;2025-10-24T18:20:24-03:00;17863885833498592;"A ACIRV parabeniza o Grupo Futura pelos seus 10 anos de trajetória!

Uma década construída com transparência, credibilidade e dedicação, sempre buscando oferecer o melhor aos clientes e parceiros.

Que esta caminhada de sucesso e crescimento continue inspirando o empreendedorismo em nossa região.

#ACIRVhomenageia #ACIRVassociados #ACIRVeGrupoFutura #RioVerde";1492;1193;28;10;36;0;0;0;;74;000-Arquivos-originais/DADOS ACIRV - HD EXTERNO/Dados instagram - 100425 até 100426/logged_information/past_instagram_insights/posts.json;32e452c2d6101cea98aaccf47bb39ea37d0836bc;extraido_export_meta_sem_reconciliacao_com_totais_da_conta
64;2025-10-24T17:35:19-03:00;17926986462116362;"A ACIRV tem mais uma parceira que chegou para gerar economia e sustentabilidade!

Seja bem-vinda, Poupp Energia (@poupp.oficial): a nossa mais nova especialista em reduzir os custos de energia elétrica de empresas e residências.

Ela traz soluções inteligentes que podem ajudar a diminuir até 30% da sua fatura de luz, sem complicação. 

Mais economia, mais eficiência, mais energia para investir no que importa!

#ACIRVassociados #ACIRVePouppEnergia #EnergiaInteligente #RioVerde";435;400;10;0;0;0;3;0;;10;000-Arquivos-originais/DADOS ACIRV - HD EXTERNO/Dados instagram - 100425 até 100426/logged_information/past_instagram_insights/posts.json;32e452c2d6101cea98aaccf47bb39ea37d0836bc;extraido_export_meta_sem_reconciliacao_com_totais_da_conta
65;2025-10-24T17:05:54-03:00;18077435333130157;"A ACIRV foi representada pelo vice-presidente de Comércio, Gustavo Lacerda - engenheiro eletricista e empresário do Setor Elétrico - no Workshop da Equatorial Goiás, realizado nesta semana, na sede da concessionária, em Goiânia. O encontro reuniu grandes consumidores do Grupo A, além de autoridades e representantes do Setor Elétrico Goiano, para discutir o tema “Otimização dos Custos da Fatura de Alta Tensão”.

A presença da ACIRV reforça o compromisso da entidade em acompanhar e contribuir com debates que influenciam diretamente a competitividade e a eficiência das empresas da região, especialmente aquelas com elevado consumo de energia. Estar presente nesses espaços é essencial para que a associação siga atuando em prol da redução de custos e da gestão inteligente dos recursos energéticos, fortalecendo o ambiente de negócios local.

Parabenizamos a Equatorial Goiás pela iniciativa e agradecemos pelo convite e pela oportunidade de participar desse importante diálogo!

#ACIRVreuniões #ACIRVeEquatorialGoiás #SetorElétrico #Goiás #RioVerde";648;609;16;2;0;0;2;0;;18;000-Arquivos-originais/DADOS ACIRV - HD EXTERNO/Dados instagram - 100425 até 100426/logged_information/past_instagram_insights/posts.json;32e452c2d6101cea98aaccf47bb39ea37d0836bc;extraido_export_meta_sem_reconciliacao_com_totais_da_conta
66;2025-10-22T18:05:54-03:00;18141850384439708;"Temos novidade boa por aqui!

Trata-se da Frutbras Pescados (@frutbras), uma empresa que une variedade, qualidade e praticidade em um só lugar: peixes frescos, polpas de frutas e uma linha completa de produtos orientais pra dar aquele toque especial às suas receitas.

Uma peixaria e empório que tem tudo para facilitar o seu dia a dia com muito sabor.

Seja bem-vinda, equipe Frutbras Pescados, à família ACIRV!

#ACIRVassociados #ACIRVeFrutbrasPescados #PeixariaeEmpório #RioVerde";522;498;21;1;0;0;6;0;;22;000-Arquivos-originais/DADOS ACIRV - HD EXTERNO/Dados instagram - 100425 até 100426/logged_information/past_instagram_insights/posts.json;32e452c2d6101cea98aaccf47bb39ea37d0836bc;extraido_export_meta_sem_reconciliacao_com_totais_da_conta
67;2025-10-22T17:05:18-03:00;18094716907835416;"Vem aí o Happy Hour dos Associados ACIRV!

Um encontro com música ao vivo, clima descontraído e a chance de fortalecer seu networking com outros(as) empresários(as) da região.

👥 Cada empresa pode levar até 2 participantes;
✅ Evento exclusivo para associados em dia com a ACIRV;
📞 Confirmação obrigatória: (64) 3620-0199;
⚠️ Vagas limitadas!

Participe e aproveite esse momento de troca e conexão!

#ACIRVeventos #HappyHourDosAssociados #DescontraçãoeNetworking #RioVerde";2417;1882;36;0;15;2;0;0;;53;000-Arquivos-originais/DADOS ACIRV - HD EXTERNO/Dados instagram - 100425 até 100426/logged_information/past_instagram_insights/posts.json;32e452c2d6101cea98aaccf47bb39ea37d0836bc;extraido_export_meta_sem_reconciliacao_com_totais_da_conta
68;2025-10-22T10:39:46-03:00;17930701746105727;"AÇÃO SOLIDÁRIA! Há 16 anos, o Projeto Sorriso Verdadeiro leva alegria, solidariedade e esperança a centenas de famílias em Rio Verde. Com ações que unem cidadania, saúde, lazer e amor, o projeto transforma bairros inteiros com tardes de cuidado e sorrisos sinceros. 💙

Neste ano, a ACIRV se junta à causa e se torna ponto oficial de coleta de brinquedos para a grande ação social de fim de ano, que acontecerá no dia 14 de dezembro, na Praça do Bairro Promissão.

Você pode participar doando brinquedos novos ou em bom estado até o dia 12/12, diretamente na sede da ACIRV.
Ou contribuir para a compra de brinquedos via pix: centrocomunitarioafrica@gmail.com. 

PS: O comprovante pix deve ser enviado para o WhatsApp da ACIRV (64)3620.0199 para controle. 

Vamos juntos transformar generosidade em alegria e fazer o Natal brilhar ainda mais forte em Rio Verde.

Não é apenas doação de brinquedos. 
Doe sorrisos. Doe esperança.
PARTICIPE! 🤍🧚🏼‍♀️👩🏿‍🤝‍👨🏾🦄🐞

#DoeSorrisos #NatalSolidário #ACIRV #SorrisoVerdadeiro #RioVerde #EmpresariadoComPropósito";1472;1117;32;2;6;0;5;1;2;40;000-Arquivos-originais/DADOS ACIRV - HD EXTERNO/Dados instagram - 100425 até 100426/logged_information/past_instagram_insights/posts.json;32e452c2d6101cea98aaccf47bb39ea37d0836bc;extraido_export_meta_sem_reconciliacao_com_totais_da_conta
69;2025-10-21T18:31:57-03:00;18094411234648440;"ATENÇÃO: Café Entre Amigos de outubro foi cancelado! 

Por motivo de saúde da nossa palestrante, o Café Entre Amigos, marcado para esta quinta-feira (23), não poderá acontecer.

A ACIRV se solidariza com a profissional e deseja uma breve recuperação.

Agradecemos pela compreensão e carinho de todos(as). Em breve, divulgaremos uma nova data para nos encontrarmos!

#ACIRVeventos  #CaféEntreAmigos #Comunicado #RioVerde";724;627;11;0;2;1;7;1;;14;000-Arquivos-originais/DADOS ACIRV - HD EXTERNO/Dados instagram - 100425 até 100426/logged_information/past_instagram_insights/posts.json;32e452c2d6101cea98aaccf47bb39ea37d0836bc;extraido_export_meta_sem_reconciliacao_com_totais_da_conta
70;2025-10-21T16:29:14-03:00;17912676003229206;"A inteligência artificial já está transformando o mundo dos negócios e agora é hora de colocar Rio Verde e o Sudoeste Goiano nessa revolução.
⠀
Participe do 1º Fórum de IA da ACIRV, um evento inédito que vai te mostrar, na prática, como usar a tecnologia para aumentar resultados, otimizar tempo e criar oportunidades.
⠀
📅 12 de novembro
📍 ACIRV – Rio Verde
🎟️ Vagas limitadas!
⠀
Faça sua inscrição pelo link na bio! 

#FórumIAACIRV #Inovação #InteligênciaArtificial #Empreendedorismo #Acirv";2636;1967;60;12;27;7;22;6;16;106;000-Arquivos-originais/DADOS ACIRV - HD EXTERNO/Dados instagram - 100425 até 100426/logged_information/past_instagram_insights/posts.json;32e452c2d6101cea98aaccf47bb39ea37d0836bc;extraido_export_meta_sem_reconciliacao_com_totais_da_conta
71;2025-10-20T17:05:08-03:00;17973197189940389;"Uma nova associada que leva seus sonhos mais longe!

A ACIRV dá as boas-vindas à JM Excursões de Turismo (@jmexcursoeseturismo), empresa que acaba de se tornar parte da nossa associação.

Com foco em excursões e viagens temáticas, a JM transforma cada roteiro em uma jornada única - seja para lazer, cultura ou diversão!

É um orgulho contar com mais um empreendimento inovador e comprometido com a excelência. Juntos, seguimos fortalecendo o turismo e os negócios em nossa cidade e região!

JM Excursões, seja muito bem-vinda à família ACIRV!

#ACIRVassociados #ACIRVeJMExcursões #TurismoCriativo #RioVerde";2184;1725;61;5;2;0;1;0;;68;000-Arquivos-originais/DADOS ACIRV - HD EXTERNO/Dados instagram - 100425 até 100426/logged_information/past_instagram_insights/posts.json;32e452c2d6101cea98aaccf47bb39ea37d0836bc;extraido_export_meta_sem_reconciliacao_com_totais_da_conta
72;2025-10-17T17:35:08-03:00;18099850897671409;"Uma nova força se une à ACIRV!

Apresentamos com entusiasmo a Camila Santos Assessorias e Treinamentos (@camilateixeira_santos_), referência no desenvolvimento de pessoas e empresas.

Criadora do inovador Método HumAna, Camila transforma atendimentos em experiências e vendas em conexões duradouras. Ela - juntamente com sua equipe - atua com mentorias estratégicas, treinamentos, palestras e workshops que fortalecem conexões e ampliam resultados.

Sua bagagem acadêmica inclui Administração, RH, Coaching e MBAs nas áreas de Gestão e Marketing, sendo um conhecimento aplicado na prática com foco em resultados humanos e reais.

Sejam bem-vindos(as) à ACIRV, Camila e sua equipe!  

#ACIRVassociados #ACIRVeCamilaSantos #DesenvolvimentoHumano #RioVerde";864;797;37;2;2;0;2;0;;41;000-Arquivos-originais/DADOS ACIRV - HD EXTERNO/Dados instagram - 100425 até 100426/logged_information/past_instagram_insights/posts.json;32e452c2d6101cea98aaccf47bb39ea37d0836bc;extraido_export_meta_sem_reconciliacao_com_totais_da_conta
73;2025-10-16T16:07:19-03:00;18055903496250438;"Encontros que inspiram e impulsionam!

No próximo 23 de outubro, às 7h30, você - empresário(a) de Rio Verde - tem um compromisso com o conhecimento e a rede de relacionamentos no nosso tradicional Café Entre Amigos.

Além de um delicioso café e ótimas conversas, teremos a palestra ""Criatividade: Como Desenvolver Confiança Criativa"", com a empresária da área de treinamentos Cláudia de Souza Silva - profissional cedida pelo SEBRAE - que vai trazer reflexões e aprendizados valiosos.

Vale lembrar que as vagas são limitadas. Desse modo, inscreva-se com antecedência pelo link: https://doity.com.br/caf-entre-amigos--como-desenvolver-confianca-criativa. 

Nos vemos na ACIRV para mais um encontro que faz a diferença!

#ACIRVeventos #CaféEntreAmigos #SEBRAE #RioVerde";737;636;26;3;12;3;4;1;;44;000-Arquivos-originais/DADOS ACIRV - HD EXTERNO/Dados instagram - 100425 até 100426/logged_information/past_instagram_insights/posts.json;32e452c2d6101cea98aaccf47bb39ea37d0836bc;extraido_export_meta_sem_reconciliacao_com_totais_da_conta
74;2025-10-15T17:08:21-03:00;18097370905786893;"Mais uma grande empresa chega para somar com a ACIRV!

Trata-se da CM Veículos (@cmveiculos.rv), empresa que se destaca no mercado goiano pela oferta de seminovos cuidadosamente selecionados, com procedência comprovada e garantia.

Além disso, oferece atendimento em todo o estado e condições facilitadas de financiamento para quem quer realizar o sonho do carro ideal.

Seja muito bem-vinda, família CM Veículos! 

#ACIRVassociados #ACIRVeCMVeículos #SetorAutomotivo #RioVerde";2235;1961;31;1;1;0;10;2;;33;000-Arquivos-originais/DADOS ACIRV - HD EXTERNO/Dados instagram - 100425 até 100426/logged_information/past_instagram_insights/posts.json;32e452c2d6101cea98aaccf47bb39ea37d0836bc;extraido_export_meta_sem_reconciliacao_com_totais_da_conta
75;2025-10-15T07:40:24-03:00;18074544869176759;"O desenvolvimento de uma cidade começa na sala de aula.

A ACIRV reconhece o papel essencial dos professores de Rio Verde e de todo o país na formação de cidadãos, profissionais e empreendedores do futuro.

👩‍🏫👨‍🏫 Feliz Dia dos Professores!

#ACIRVhomenageia #15DeOutubro #DiaDosProfessores #Educação #RioVerde";189;177;8;0;0;0;1;0;;8;000-Arquivos-originais/DADOS ACIRV - HD EXTERNO/Dados instagram - 100425 até 100426/logged_information/past_instagram_insights/posts.json;32e452c2d6101cea98aaccf47bb39ea37d0836bc;extraido_export_meta_sem_reconciliacao_com_totais_da_conta
76;2025-10-14T17:05:11-03:00;18050586812329507;"Novo associado na ACIRV!

A ACIRV dá as boas-vindas à Santiago Sociedade Individual de Advocacia (@euner.adv), referência em proteção e defesa jurídica para médicos.

A empresa atua com foco em prevenir riscos legais, orientar condutas profissionais e preservar a carreira de seus clientes com segurança e discrição.

É um orgulho ter ao nosso lado mais uma empresa que valoriza a excelência e a responsabilidade!

#ACIRVassociados #ACIRVESantiagoSociedadeIndividualDeAdvocacia #ProteçãoEDefesaJurídicaParaMédicos #RioVerde";860;776;56;0;0;0;2;0;;56;000-Arquivos-originais/DADOS ACIRV - HD EXTERNO/Dados instagram - 100425 até 100426/logged_information/past_instagram_insights/posts.json;32e452c2d6101cea98aaccf47bb39ea37d0836bc;extraido_export_meta_sem_reconciliacao_com_totais_da_conta
77;2025-10-13T17:05:39-03:00;18087959398900708;"Seja bem-vinda, Grão & Prosa Café!

É com alegria que damos as boas-vindas à Grão & Prosa Café (@graoeprosacafeteria), nova empresa associada da ACIRV! 

Com uma proposta única, a Grão & Prosa vai muito além da xícara: oferece um ambiente acolhedor em sua cafeteria física, além de levar o melhor dos cafés especiais até eventos com sua charmosa Estação Móvel.

Seja para um café no dia a dia ou para tornar eventos ainda mais especiais, a Grão & Prosa convida você a viver momentos cheios de sabor e boas conversas.

#ACIRVassociados #GrãoEProsaCafé #CaféComExperiência #EstaçãoMóvel #RioVerde";1472;1198;43;1;2;1;0;0;;47;000-Arquivos-originais/DADOS ACIRV - HD EXTERNO/Dados instagram - 100425 até 100426/logged_information/past_instagram_insights/posts.json;32e452c2d6101cea98aaccf47bb39ea37d0836bc;extraido_export_meta_sem_reconciliacao_com_totais_da_conta
78;2025-10-12T09:30:58-03:00;18079337033088431;"Neste Dia das Crianças, a ACIRV celebra o futuro que está sendo construído pelas mãos e sonhos dos pequenos de hoje.

Em nossa homenagem especial, reforçamos nosso compromisso com uma Rio Verde mais próspera, humana e cheia de oportunidades para todas as gerações.

Que possamos seguir cuidando e investindo em um amanhã mais feliz para nossas crianças!

👧👦 Feliz Dia das Crianças!

#ACIRVhomenageia #12DeOutubro #DiaDasCrianças #RioVerde";152;137;6;0;0;0;1;0;;6;000-Arquivos-originais/DADOS ACIRV - HD EXTERNO/Dados instagram - 100425 até 100426/logged_information/past_instagram_insights/posts.json;32e452c2d6101cea98aaccf47bb39ea37d0836bc;extraido_export_meta_sem_reconciliacao_com_totais_da_conta
79;2025-10-09T18:05:16-03:00;17962888952833662;"INSCRIÇÕES ENCERRADAS: AGRADECEMOS O INTERESSE E PARTICIPAÇÃO DE TODAS(OS)! 

Já parou para pensar que a presença digital da sua empresa pode ser o diferencial que falta para seu negócio decolar?!

Desse modo, a ACIRV - por meio do ACIRV Mulher e com o apoio do Sebrae - preparou uma oficina prática para te ajudar a transformar sua visibilidade em vendas!

🗓️ Data: 30 de outubro
⏰ Horário: às 8h
📍 Local: ACIRV (rua Dona Maricota, 199 - Jardim Marconal)

Dentro do cronograma, você poderá levar de experiência: entendimento sobre os novos hábitos de consumo; como se posicionar estrategicamente no ambiente digital; planejamento de Marketing voltado para resultados e criação de estratégias personalizadas para sua marca. 

Invista em conhecimento e tenha destaque no meio digital!

#ACIRVeventos #ACIRVeSEBRAE #ACIRVMulher #MarketingDigital #Vendas #RioVerde";1084;873;46;0;13;2;9;1;1;61;000-Arquivos-originais/DADOS ACIRV - HD EXTERNO/Dados instagram - 100425 até 100426/logged_information/past_instagram_insights/posts.json;32e452c2d6101cea98aaccf47bb39ea37d0836bc;extraido_export_meta_sem_reconciliacao_com_totais_da_conta
80;2025-10-09T17:20:02-03:00;18057168041549516;"Recebemos com entusiasmo a IDTAGG, nova associada da ACIRV!

Uma solução que já conquistou mais de 4.200 marcas com seu cartão digital interativo.

Com a IDTAGG (@idtaggoficial), conectar-se com clientes e gerar vendas é tão rápido quanto um toque.

Seja bem-vinda, IDTAGG!

#ACIRVassociados #IDTAGG #CartãoDigital #RioVerde";760;669;37;4;3;0;0;0;;44;000-Arquivos-originais/DADOS ACIRV - HD EXTERNO/Dados instagram - 100425 até 100426/logged_information/past_instagram_insights/posts.json;32e452c2d6101cea98aaccf47bb39ea37d0836bc;extraido_export_meta_sem_reconciliacao_com_totais_da_conta
81;2025-10-09T11:05:07-03:00;18084117014501653;"📢 Atenção, profissionais e lideranças da Saúde em Rio Verde!

O Núcleo Setorial de Saúde da ACIRV convida você para a apresentação do Plano de Ação construído coletivamente na Oficina de Planejamento Estratégico.

📅 Data: 15 de outubro
⏰ Horário: às 18h30
📍 Local: ACIRV (rua Dona Maricota, 199 - Jardim Marconal)

📝 Neste encontro, vamos compartilhar os resultados do trabalho realizado em conjunto, apresentar as prioridades definidas e alinhar os próximos passos para fortalecer o setor da Saúde em Rio Verde.

Sua presença é fundamental para validar, apoiar e dar vida às ações planejadas. 

Vale lembrar que para participar, é necessário realizar a inscrição pelo link: https://forms.gle/KEvkBgMRfAngWUaG7.

Seja você também, um protagonista na construção de um segmento mais organizado, inovador e preparado para o futuro!

#ACIRVeventos #NúcleoSetorialDeSaúdeDaSaúde #PlanoDeAção #ProfissionaisDeSaúde #RioVerde";588;535;13;0;3;1;4;1;;17;000-Arquivos-originais/DADOS ACIRV - HD EXTERNO/Dados instagram - 100425 até 100426/logged_information/past_instagram_insights/posts.json;32e452c2d6101cea98aaccf47bb39ea37d0836bc;extraido_export_meta_sem_reconciliacao_com_totais_da_conta
82;2025-10-09T09:01:18-03:00;18103498870543205;"Encerramos as inscrições para a 3ª edição do Conecta ACIRV!

Agradecemos a todos os que se inscreveram e demonstraram interesse em fazer parte deste grande movimento de conexão, inovação e empreendedorismo!

Nosso agradecimento especial aos patrocinadores que tornam este projeto possível. É com esse apoio que seguimos fortalecendo o ecossistema de negócios da nossa região.

Vale ressaltar, que os participantes selecionados para o evento desta quinta-feira (09), estão sendo notificados pela equipe do Conecta ACIRV. Portanto, fiquem atentos(as) aos contatos fornecidos no ato da inscrição!

ACIRVeventos #ConectaACIRV #Empreendedorismo #Negócios #RioVerde";666;576;21;0;3;0;4;0;;24;000-Arquivos-originais/DADOS ACIRV - HD EXTERNO/Dados instagram - 100425 até 100426/logged_information/past_instagram_insights/posts.json;32e452c2d6101cea98aaccf47bb39ea37d0836bc;extraido_export_meta_sem_reconciliacao_com_totais_da_conta
83;2025-10-08T18:05:02-03:00;17925504012015951;"🚨 ATENÇÃO: A ACIRV INFORMA QUE AS INSCRIÇÕES FORAM ENCERRADAS! 

Empreender também é saber sentir e decidir com inteligência emocional!

Participe da oficina gratuita promovida pela ACIRV - em parceria com o SEBRAE - e descubra como a inteligência emocional pode transformar sua forma de tomar decisões.

Será uma noite prática e enriquecedora para quem deseja:

✨ Tornar-se um(a) líder mais consciente;
✨ Tomar decisões com mais segurança;
✨ Usar as emoções a favor dos resultados.

📅 14 de outubro
⏰  às 19h
📍 ACIRV (rua Dona Maricota, 199 - Jardim Marconal)

#ACIRVeventos #ACIRVeSEBRAE #InteligênciaEmocional #OficinaEmpresarial #RioVerde";571;507;23;0;22;3;7;0;2;48;000-Arquivos-originais/DADOS ACIRV - HD EXTERNO/Dados instagram - 100425 até 100426/logged_information/past_instagram_insights/posts.json;32e452c2d6101cea98aaccf47bb39ea37d0836bc;extraido_export_meta_sem_reconciliacao_com_totais_da_conta
84;2025-10-07T17:05:39-03:00;18060744089391389;"Construir com inteligência é o que move a Macto Engenharia (@mactoengenharia), nossa mais nova associada!

Especializada na administração de obras e com foco em soluções eficientes, a empresa atua em Rio Verde e entrega resultados sólidos e bem planejados.

É uma honra tê-los conosco na ACIRV. Juntos, vamos mais longe! 

#ACIRVassociados #MactoEngenharia #EngenhariaInteligente #RioVerde";1481;1154;65;9;3;0;10;2;;77;000-Arquivos-originais/DADOS ACIRV - HD EXTERNO/Dados instagram - 100425 até 100426/logged_information/past_instagram_insights/posts.json;32e452c2d6101cea98aaccf47bb39ea37d0836bc;extraido_export_meta_sem_reconciliacao_com_totais_da_conta
85;2025-10-07T10:11:40-03:00;;;1584;1314;16;3;8;0;3;0;;27;000-Arquivos-originais/DADOS ACIRV - HD EXTERNO/Dados instagram - 100425 até 100426/logged_information/past_instagram_insights/posts.json;32e452c2d6101cea98aaccf47bb39ea37d0836bc;extraido_export_meta_sem_reconciliacao_com_totais_da_conta
86;2025-10-06T18:05:09-03:00;17936001386966228;"Conectou, deu negócio!

Nas últimas duas edições do Conecta ACIRV, 98 empresários(as) participaram e movimentaram R$ 2.573.509,00 em negócios.

Isso é o resultado de conexões reais que geram crescimento para todos.

Quer fazer parte da 3ª edição? Então, entre no link, leia as instruções e preencha o formulário: https://forms.gle/43Jg1ZTgzfRX5JgY8. Vale reforçar que as vagas são limitadas. 

#ACIRVeventos #ConectaACIRV #NetworkingQueFunciona #RioVerde";619;552;17;0;3;1;4;1;3;21;000-Arquivos-originais/DADOS ACIRV - HD EXTERNO/Dados instagram - 100425 até 100426/logged_information/past_instagram_insights/posts.json;32e452c2d6101cea98aaccf47bb39ea37d0836bc;extraido_export_meta_sem_reconciliacao_com_totais_da_conta
87;2025-10-06T17:05:13-03:00;18059643593628046;"Seja bem-vinda, Fogo e Brasa Buffet!

Agora é oficial: a Fogo e Brasa Buffet (@fogoebrasa_buffet) é a mais nova associada da ACIRV!

Com atuação em Rio Verde e região, a empresa oferece buffet, churrasco e defumados, com o sabor que marca os melhores momentos da vida.

Estamos felizes em fortalecer ainda mais nossa rede com empreendedores que entregam excelência. 

Vamos juntos nessa! 

#ACIRVassociados #FogoEBrasaBuffet #SetorAlimentício #RioVerde";1448;1307;39;8;3;0;7;2;;50;000-Arquivos-originais/DADOS ACIRV - HD EXTERNO/Dados instagram - 100425 até 100426/logged_information/past_instagram_insights/posts.json;32e452c2d6101cea98aaccf47bb39ea37d0836bc;extraido_export_meta_sem_reconciliacao_com_totais_da_conta
88;2025-10-03T18:05:45-03:00;17924195556139020;"Uma palestra imperdível no Conecta ACIRV!

Ela é referência quando o assunto é comunicação estratégica, pois possui anos de experiência no jornalismo e sólida formação acadêmica. 

Estamos falando da jornalista e doutora em Comunicação Wenya Alecrim! Sua presença está confirmada na terceira edição do Conecta ACIRV, com a palestra ""Pitch de Sucesso"".

Reconhecida em Rio Verde por sua credibilidade e capacidade de transformar ideias em impacto, Wenya vai compartilhar insights valiosos sobre como apresentar projetos e negócios de forma clara, envolvente e eficaz.

📅 Data: 09 de outubro, às 18h30
📍 Local: ACIRV (rua Dona Maricota, 199 - Setor Marconal) 
🎟️ Garanta sua vaga e prepare-se para transformar a maneira como você se comunica!

Efetue sua inscrição pelo link (https://forms.gle/43Jg1ZTgzfRX5JgY8) e compareça! 

#ACIRVeventos #ConectaACIRV #PalestraComunicação #RioVerde";696;625;30;3;5;1;5;0;1;39;000-Arquivos-originais/DADOS ACIRV - HD EXTERNO/Dados instagram - 100425 até 100426/logged_information/past_instagram_insights/posts.json;32e452c2d6101cea98aaccf47bb39ea37d0836bc;extraido_export_meta_sem_reconciliacao_com_totais_da_conta
89;2025-10-03T17:05:19-03:00;18098719291638829;"Hoje é dia de celebrar mais uma parceria de valor!

Com muita alegria, recebemos na família ACIRV a Medeiros e Aniceto Assessoria (@medeiroseaniceto), uma empresa que acredita no poder do conhecimento, da estratégia e da confiança para impulsionar negócios.

Atuando na área de assessoria empresarial, voltada ao setor de Saúde, a Medeiros e Aniceto oferece suporte completo a gestores e empreendedores que desejam crescer com segurança e visão de futuro.

Sejam muito bem-vindos! Que essa parceria renda frutos e conquistas.

#ACIRVassociados #MedeirosEAnicetoAssessoria #SetorDeSaúde #RioVerde";543;513;10;1;0;1;1;0;;12;000-Arquivos-originais/DADOS ACIRV - HD EXTERNO/Dados instagram - 100425 até 100426/logged_information/past_instagram_insights/posts.json;32e452c2d6101cea98aaccf47bb39ea37d0836bc;extraido_export_meta_sem_reconciliacao_com_totais_da_conta
90;2025-10-02T18:05:29-03:00;18084396712938709;"Seja bem-vinda, Oeste Luz Energia!

É com grande satisfação que a ACIRV recebe mais uma empresa que vem fazendo a diferença no setor de energia solar em Goiás. A Oeste Luz (@oesteluzenergia) chega como nova associada, trazendo sua expertise e compromisso com a sustentabilidade e o desenvolvimento regional.

A empresa conta com 13 anos de atuação e já atendeu mais de 800 clientes, levando energia limpa e acessível a propriedades urbanas e rurais por todo o estado. Seu trabalho vai além da geração solar, pois a Oeste Luz também atua com projetos de infraestrutura para redes de distribuição elétrica, ampliando o acesso à energia de qualidade para todos.

Que essa parceria traga ainda mais força para o crescimento do nosso comércio, indústria e setor de serviços!

#ACIRVassociados #OesteLuzEnergia #Sustentabilidade #EnergiaSolar #RioVerde";654;600;30;0;2;2;3;0;;34;000-Arquivos-originais/DADOS ACIRV - HD EXTERNO/Dados instagram - 100425 até 100426/logged_information/past_instagram_insights/posts.json;32e452c2d6101cea98aaccf47bb39ea37d0836bc;extraido_export_meta_sem_reconciliacao_com_totais_da_conta
91;2025-10-01T18:05:49-03:00;18049118963330334;"Seja bem-vinda, Riovertech Engenharia!

Temos a alegria de receber a Riovertech Engenharia (@riovertech) como nova associada da ACIRV!

Especializada em soluções personalizadas em energia solar, a empresa contribui com inovação e sustentabilidade para a região, desenvolvendo projetos que aliam eficiência energética e economia para residências, empresas e propriedades rurais.

É um prazer contar com parceiros que compartilham da nossa visão de desenvolvimento responsável e tecnológico.

#ACIRVassociados #Riovertech #EnergiaSolar #RioVerde";735;679;25;0;0;0;3;0;;25;000-Arquivos-originais/DADOS ACIRV - HD EXTERNO/Dados instagram - 100425 até 100426/logged_information/past_instagram_insights/posts.json;32e452c2d6101cea98aaccf47bb39ea37d0836bc;extraido_export_meta_sem_reconciliacao_com_totais_da_conta
92;2025-10-01T07:40:41-03:00;18421226836129837;"Outubro Rosa é mais que uma cor. É um movimento de conscientização, cuidado e apoio à vida.

A ACIRV apoia essa causa tão importante, incentivando a prevenção e o diagnóstico precoce do câncer de mama.

Cuide-se. Faça os exames. Converse com quem você ama sobre isso.

💗 Juntos, somos mais fortes na luta pela saúde da mulher.

#ACIRVapoia #OutubroRosa #PrevençãoSalvaVidas #SaúdeDaMulher #RioVerde";243;223;9;0;1;0;1;0;;10;000-Arquivos-originais/DADOS ACIRV - HD EXTERNO/Dados instagram - 100425 até 100426/logged_information/past_instagram_insights/posts.json;32e452c2d6101cea98aaccf47bb39ea37d0836bc;extraido_export_meta_sem_reconciliacao_com_totais_da_conta
93;2025-09-30T18:05:29-03:00;17980936313869820;"Seja bem-vinda, Alovisi Tapetes, à família ACIRV!

Com um portfólio que vai muito além dos tapetes tradicionais, a Alovisi (@alovisitapetes) oferece soluções completas em revestimentos para diferentes ambientes, sempre com qualidade e atendimento personalizado. 

A loja comercializa tapetes sob medida; grama sintética decorativa; pisos modernos e funcionais, unindo itens de conforto, beleza e praticidade. Além da venda, a Alovisi também cuida do pós-venda, garantindo confiança e satisfação aos seus clientes.

É com alegria que recebemos mais uma empresa comprometida com o bem-estar e a sofisticação dos lares e espaços comerciais de Rio Verde e região.

#ACIRVassociados #AlovisiTapetes #EmpreendedorismoLocal #RioVerde";723;620;34;4;3;1;2;3;;42;000-Arquivos-originais/DADOS ACIRV - HD EXTERNO/Dados instagram - 100425 até 100426/logged_information/past_instagram_insights/posts.json;32e452c2d6101cea98aaccf47bb39ea37d0836bc;extraido_export_meta_sem_reconciliacao_com_totais_da_conta
94;2025-09-29T17:05:26-03:00;18060838871118102;"Temos o prazer de anunciar mais um associado à ACIRV: a Ecoville Rio Verde (@ecoville.rioverdecentro), empresa que vem se destacando no segmento de produtos de limpeza de alta performance, com soluções voltadas tanto para o uso doméstico quanto profissional. 

Segundo o empresário @wafurquim, responsável pela unidade em Rio Verde, a filiação representa crescimento. ""A expectativa com a associação à ACIRV é conquistar ainda mais credibilidade e fortalecimento do nosso negócio. Acreditamos que, com o apoio da entidade, podemos crescer de forma estruturada e contribuir também com o desenvolvimento da nossa comunidade"", relatou. 

Estamos felizes em fazer parte da sua jornada, Washington e equipe! Que essa parceria traga muitos frutos e oportunidades. 

#ACIRVassociados #EcovilleRioVerde #Empreendedorismo #ProdutosDeLimpeza #RioVerde";2992;2514;62;2;4;0;5;0;;68;000-Arquivos-originais/DADOS ACIRV - HD EXTERNO/Dados instagram - 100425 até 100426/logged_information/past_instagram_insights/posts.json;32e452c2d6101cea98aaccf47bb39ea37d0836bc;extraido_export_meta_sem_reconciliacao_com_totais_da_conta
95;2025-09-29T10:40:51-03:00;18208699351309430;"Você conhece os impactos da NR 01 na saúde mental no trabalho?

As mudanças na NR 01 exigem uma nova postura das empresas frente aos riscos psicossociais. Mas como aplicar isso no dia a dia da gestão de pessoas?

Neste encontro, três especialistas vão esclarecer o assunto e trazer orientações práticas para proteger sua equipe e o seu negócio:

📌 Denner Clemente – Especialista em Direito do Trabalho;
📌 Jackcely Gouveia – Psicóloga com foco em Gestão Organizacional;
📌 Dr. Silvio Soares Privado – Médico do Trabalho. 

📆 Data: 03 de outubro
⏰ Horário: 7h30
📍 Local: Auditório ACIRV – Rua Dona Maricota, 199 - Setor Marconal 

Evento gratuito e essencial para líderes, RHs e gestores(as). Mas para participar é necessário realizar a inscrição pelo link: https://doity.com.br/nr-01-e-os-riscos-psicossociais. 

#ACIRVeventos #NR01 #EventoParaLíderes #RioVerde";1405;1198;32;9;13;1;3;3;;55;000-Arquivos-originais/DADOS ACIRV - HD EXTERNO/Dados instagram - 100425 até 100426/logged_information/past_instagram_insights/posts.json;32e452c2d6101cea98aaccf47bb39ea37d0836bc;extraido_export_meta_sem_reconciliacao_com_totais_da_conta
96;2025-09-26T17:05:46-03:00;18091054441811923;"Seja bem-vinda, Baterias Luxfor! 

Temos o prazer de anunciar a chegada da Baterias Luxfor (@bateriasluxfor.ltda) como mais nova empresa associada! 

A Baterias Luxfor atua no comércio varejista de peças e acessórios novos para veículos automotores, oferecendo qualidade, confiança e soluções ideais para quem busca o melhor desempenho para o seu veículo. 

É uma grande satisfação contar com a parceria de empresas que fortalecem o setor automotivo e contribuem para o desenvolvimento econômico da nossa região. 

Desejamos muito sucesso e que essa parceria traga grandes resultados! 

#ACIRVNovoAssociado #BateriasLuxfor #SetorAutomotivo #RioVerde";689;640;22;2;1;0;1;0;;25;000-Arquivos-originais/DADOS ACIRV - HD EXTERNO/Dados instagram - 100425 até 100426/logged_information/past_instagram_insights/posts.json;32e452c2d6101cea98aaccf47bb39ea37d0836bc;extraido_export_meta_sem_reconciliacao_com_totais_da_conta
97;2025-09-26T13:20:21-03:00;18333483742224523;"Na última quarta-feira, a ACIRV esteve em visita à Federação das Associações Comerciais e Empresariais de Goiás (Facieg). 

Durante o encontro, a diretoria dialogou com o presidente Márcio Luís sobre os desafios e conquistas do movimento associativista e reforçou a importância da parceria com a Facieg para o fortalecimento das entidades e alinhamento de ações em prol do desenvolvimento empresarial.

#ACIRVparcerias #ACIRVeFacieg #VisitaInstitucional #SudoesteGoiano";741;693;28;0;1;0;11;0;1;29;000-Arquivos-originais/DADOS ACIRV - HD EXTERNO/Dados instagram - 100425 até 100426/logged_information/past_instagram_insights/posts.json;32e452c2d6101cea98aaccf47bb39ea37d0836bc;extraido_export_meta_sem_reconciliacao_com_totais_da_conta
98;2025-09-25T17:08:55-03:00;17979792275871665;"Nova empresa associada da ACIRV! 

É com grande satisfação que damos as boas-vindas à CA Engenharia (@ca.rv.engenharia) como nova empresa associada da ACIRV! 

Com 3 anos de atuação no mercado, a CA Engenharia se destaca por oferecer soluções completas em engenharia civil, regularização de empresas e laudos técnicos, sempre prezando pela excelência, agilidade e compromisso com o cliente. 

A empresa é liderada pelo engenheiro civil @engenheiro_cezar, profissional experiente e dedicado, que vem contribuindo para o desenvolvimento e a segurança de obras e empreendimentos em nossa região. 

Cezar, seja bem-vindo à ACIRV! 

#ACIRVNovoAssociado #CAEngenharia #EngenhariaCivil #DesenvolvimentoRegional #RioVerde";1022;840;37;4;2;0;4;1;;43;000-Arquivos-originais/DADOS ACIRV - HD EXTERNO/Dados instagram - 100425 até 100426/logged_information/past_instagram_insights/posts.json;32e452c2d6101cea98aaccf47bb39ea37d0836bc;extraido_export_meta_sem_reconciliacao_com_totais_da_conta
99;2025-09-24T17:20:39-03:00;18088788622848130;"Bem-vinda, Renováveis Serviços!  

É com grande satisfação que anunciamos a chegada da Renováveis Serviços (@renovaveisservicos) como mais um associado à nossa rede! 

A empresa atua com excelência na instalação e manutenção de sistemas centrais de ar-condicionado, ventilação e refrigeração, oferecendo soluções eficientes e sustentáveis para conforto térmico em diversos ambientes. 

Com uma equipe qualificada e compromisso com a qualidade, a Renováveis Serviços reforça nosso ecossistema de empresas que prezam pela inovação e pelo profissionalismo no setor.
Seja muito bem-vinda! Estamos felizes em tê-los conosco! 

#ACIRVNovosAssociados #RenováveisServiços #SoluçõesTérmicas #RioVerde";494;464;15;1;0;0;1;0;;16;000-Arquivos-originais/DADOS ACIRV - HD EXTERNO/Dados instagram - 100425 até 100426/logged_information/past_instagram_insights/posts.json;32e452c2d6101cea98aaccf47bb39ea37d0836bc;extraido_export_meta_sem_reconciliacao_com_totais_da_conta
100;2025-09-23T17:35:19-03:00;18115273858516182;"🔊 Atenção, profissionais e lideranças rioverdenses da área de Saúde!

Nos dias 26 e 27 de setembro, o Núcleo Setorial de Saúde da ACIRV promove um encontro essencial para o futuro do setor em Rio Verde: a Oficina de Planejamento Estratégico. 

👥 Na sexta (26), uma roda de conversa com instituições e entidades vai traçar o panorama atual da saúde - com foco nos desafios e nas oportunidades que temos pela frente.

🧭 No sábado (27), vamos transformar diálogo em direção: é hora de construir juntos o plano estratégico do Núcleo, definindo prioridades e ações concretas.

⚙️ Participar é contribuir para um setor mais forte, articulado e preparado!

O evento é gratuito, mas para participar, realize sua inscrição no link: 
https://shre.ink/oficinadeplanejamentoestrategicoacirv.

Queremos te ouvir: compareça, profissional da Saúde de Rio Verde e traga suas ideias! 

#ACIRVeventos #NúcleoDeSaúde #OficinaDePlanejamentoEstratégico #SetorDeSaúde #ProfissionaisDeSaúde #RioVerde";1628;1398;13;0;11;0;2;1;1;24;000-Arquivos-originais/DADOS ACIRV - HD EXTERNO/Dados instagram - 100425 até 100426/logged_information/past_instagram_insights/posts.json;32e452c2d6101cea98aaccf47bb39ea37d0836bc;extraido_export_meta_sem_reconciliacao_com_totais_da_conta
101;2025-09-23T17:05:00-03:00;18361650307156543;"Nova Associada ACIRV! 

Temos o prazer de anunciar que a MyShop Rio Verde (@myshop.rioverde) agora faz parte da nossa rede de associados! 

Especializada no comércio varejista de eletrodomésticos e equipamentos de áudio e vídeo, a MyShop se destaca por oferecer produtos de qualidade, atendimento diferenciado e soluções modernas para o dia a dia dos seus clientes. 

Seja bem-vinda à ACIRV, MyShop Rio Verde! Juntos, fortalecemos o comércio local e impulsionamos o desenvolvimento de nossa cidade. 

#ACIRVNovoAssociado #MyShopRioVerde #ComércioVarejista #Eletrodoméstico #RioVerde";624;583;38;2;0;0;7;0;;40;000-Arquivos-originais/DADOS ACIRV - HD EXTERNO/Dados instagram - 100425 até 100426/logged_information/past_instagram_insights/posts.json;32e452c2d6101cea98aaccf47bb39ea37d0836bc;extraido_export_meta_sem_reconciliacao_com_totais_da_conta
102;2025-09-22T17:35:26-03:00;18050296673311917;"🌼 Setembro Amarelo é um convite à reflexão sobre a vida, o cuidado com o outro e, principalmente, o autocuidado.

✨ Pensando nisso, a ACIRV convida você para a palestra: ""Qualidade de Vida – Escolhas que Transformam"".

📅 Data: 25 de setembro
🕖 Horário: 19h
📍 Local: ACIRV

Vamos conversar sobre saúde mental, bem-estar e atitudes que fazem a diferença no dia a dia. Uma palestra transformadora, voltada para quem busca mais equilíbrio, propósito e qualidade de vida.

✅ Evento gratuito;
✅ Aberto ao público;
✅ Participe e traga quem você ama!

Ficou interessado(a)? Basta se inscrever no link: https://shre.ink/palestrasetembroamareloacirv. 

#ACIRVeventos #SetembroAmarelo #SaúdeMentalImporta #QualidadeDeVida #EscolhasQueTransformam #PalestraACIRV";2394;1943;56;9;19;0;1;1;;84;000-Arquivos-originais/DADOS ACIRV - HD EXTERNO/Dados instagram - 100425 até 100426/logged_information/past_instagram_insights/posts.json;32e452c2d6101cea98aaccf47bb39ea37d0836bc;extraido_export_meta_sem_reconciliacao_com_totais_da_conta
103;2025-09-22T17:05:41-03:00;18091200856776164;"Mais um associado chegando para fortalecer o comércio local!

É com muita satisfação que a ACIRV dá as boas-vindas à Point dos Pastéis (@pointfoodcity), nova associada da nossa entidade!

A lanchonete, que passou por uma reinauguração no ano passado, vem conquistando o público com um cardápio variado e saboroso, reunindo opções como lanches, pastéis, crepes, açaí, casquinhas e muito mais! Um verdadeiro point para quem busca sabor e praticidade no dia a dia. 

Seja bem-vinda à nossa rede de associados, Point dos Pastéis! 

Juntos, seguimos promovendo o desenvolvimento e a valorização do nosso comércio.

#ACIRVAssociados #PointPastel #ComércioLocal #Lanches #RioVerde";3198;2933;75;3;3;2;10;4;3;83;000-Arquivos-originais/DADOS ACIRV - HD EXTERNO/Dados instagram - 100425 até 100426/logged_information/past_instagram_insights/posts.json;32e452c2d6101cea98aaccf47bb39ea37d0836bc;extraido_export_meta_sem_reconciliacao_com_totais_da_conta
104;2025-09-22T07:05:37-03:00;17884296426372811;"✨ Por trás de toda grande empresa, há um contador comprometido.

Neste 22 de setembro, a ACIRV reafirma seu apoio e admiração por todos os profissionais da contabilidade.

Vocês ajudam a transformar desafios em resultados e dados em decisões.

💙 Parabéns pelo seu dia. A ACIRV segue ao lado de vocês, apoiando, valorizando e reconhecendo seu papel fundamental!

#ACIRVhomenageia #DiaDoContador #ContadoresQueTransformam";172;161;6;0;0;0;0;0;;6;000-Arquivos-originais/DADOS ACIRV - HD EXTERNO/Dados instagram - 100425 até 100426/logged_information/past_instagram_insights/posts.json;32e452c2d6101cea98aaccf47bb39ea37d0836bc;extraido_export_meta_sem_reconciliacao_com_totais_da_conta
105;2025-09-19T20:00:29-03:00;18368412070144703;"Neste Mês do Consumidor, a ACIRV traz uma super vantagem pra você:

🔐 Descontos especiais no serviço de Certificação Digital!

✔ Atendimento de qualidade;
✔ Preço acessível;
✔ Válido para associados e não associados.

Não perca essa oportunidade de garantir o seu certificado com mais economia e toda a segurança que você precisa.

📍 Entre em contato e agende já: (64) 9233-2708. 

#Promoção #CertificadoDigital #ACIRV #MêsDoConsumidor #DescontoExclusivo";488;391;6;0;0;0;1;0;;6;000-Arquivos-originais/DADOS ACIRV - HD EXTERNO/Dados instagram - 100425 até 100426/logged_information/past_instagram_insights/posts.json;32e452c2d6101cea98aaccf47bb39ea37d0836bc;extraido_export_meta_sem_reconciliacao_com_totais_da_conta
106;2025-09-19T12:11:10-03:00;18107994547499258;"🔊 Atenção, profissionais e lideranças rioverdenses da área de Saúde!

Nos dias 26 e 27 de setembro, o Núcleo Setorial de Saúde da ACIRV promove um encontro essencial para o futuro do setor em Rio Verde: a Oficina de Planejamento Estratégico. 

👥 Na sexta (26), uma roda de conversa com instituições e entidades vai traçar o panorama atual da saúde - com foco nos desafios e nas oportunidades que temos pela frente.

🧭 No sábado (27), vamos transformar diálogo em direção: é hora de construir juntos o plano estratégico do Núcleo, definindo prioridades e ações concretas.

⚙️ Participar é contribuir para um setor mais forte, articulado e preparado!

O evento é gratuito, mas para participar, realize sua inscrição no link: 
https://shre.ink/oficinadeplanejamentoestrategicoacirv.

Queremos te ouvir: compareça, profissional da Saúde de Rio Verde e traga suas ideias! 

#ACIRVeventos #NúcleoDeSaúde #OficinaDePlanejamentoEstratégico #SetorDeSaúde #ProfissionaisDeSaúde #RioVerde";1063;834;20;0;3;0;1;0;;23;000-Arquivos-originais/DADOS ACIRV - HD EXTERNO/Dados instagram - 100425 até 100426/logged_information/past_instagram_insights/posts.json;32e452c2d6101cea98aaccf47bb39ea37d0836bc;extraido_export_meta_sem_reconciliacao_com_totais_da_conta
107;2025-09-18T17:09:32-03:00;18082295824944037;"Vamos dar boas-vindas ao novo associado da ACIRV?!

É com satisfação que damos as boas-vindas à Ferreira Instalações (@ferreiras_instalacoes_eletrica), empresa que há mais de uma década atua com excelência no setor elétrico, oferecendo soluções completas e personalizadas para a indústria.

Com 12 anos de experiência, a Ferreira Instalações - liderada pelo empresário Weliton Ferreira - tem se consolidado como referência em qualidade, segurança e inovação, atendendo clientes de diversos segmentos com serviços sob medida e tecnologia de ponta. 

Dentre as áreas de atuação, destaque para: Instalações Elétricas Industriais; Automação Industrial; Redes Elétricas e Subestações de Média Tensão; Energia Solar Fotovoltaica e Desenvolvimento de Projetos Elétricos. 

Seja bem-vinda à ACIRV! Que essa parceria traga ainda mais crescimento e oportunidades para todos!

#ACIRVNovoAssociado #FerreiraInstalações #SetorElétrico #RioVerde";1088;903;42;3;0;2;6;1;;47;000-Arquivos-originais/DADOS ACIRV - HD EXTERNO/Dados instagram - 100425 até 100426/logged_information/past_instagram_insights/posts.json;32e452c2d6101cea98aaccf47bb39ea37d0836bc;extraido_export_meta_sem_reconciliacao_com_totais_da_conta
108;2025-09-18T12:36:18-03:00;18097034308571993;"Tem uma ideia na cabeça e vontade no coração?

Chegou a hora de colocar tudo em prática com propósito!

Na oficina “Comece Algo e Faça a Diferença”, você vai descobrir como conectar seus valores pessoais ao seu caminho profissional e, ainda, aprender com atividades que vão ajudar a desenvolver:

🧠 Criatividade;
🗣️ Falar em público;
🛠️ Atitude maker;
🌱 Mentalidade de crescimento;
🤝 Colaboração.

📆 Dia: 23 de setembro

⏰ Horário: 19h às 21h

📍 Local: ACIRV (rua Dona Maricota, 199 - Setor Marconal)

🎯 Evento gratuito, mas com vagas limitadas!

✅ Garanta sua vaga agora:
👉 https://beevent.sebraego.com.br/inscreva-se/174433333

Vamos te auxiliar a colocar seus projetos e ideias em prática! 

#ACIRVeventos #ACIRVeSEBRAE #FaçaADiferença #RioVerde";797;635;23;0;10;5;8;0;2;38;000-Arquivos-originais/DADOS ACIRV - HD EXTERNO/Dados instagram - 100425 até 100426/logged_information/past_instagram_insights/posts.json;32e452c2d6101cea98aaccf47bb39ea37d0836bc;extraido_export_meta_sem_reconciliacao_com_totais_da_conta
109;2025-09-17T11:20:48-03:00;18329112172233883;"Mais uma empresa que chega para somar!

É com alegria que recebemos a Soluções Pinturas (@cea_tintasrv) como mais nova associada da ACIRV!

Com uma equipe dedicada e apaixonada pelo que faz, a empresa atua no segmento de pintura residencial, comercial e industrial, oferecendo soluções completas com qualidade e atenção aos detalhes. É aquela empresa que transforma ambientes e supera expectativas!

Sejam muito bem-vindos! Estamos felizes em caminhar juntos por mais desenvolvimento e conexões sólidas.

#ACIRVNovoAssociado #SoluçõesPinturas #Pinturas #RioVerde";1055;932;24;5;6;0;4;2;;35;000-Arquivos-originais/DADOS ACIRV - HD EXTERNO/Dados instagram - 100425 até 100426/logged_information/past_instagram_insights/posts.json;32e452c2d6101cea98aaccf47bb39ea37d0836bc;extraido_export_meta_sem_reconciliacao_com_totais_da_conta
110;2025-09-15T19:10:13-03:00;18097565833642332;"✨ Grandes negócios começam com uma boa conversa.

No Conecta ACIRV é possível fazer mais do que networking: você esbarra com pessoas repletas de propósito.

Vale ressaltar que o evento é aberto para todos os empresários(as): associados(as) ou não.

📅 As inscrições já estão abertas! Aproveite essa chance de fazer parte.

➡️ Acesse o link e inscreva-se: https://forms.gle/43Jg1ZTgzfRX5JgY8. 

Conecte-se. Compartilhe. Cresça.

#ACIRV #ConectaACIRV #EmpresáriosUnidos #RioVerde";1204;920;39;1;16;6;2;0;;62;000-Arquivos-originais/DADOS ACIRV - HD EXTERNO/Dados instagram - 100425 até 100426/logged_information/past_instagram_insights/posts.json;32e452c2d6101cea98aaccf47bb39ea37d0836bc;extraido_export_meta_sem_reconciliacao_com_totais_da_conta
111;2025-09-15T16:57:07-03:00;17849064186528454;"No mercado desde o ano de 2018, a Clínica Fazendo Terapia (@fazendo.terapiarv) nasceu com um propósito de oferecer um atendimento humanizado, direcionado para crianças a adolescentes. A empresa conta com uma equipe multiprofissional formada por serviços como: Psicologia, Psicopedagogia, Terapia Ocupacional, Fonoaudiologia, Nutrição, Fisioterapia, Psicomotricidade, Neuropsicologia e Neuropediatria. 

A proprietária @adriely.vaz conta que além de fortalecer o papel como empreendedora, seu objetivo com a filiação é agregar ainda mais com a saúde na cidade de Rio Verde. “Poder participar da ACIRV é algo muito importante para mim. Acredito que a saúde tem muito a somar com o comércio e, juntos, podemos construir parcerias que gerem crescimento, qualidade de vida e desenvolvimento para toda a nossa comunidade"", relatou a empresária.

#ACIRVassociados #ClínicaFazendoTerapia #Saúde #CriançasEAdolescentes #RioVerde";1642;1424;86;4;1;1;9;2;;92;000-Arquivos-originais/DADOS ACIRV - HD EXTERNO/Dados instagram - 100425 até 100426/logged_information/past_instagram_insights/posts.json;32e452c2d6101cea98aaccf47bb39ea37d0836bc;extraido_export_meta_sem_reconciliacao_com_totais_da_conta
112;2025-09-15T12:47:56-03:00;18021797120736844;"A ACIRV convida os(as) empresários(as) locais para mais uma edição do tradicional Café Entre Amigos, que será realizado nesta quinta-feira, dia 18 de setembro, às 7h30, na sede da entidade.

Este evento é uma oportunidade valiosa para fortalecer sua rede de contatos, compartilhar ideias e gerar oportunidades para sua empresa.

🔗 A participação é gratuita, mas requer inscrição antecipada.

➡️ Tem interesse? Inscreva-se pelo link: https://doity.com.br/caf-entre-amigos e garanta sua vaga!

#ACIRVeventos #CaféEntreAmigos #EventoEmpresarial #RioVerde";3185;2454;58;9;57;3;3;1;1;127;000-Arquivos-originais/DADOS ACIRV - HD EXTERNO/Dados instagram - 100425 até 100426/logged_information/past_instagram_insights/posts.json;32e452c2d6101cea98aaccf47bb39ea37d0836bc;extraido_export_meta_sem_reconciliacao_com_totais_da_conta
113;2025-09-15T11:10:50-03:00;18090262978750425;"💙 O cliente é o coração do comércio — e também das empresas de serviços e negócios B2B!

Neste Dia do Cliente, a ACIRV celebra a confiança, a parceria e a fidelidade de quem impulsiona a nossa economia: você, cliente que acredita, investe e constrói junto.

Seja no varejo, na prestação de serviços ou nas relações entre empresas, cada cliente é parte fundamental do sucesso. Valorizamos quem está do outro lado da mesa, contribuindo com diálogo, confiança e colaboração.

Nosso apoio a essa data é um reconhecimento à importância de cultivar bons relacionamentos e oferecer sempre o melhor — com transparência, compromisso e profissionalismo.

Que o Dia do Cliente seja comemorado com carinho, bons negócios e gratidão!

#ACIRVapoia #DiaDoCliente #ClienteValorizado #B2B #RelacionamentoComCliente";281;249;7;0;1;0;4;0;;8;000-Arquivos-originais/DADOS ACIRV - HD EXTERNO/Dados instagram - 100425 até 100426/logged_information/past_instagram_insights/posts.json;32e452c2d6101cea98aaccf47bb39ea37d0836bc;extraido_export_meta_sem_reconciliacao_com_totais_da_conta
114;2025-09-12T07:35:06-03:00;18186528295323892;"Empreendedora, tá na hora de assumir o controle das suas finanças!

Sabia que entender os processos financeiros do seu negócio pode ser mais simples do que parece?

A Oficina de Finanças, realizada pela ACIRV - por meio do ACIRV Mulher - em parceria com o SEBRAE e o Programa Empreender (CACB), foi pensada pra você - que busca crescer - prosperar e tomar decisões com mais segurança.

A oficina apresenta: 
✔️ Linguagem acessível;
✔️ Conteúdo prático;
✔️ Foco em resultados reais!

📌 O evento é aberto ao público. Mas as inscrições já foram encerradas! 

👉 Sua saúde financeira agradece. Seu negócio também. 💼";1651;1312;31;2;26;3;7;3;3;62;000-Arquivos-originais/DADOS ACIRV - HD EXTERNO/Dados instagram - 100425 até 100426/logged_information/past_instagram_insights/posts.json;32e452c2d6101cea98aaccf47bb39ea37d0836bc;extraido_export_meta_sem_reconciliacao_com_totais_da_conta
115;2025-09-11T16:30:46-03:00;18053902460196164;"A ACIRV tem a satisfação de anunciar a chegada da Dispor (@disporcoleta) ao nosso quadro de associadas. Especializada no manejo e na coleta de resíduos perigosos, a empresa oferece soluções seguras, responsáveis e alinhadas às exigências ambientais, atendendo profissionais da saúde, estética, farmácias e laboratórios.

À frente da empresa, está Jairo Moreira, que representa o compromisso da Dispor com a inovação, a responsabilidade socioambiental e o desenvolvimento sustentável. Ele vê com bons olhos a nova parceria. ""Acredito que estar conectado a uma entidade tão representativa e comprometida com o fortalecimento do comércio e da indústria local é um passo importante para o crescimento da Dispor. Temos boas expectativas de trocar experiências, ampliar nosso networking e participar ativamente das ações que promovam o desenvolvimento econômico da região. Estou confiante de que essa parceria vai render ótimos frutos, tanto para nossa empresa quanto para a comunidade empresarial"", observou. 

É com orgulho que recebemos a Dispor em nossa rede de associados. Juntos, seguimos fortalecendo o empreendedorismo local, promovendo conexões e impulsionando o crescimento da nossa região.

Seja muito bem-vinda, Dispor! 💚

#ACIRVassociados #ACIRVeDispor #ResponsabilidadeSocial #RioVerde";672;650;27;4;0;0;3;0;;31;000-Arquivos-originais/DADOS ACIRV - HD EXTERNO/Dados instagram - 100425 até 100426/logged_information/past_instagram_insights/posts.json;32e452c2d6101cea98aaccf47bb39ea37d0836bc;extraido_export_meta_sem_reconciliacao_com_totais_da_conta
116;2025-09-11T07:35:18-03:00;17894186490314662;"Está chegando o evento que conecta ideias, pessoas e oportunidades! 

A 3ª edição do Conecta ACIRV já tem data marcada: 

🗓 09 de outubro
🕡 A partir das 18h30
📍 ACIRV 

🚀 Um encontro pensado para quem quer crescer, aprender e se conectar com o melhor do empreendedorismo regional. 

🌐 O link para inscrição estará disponível a partir de segunda-feira (15/09). Já anote na agenda e se prepare, pois esta edição promete! 

#ConectaACIRV #Empreendedorismo #ConexõesQueTransformam";835;696;39;6;11;4;4;1;1;60;000-Arquivos-originais/DADOS ACIRV - HD EXTERNO/Dados instagram - 100425 até 100426/logged_information/past_instagram_insights/posts.json;32e452c2d6101cea98aaccf47bb39ea37d0836bc;extraido_export_meta_sem_reconciliacao_com_totais_da_conta
117;2025-09-10T12:05:12-03:00;18091154566687128;"A ACIRV dá boas-vindas à Boost Digital, nossa nova associada que atua há 2 anos no ramo de anúncios online, levando empresas a novos patamares de visibilidade e conversão no mundo digital. 

O empresário @viniciusandraade de explica que além de aumentar a rede de contatos, seu intuito com a filiação é fazer história. ""Meu objetivo é de somar, tanto para a ACIRV quanto para os associados. Temos diferenciais e queremos oferecer nossos serviços, participando da história dos potenciais clientes que vamos conquistar por meio da ACIRV"", observa. 

Vinicius e equipe, contem com a ACIRV nessa jornada! 

#ACIRVassociados #BoostDigital #MarketingDigital #RioVerde";1117;906;70;19;1;0;4;0;;90;000-Arquivos-originais/DADOS ACIRV - HD EXTERNO/Dados instagram - 100425 até 100426/logged_information/past_instagram_insights/posts.json;32e452c2d6101cea98aaccf47bb39ea37d0836bc;extraido_export_meta_sem_reconciliacao_com_totais_da_conta
118;2025-09-09T18:00:00-03:00;17847359010557882;"🎤✨ O 2º dia de audições do Festival Barzinho & Violão trouxe ainda mais emoção e vozes inesquecíveis! Os classificados da noite foram: Gallo, Paula Jesmyelle e Greidiane Lira! 

Agora é contagem regressiva para a grande final, que acontece no lançamento da Sudoexpo, dia 3 de outubro. Quem será a voz que vai conquistar o título? 🎶

📍 Realização: ACIRV
🤝 Patrocínio: Sicoob Empresarial
🎓 Apoio: UniRV e Prefeitura de Rio Verde

#FestivalBarzinhoEViolão #ACIRV #Sudoexpo2026 #MúsicaQueConecta";4420;3532;171;84;14;0;18;1;;269;000-Arquivos-originais/DADOS ACIRV - HD EXTERNO/Dados instagram - 100425 até 100426/logged_information/past_instagram_insights/posts.json;32e452c2d6101cea98aaccf47bb39ea37d0836bc;extraido_export_meta_sem_reconciliacao_com_totais_da_conta
119;2025-09-08T12:05:33-03:00;18091301725743013;"A Excellent Global (@excellentglobalrv) é uma escola de idiomas que ministra aulas 100% conversação, com uma metodologia de ensino “não-linear”, que permite uma aprendizagem rápida e eficaz.

A instituição de ensino oferece uma gama completa de cursos para atender as necessidades de aprendizado do aluno. Dentre eles estão: Inglês, Espanhol, Português para Estrangeiros, além do Curso Trílingue Exclusivo - uma oportunidade de dominar simultaneamente o Francês, o Espanhol e o Italiano. Também há acompanhamento escolar  para as disciplinas de Língua Portuguesa e Matemática.

A empresária @simonesmoraes12 relata que a valorização do aluno e unir forças foram motivações para que ela decidisse se associar à ACIRV. ""Através dessa parceria buscamos  gerar trocas de conhecimento e experiências, aumentar nossa visibilidade mútua e, juntos, oferecer um valor ainda maior para nossos alunos e comunidades. Acreditamos que a união de nossas forças pode proporcionar novas oportunidades de aprendizado e crescimento para todos(as)"", disse a proprietária.

Agradecemos pela confiança. Seja bem-vinda você, Simone, e toda sua equipe ao time de associados ACIRV. 

#ACIRVassociados #ACIRVExcellentGlobalIdiomas #EscolaDeIdiomas #RioVerde";838;702;24;7;5;0;6;0;;36;000-Arquivos-originais/DADOS ACIRV - HD EXTERNO/Dados instagram - 100425 até 100426/logged_information/past_instagram_insights/posts.json;32e452c2d6101cea98aaccf47bb39ea37d0836bc;extraido_export_meta_sem_reconciliacao_com_totais_da_conta
120;2025-09-08T08:30:00-03:00;18082991476930291;"🎶✨ O talento falou alto no 1º dia de audições do Festival Barzinho & Violão! Nossos classificados — Arturito, Ellen Farias e Weder Ribeiro foram um dos 6 finalistas que emocionaram o público e conquistaram seu espaço rumo à grande final.

E a jornada está só começando: a decisão será no lançamento da Sudoexpo, dia 3 de outubro, quando conheceremos quem vai brilhar como grande vencedor(a).

📍 Festival realizado pela ACIRV
🤝 Patrocínio: Sicoob Empresarial
🎓 Apoio: UniRV e Prefeitura de Rio Verde

#FestivalBarzinhoEViolão #ACIRV #Sudoexpo2026 #MúsicaÉCultura";4097;3164;159;51;14;2;38;5;;226;000-Arquivos-originais/DADOS ACIRV - HD EXTERNO/Dados instagram - 100425 até 100426/logged_information/past_instagram_insights/posts.json;32e452c2d6101cea98aaccf47bb39ea37d0836bc;extraido_export_meta_sem_reconciliacao_com_totais_da_conta
121;2025-09-07T09:30:21-03:00;18123160681489228;"🇧🇷 Independência se conquista todos os dias.

Em Rio Verde, ela se manifesta no comércio que cresce, nas indústrias que inovam e nas pessoas que fazem a diferença.

Neste 7 de Setembro, a ACIRV celebra o orgulho de ser brasileiro e o compromisso com o desenvolvimento da nossa cidade e região.

💚 Juntos somos mais fortes. Juntos somos Brasil.

#ACIRV #7DeSetembro #IndependênciaDoBrasil";266;239;11;6;2;0;1;0;;19;000-Arquivos-originais/DADOS ACIRV - HD EXTERNO/Dados instagram - 100425 até 100426/logged_information/past_instagram_insights/posts.json;32e452c2d6101cea98aaccf47bb39ea37d0836bc;extraido_export_meta_sem_reconciliacao_com_totais_da_conta
122;2025-09-04T18:05:48-03:00;17929204913982748;"A ValeSafe (@valesafe.rioverde) é uma rede de franquias - que nasceu em 2012, na cidade de Taubaté, no estado de SP - e chegou a Rio Verde em 2024. A empresa tem o intuito não só de realizar transações comerciais, mas de fazer parte da segurança de cada trabalhador da região, aliando atendimento especializado a preço justo.

O sócio-administrador, @sampaioricardo, e sua sócia e esposa, @andressaroberti, buscam representatividade junto à ACIRV. “Nos filiamos com o intuito de podermos fazer parte da entidade de uma forma que clareie e abra novos horizontes, desde a representatividade em eventuais tratativas que envolvam nossa classe do comércio, além do apoio e de parcerias, com o objetivo de evoluirmos a empresa nos setores internos”, declarou o sócio-administrador. 

Representatividade é o nosso lema! 

Bem-vindo, esperamos que seja uma jornada de sucesso! 

#ACIRVassociados #SegurançaDoTrabalho #RioVerde";1722;1470;62;18;5;0;12;2;;85;000-Arquivos-originais/DADOS ACIRV - HD EXTERNO/Dados instagram - 100425 até 100426/logged_information/past_instagram_insights/posts.json;32e452c2d6101cea98aaccf47bb39ea37d0836bc;extraido_export_meta_sem_reconciliacao_com_totais_da_conta
123;2025-09-01T07:25:48-03:00;18057703667119954;"Setembro Amarelo: Você não está sozinho.

A ACIRV acredita que falar é o primeiro passo para curar.

Neste Setembro Amarelo, reforçamos o compromisso com a vida, com o cuidado e com a escuta ativa.

Você é importante. Sua vida tem valor.
Se algo não vai bem, procure apoio. Vamos quebrar o tabu, abraçar o diálogo e construir uma sociedade mais empática.

📞 Se você estiver passando por um momento difícil, não hesite em buscar ajuda. O Centro de Valorização da Vida (CVV) oferece apoio emocional gratuito, 24h por dia: Ligue 188.

#ACIRVcausas #SetembroAmarelo #PrevençãoAoSuicídio #SaúdeMental";232;213;7;0;1;0;4;0;;8;000-Arquivos-originais/DADOS ACIRV - HD EXTERNO/Dados instagram - 100425 até 100426/logged_information/past_instagram_insights/posts.json;32e452c2d6101cea98aaccf47bb39ea37d0836bc;extraido_export_meta_sem_reconciliacao_com_totais_da_conta
124;2025-08-29T12:05:43-03:00;18047445530315860;"No Paço Municipal, na Sala do Agro, a ACIRV se reuniu com o vice-prefeito de Rio Verde Walter Baylão, essa semana. O intuito do encontro teve como objetivo estreitar laços e discutir parcerias estratégicas que beneficiem o comércio e a indústria local.

José Carlos Cintra, presidente da ACIRV, falou sobre a união entre as entidades para garantir melhorias visando o bem do setor empresarial. ""Essa aproximação com o poder público é essencial para que possamos juntos superar desafios e aproveitar as oportunidades que nossa cidade oferece"", observou. 

#ACIRVreuniões #PoderExecutivo #RioVerde";759;714;36;0;0;0;0;0;;36;000-Arquivos-originais/DADOS ACIRV - HD EXTERNO/Dados instagram - 100425 até 100426/logged_information/past_instagram_insights/posts.json;32e452c2d6101cea98aaccf47bb39ea37d0836bc;extraido_export_meta_sem_reconciliacao_com_totais_da_conta
125;2025-08-27T19:20:06-03:00;17872300602422469;"✨ Começar o dia com bons contatos, boas conversas e um bom café faz toda a diferença!

O Café Entre Amigos da ACIRV é amanhã e você é nosso(a) convidado(a) especial para esse momento de conexão e troca entre empreendedores, empresários e profissionais da região.

📅 28 de agosto de 2025
🕢 7h30
📍 Auditório da ACIRV

O evento é gratuito, mas é necessário realizar sua inscrição pelo link: https://www.sympla.com.br/evento/cafe-entre-amigos-da-acirv/3089667

Traga seu cartão de visitas, suas ideias e sua energia! Networking e oportunidades te esperam logo cedo. 😉

#ACIRVeventos #CaféEntreAmigos #BomDiaComNetworking #RioVerde";290;269;11;0;0;0;2;0;;11;000-Arquivos-originais/DADOS ACIRV - HD EXTERNO/Dados instagram - 100425 até 100426/logged_information/past_instagram_insights/posts.json;32e452c2d6101cea98aaccf47bb39ea37d0836bc;extraido_export_meta_sem_reconciliacao_com_totais_da_conta
126;2025-08-25T18:05:19-03:00;18014373737784988;"Com o objetivo de realizar novas conexões e ampliar o networking, os sócios @chayene.cynthia e @silfarneyoliveiramaia aderiram à ACIRV. Chayene possui 29 anos de experiência no setor do agronegócio e seu esposo Silfarney é especialista na área comercial. 

Juntos, eles aliaram o know-how que possuem no segmento e há dois anos administram a Central Sementes Brasil (@centralsementesbrasil).

Localizada em Rio Verde, a empresa comercializa uma variedade de sementes como: arroz, feijão, soja, milheto e mix de cobertura. 

#ACIRVassociados #ACIRVCentralSementesBrasil #Agranegócio #RioVerde";1120;1028;31;2;3;0;3;0;;36;000-Arquivos-originais/DADOS ACIRV - HD EXTERNO/Dados instagram - 100425 até 100426/logged_information/past_instagram_insights/posts.json;32e452c2d6101cea98aaccf47bb39ea37d0836bc;extraido_export_meta_sem_reconciliacao_com_totais_da_conta
127;2025-08-21T12:40:50-03:00;17875878822402439;"Informamos que o Encontro de Planejamento Estratégico do Núcleo Setorial de Saúde da ACIRV foi adiado.

A decisão foi tomada para garantir a participação plena dos envolvidos e a melhor condução das atividades propostas. Em breve, divulgaremos a nova data e detalhes da programação atualizada.

Agradecemos a compreensão de todos e reforçamos o nosso compromisso como  organização de um encontro produtivo e alinhado às expectativas dos participantes.

🔄 Fique atento aos nossos canais oficiais para as próximas atualizações!

#ACIRVeventos #NúcleoDeSaúde #PlanejamentoEstratégico #ProfissionaisDeSaúde #Comunicado #NovaDataEmBreve #RioVerde";294;250;7;0;0;0;4;0;;7;000-Arquivos-originais/DADOS ACIRV - HD EXTERNO/Dados instagram - 100425 até 100426/logged_information/past_instagram_insights/posts.json;32e452c2d6101cea98aaccf47bb39ea37d0836bc;extraido_export_meta_sem_reconciliacao_com_totais_da_conta
128;2025-08-21T07:30:33-03:00;18084456460870588;"🚀 Empresário, esse convite é para você!

No dia 28 de agosto, às 7h30, te esperamos na sede da ACIRV para mais uma edição do Café Entre Amigos: um momento especial para networking, troca de ideias e fortalecimento de conexões entre empresários da nossa região.

☕ O café é por nossa conta e a conversa também promete ser boa!

✅ A participação é gratuita, mas é necessário confirmar presença. 

📲 Inscreva-se agora pelo link: https://www.sympla.com.br/evento/cafe-entre-amigos-da-acirv/3089667

Nos vemos lá?

#ACIRVeventos #CaféEntreAmigos #EventoEmpresarial #RioVerde";683;565;18;2;5;0;8;0;3;25;000-Arquivos-originais/DADOS ACIRV - HD EXTERNO/Dados instagram - 100425 até 100426/logged_information/past_instagram_insights/posts.json;32e452c2d6101cea98aaccf47bb39ea37d0836bc;extraido_export_meta_sem_reconciliacao_com_totais_da_conta
129;2025-08-20T07:40:15-03:00;18106780591493864;"❓O que é arbitragem?

É uma forma de resolver disputas fora da justiça comum, de maneira mais rápida, sigilosa e eficaz.

A Câmara de Arbitragem da ACIRV é especializada em promover soluções para empresas e cidadãos de forma moderna e segura.

💡 Você sabia que pode incluir a cláusula compromissória de arbitragem nos seus contratos?

Fale com a ACIRV e saiba mais!

#DireitoAlternativo #CâmaraDeArbitragem #RapidezNaJustiça #ACIRVeCAM";418;366;8;0;2;0;2;0;;10;000-Arquivos-originais/DADOS ACIRV - HD EXTERNO/Dados instagram - 100425 até 100426/logged_information/past_instagram_insights/posts.json;32e452c2d6101cea98aaccf47bb39ea37d0836bc;extraido_export_meta_sem_reconciliacao_com_totais_da_conta
130;2025-08-15T12:15:25-03:00;17962587800950907;"Boas notícias para os músicos! 🎶

O prazo de inscrições do Festival Barzinho e Violão, da ACIRV, foi estendido! 

E o melhor: você pode se inscrever e enviar seu vídeo talentoso logo no ato. Mostre seu som e alcance o palco. 

Inscrições na bio! 📲

#ACIRVfestival #ACIRVSudoexpo #BarzinhoEViolão #TalentoMusical";855;747;22;0;21;2;12;0;10;45;000-Arquivos-originais/DADOS ACIRV - HD EXTERNO/Dados instagram - 100425 até 100426/logged_information/past_instagram_insights/posts.json;32e452c2d6101cea98aaccf47bb39ea37d0836bc;extraido_export_meta_sem_reconciliacao_com_totais_da_conta
131;2025-08-13T19:23:25-03:00;18074075183085353;"Nota de Pesar - Manifestamos profundo pesar pelo falecimento do Dr. Juraci Martins, ex-prefeito de Rio Verde, ocorrido na tarde desta quarta-feira. 

Sua trajetória como médico e gestor público deixou marcas significativas no desenvolvimento de nossa cidade, sempre pautada pelo compromisso com a comunidade e pela dedicação ao bem-estar da população.

Neste momento de dor, a ACIRV se solidariza com familiares, amigos e toda a população rio-verdense, reconhecendo e honrando a contribuição do Dr. Juraci para a história e o progresso de Rio Verde.

Que seu legado inspire futuras gerações a trabalhar com ética, respeito e amor pela nossa cidade.";868;743;46;0;0;0;7;0;;46;000-Arquivos-originais/DADOS ACIRV - HD EXTERNO/Dados instagram - 100425 até 100426/logged_information/past_instagram_insights/posts.json;32e452c2d6101cea98aaccf47bb39ea37d0836bc;extraido_export_meta_sem_reconciliacao_com_totais_da_conta
132;2025-08-13T18:00:48-03:00;17989672352832664;"✨ Oportunidades movem negócios!

A ACIJ está organizando um evento que promete transformar a maneira como você enxerga sua empresa — e a ACIRV tem orgulho de ajudar a espalhar essa iniciativa!

Um encontro feito para quem quer aprender, se conectar e crescer.

📌 Em Jataí, para toda a região!
📆 Data: 30/08/2025
📍 Local: auditório do Sesc Jataí

➡️ Em breve mais detalhes. Fique atento(a)!

#ACIRV #ACIJ #JataiEmpreende #DesenvolvimentoRegional #EventoEmpresarial";340;314;11;1;0;1;2;0;;13;000-Arquivos-originais/DADOS ACIRV - HD EXTERNO/Dados instagram - 100425 até 100426/logged_information/past_instagram_insights/posts.json;32e452c2d6101cea98aaccf47bb39ea37d0836bc;extraido_export_meta_sem_reconciliacao_com_totais_da_conta
133;2025-08-12T18:00:32-03:00;18076901531068155;"Você está pronto(a) para transformar a forma como se comunica e lidera? 🔊

Participe da Oficina ""In Book: Comunicação e Liderança"". Trata-se de um evento dinâmico e interativo em que você irá aprender, de forma prática e lúdica, conceitos e estratégias de gestão alinhados a metodologias atuais. 

🗓 Data: 19/08/25 (terça-feira)
🕖 Horário: às 19h
📍 Local: ACIRV — rua Dona Maricota, 199
Jardim Marconal - Rio Verde (GO)

O evento é gratuito. Mas para participar, é necessário se inscrever pelo link: https://beevent.sebraego.com.br/inscreva-se/173770115

Esperamos por você! 

#ACIRVoficinas #ACIRVeventos #ACIRVeSEBRAE #ComunicaçãoLiderança #RioVerde";433;371;15;0;8;4;4;0;1;27;000-Arquivos-originais/DADOS ACIRV - HD EXTERNO/Dados instagram - 100425 até 100426/logged_information/past_instagram_insights/posts.json;32e452c2d6101cea98aaccf47bb39ea37d0836bc;extraido_export_meta_sem_reconciliacao_com_totais_da_conta
134;2025-08-10T08:00:41-03:00;18323052103233993;"FELIZ DIA DOS PAIS! 👔

Como nos negócios, também na vida, ser pai é investir tempo, amor e dedicação para colher os melhores frutos.

A ACIRV parabeniza todos os pais empreendedores de sonhos e construtores de futuros!

#ACIRVhomenagem #DiaDosPais #Empreendedorismo #Família 👨‍👧‍👦🧑🏿‍🍼";186;164;17;2;0;0;2;0;;19;000-Arquivos-originais/DADOS ACIRV - HD EXTERNO/Dados instagram - 100425 até 100426/logged_information/past_instagram_insights/posts.json;32e452c2d6101cea98aaccf47bb39ea37d0836bc;extraido_export_meta_sem_reconciliacao_com_totais_da_conta
135;2025-08-08T15:49:37-03:00;18036839141430059;"Presente há 20 anos no mercado, a FC Instalações Elétricas, encabeçada pelo sócio-proprietário Fernando Gomes Pereira, já chega atuante na lista de novos associados da ACIRV. 

É que o empresário já participou do seu primeiro Café de Negócios, ocorrido no último dia 29. ""Foi muito importante ter ido ao nosso primeiro evento como associado. Fizemos a inscrição no Programa ALI e pretendemos colocar em prática o que nos for passado no decorrer do projeto"", salientou ele, que já esteve em outras reuniões antes mesmo de firmar parceria com a ACIRV. 

Vale ressaltar que a empresa é responsável por realizar instalação e manutenção elétrica industrial, comercial e residencial, incluindo casas de alto padrão. 

Vem fazer parte do nosso time de associados você também, empresário rioverdense! 

#ACIRVassociados #ACIRVFCInstalaçõesElétricas #RioVerde 🫱🏻‍🫲🏾";624;552;23;0;3;0;6;0;1;26;000-Arquivos-originais/DADOS ACIRV - HD EXTERNO/Dados instagram - 100425 até 100426/logged_information/past_instagram_insights/posts.json;32e452c2d6101cea98aaccf47bb39ea37d0836bc;extraido_export_meta_sem_reconciliacao_com_totais_da_conta
136;2025-08-08T07:40:50-03:00;18299803774218720;"🎤🌟 Microfones preparados, vozinhas afinadas e muita fofura no ar!
O Pirulito e Violão está com as inscrições A-BER-TAS!

Se sua criança vive cantando até no banho, chegou o momento de brilhar no palco!
👉 Inscrições até 1º de setembro, pelo link: https://shre.ink/festivalpirulitoeviolaoacirv

📍 Realização: ACIRV
🎶 Bora fazer parte desse espetáculo?

#FestivalPirulitoEViolão #VemCantar #CulturaInfantil #ACIRV";326;296;12;0;2;1;0;0;;15;000-Arquivos-originais/DADOS ACIRV - HD EXTERNO/Dados instagram - 100425 até 100426/logged_information/past_instagram_insights/posts.json;32e452c2d6101cea98aaccf47bb39ea37d0836bc;extraido_export_meta_sem_reconciliacao_com_totais_da_conta
137;2025-08-06T18:17:21-03:00;18059220602075934;"🩺 CONVITE ESPECIAL - SAÚDE EMPREENDEDORA 

Você, empresário ou profissional da área da Saúde, é nosso convidado para um bate-papo imperdível sobre como transformar o CNPJ em um grande aliado da sua carreira e do seu negócio.

Data e Hora: 11/08/2025 – 19h
Local: Auditório da ACIRV 
Rua Dona Maricota, 199 - Jardim Marconal 
Rio Verde (GO)

Está na programação, uma palestra - ministrada por @andersonlimacontador, representante do @sebraegoias - sobre os benefícios legais, tributários e empresariais que podem impulsionar o crescimento de profissionais e empresas do segmento da Saúde, com orientações práticas e oportunidades para melhorar sua atuação no mercado.

Após a atividade, é prevista a formação de uma roda de conversa em que o contador de Saúde e advogado @miguel.bispo.neto irá se unir ao palestrante e, juntos, complementarão a temática reforçando ações importantes de formalização no setor. 

Participe e descubra como o empreendedorismo pode fortalecer ainda mais sua carreira!

INSCREVA-SE: https://beevent.sebraego.com.br/inscreva-se/174221066

#ACIRVeventos #ProfissionaisDaSaúde #RioVerde";1026;720;13;2;6;0;10;1;;21;000-Arquivos-originais/DADOS ACIRV - HD EXTERNO/Dados instagram - 100425 até 100426/logged_information/past_instagram_insights/posts.json;32e452c2d6101cea98aaccf47bb39ea37d0836bc;extraido_export_meta_sem_reconciliacao_com_totais_da_conta
138;2025-08-04T14:00:01-03:00;18033898760694725;"Há 14 anos no mercado, o novo associado da ACIRV Wesley Drinks (@wesleydrink3.8) apresenta serviços de organização de feiras, congressos, exposições e festas, como aniversários e casamentos.

O proprietário @wesley.erreira está otimista com a parceria da ACIRV. ""Estamos com boas expectativas, pois integrar a minha empresa à associação vai transmitir credibilidade para os clientes, além de ser uma oportunidade para dar mais visibilidade, isso porque só é lembrado quem é visto"", observou.

Seja você também nosso novo associado!

#ACIRVassociados #ACIRVeWesleyDrinks #RioVerde";643;595;25;2;3;0;5;0;;30;000-Arquivos-originais/DADOS ACIRV - HD EXTERNO/Dados instagram - 100425 até 100426/logged_information/past_instagram_insights/posts.json;32e452c2d6101cea98aaccf47bb39ea37d0836bc;extraido_export_meta_sem_reconciliacao_com_totais_da_conta
139;2025-08-04T07:40:18-03:00;18367941760181226;"✨️ NÃO PERCA ESTA CHANCE DE BRILHAR!

O palco tá montado.
O violão afinado.
Só falta a sua voz.

O Festival Barzinho e Violão está com inscrições abertas até 15 de agosto! 🗓️

É o espaço perfeito pra quem quer dividir sua música com o mundo em um ambiente intimista, cheio de afeto e boa energia.

🎶 Bora transformar emoção em melodia?
Se inscreva já pelo link: https://shre.ink/festivalbarzinhoeviolaoacirv

#ACIRVFestivalBarzinhoeViolão #BarzinhoeViolão #RioVerde #NovosTalentosMusicais";8136;--;44;4;24;9;275;35;48;81;000-Arquivos-originais/DADOS ACIRV - HD EXTERNO/Dados instagram - 100425 até 100426/logged_information/past_instagram_insights/posts.json;32e452c2d6101cea98aaccf47bb39ea37d0836bc;extraido_export_meta_sem_reconciliacao_com_totais_da_conta
140;2025-07-30T19:30:57-03:00;18049726091204086;"Uma produtiva reunião foi realizada recentemente, com membros da ACIRV e representantes da OCB, cooperativa Comigo e Coop-Recicla, com o intuito de  discutir oportunidades ligadas ao crédito de carbono. 

""O encontro trouxe perspectivas promissoras de negócios sustentáveis, reforçando a importância da união entre cooperativismo e responsabilidade ambiental"", destaca José Carlos Cintra. 

#ACIRVeResponsabilidadeSocial #ACIRVeCréditodeCarbono #RioVerde";421;408;25;0;2;1;5;0;;28;000-Arquivos-originais/DADOS ACIRV - HD EXTERNO/Dados instagram - 100425 até 100426/logged_information/past_instagram_insights/posts.json;32e452c2d6101cea98aaccf47bb39ea37d0836bc;extraido_export_meta_sem_reconciliacao_com_totais_da_conta
141;2025-07-29T12:06:38-03:00;18006236672619202;"🎶🌈 Pirulito, violão... e muita imaginação!
Chegou o momento das crianças brilharem no palco!

🎤 Estão abertas as inscrições para o Festival Pirulito e Violão, promovido com carinho pela ACIRV.

Se a sua criança ama música, o palco está chamando!
🎼 Bora fazer parte desse espetáculo?

💻 Inscreva-se agora pelo link: https://shre.ink/festivalpirulitoeviolaoacirv

#FestivalPirulitoeViolao #ACIRVeventos #ACIRVeSudoexpo";29541;27132;24;1;7;0;7;1;37;32;000-Arquivos-originais/DADOS ACIRV - HD EXTERNO/Dados instagram - 100425 até 100426/logged_information/past_instagram_insights/posts.json;32e452c2d6101cea98aaccf47bb39ea37d0836bc;extraido_export_meta_sem_reconciliacao_com_totais_da_conta
142;2025-07-28T09:58:48-03:00;18066623266907394;"🎵 Já imaginou você cantando para uma plateia cheia, com luzes e aplausos?

👉 Então responde aí:
Você tem uma voz que emociona?
Toca aquele violão que arrepia?
Tem um duo ou toca solo?

As inscrições para o Festival Barzinho e Violão estão abertas!
Mostre seu talento e represente a nossa cidade no palco 🎙️

🔗 Inscreva-se agora: LINK NA BIO! 
https://shre.ink/festivalbarzinhoeviolaoacirv

#BarzinhoEViolão2025 #ACIRV #MúsicaLocal #VemProFestival";7106;--;61;6;26;2;62;3;;95;000-Arquivos-originais/DADOS ACIRV - HD EXTERNO/Dados instagram - 100425 até 100426/logged_information/past_instagram_insights/posts.json;32e452c2d6101cea98aaccf47bb39ea37d0836bc;extraido_export_meta_sem_reconciliacao_com_totais_da_conta
143;2025-07-25T11:13:45-03:00;18093855835712308;"""A educação é a base para o desenvolvimento pessoal e, consequentemente, de
 toda comunidade. Diante disso, as forças empresariais promovem o crescimento, e o nosso papel, como empresa educacional, é de servir proporcionando aprendizado. A ACIRV já faz parte da nossa história, pois além de abrir portas também auxilia no relacionamento com outras instituições"", comenta o mais novo associado @altemiro_neto.

A nova empresa parceira da ACIRV é a YPY Educacional Centro-Oeste (@ypyeducacionalcentrooeste). Trata-se de uma escola direcionada para quem pretende concluir os ensinos Fundamental e Médio, em modelo à distância. Além disso, o instituto oferece mais de 40 cursos técnicos, sendo o carro-chefe o de Transações Imobiliárias. Provas de títulos também podem ser realizadas, de acordo com o grau de conhecimento do aluno.

Não perca tempo, seja também nosso associado! 

#ACIRVassociados #ACIRVparceria #ACIRVe YPYEducacionalCentroOeste #RioVerde";1351;1159;46;2;2;3;2;3;;53;000-Arquivos-originais/DADOS ACIRV - HD EXTERNO/Dados instagram - 100425 até 100426/logged_information/past_instagram_insights/posts.json;32e452c2d6101cea98aaccf47bb39ea37d0836bc;extraido_export_meta_sem_reconciliacao_com_totais_da_conta
144;2025-07-22T17:30:31-03:00;18091621033638203;"Está em busca de algum tipo de seguro? O novo associado da ACIRV, a Seguralta Rio Verde (@seguralta.rioverde) pode ajudar! A empresa, que está em atividade há 15 anos, oferece serviços de seguros de automóveis, de vida, empresarial e residencial, além de consórcios.

""A dificuldade de empreender no Brasil é grande nos dias de hoje. Mas com união da classe empresarial e a representatividade da  ACIRV, podemos nos fortalecer. E isso nos permite oferecer serviços para uma sociedade cada vez melhor"", observa o sócio-proprietário @abilionato. 

Ainda não é um associado ACIRV? Fale com o nosso time e conheça os benefícios! 

#ACIRVassociados #ACIRVparceria #ACIRVeSeguraltaRioVerde #RioVerde";431;386;25;2;0;0;1;1;;27;000-Arquivos-originais/DADOS ACIRV - HD EXTERNO/Dados instagram - 100425 até 100426/logged_information/past_instagram_insights/posts.json;32e452c2d6101cea98aaccf47bb39ea37d0836bc;extraido_export_meta_sem_reconciliacao_com_totais_da_conta
145;2025-07-16T17:30:33-03:00;17872553043391775;"A ACIRV dá boas-vindas para mais um associado! Dessa vez, quem entra no nosso quadro é a Jeomaq Telas Prado (@jeomaqrv), que está no mercado desde 2017, na cidade de Rio Verde. A empresa, liderada por Jorge Luiz Rosa do Prado, tem em seu portfólio a venda de telas, alambrados, postes, bloquetes, cocho para confinamento e bebedouro entre outros serviços.

A administradora @elaineluiza.silvaprado está animada com a nova parceria. ""A ACIRV tem muito destaque e nome no mercado. Por conta disso, vai nos auxiliar no crescimento da empresa. Além do networking, que é muito importante, também temos acesso à capacitação para aprimorar a oferta de nossos serviços aos clientes"", disse ela.

#ACIRVassociados #ACIRVparceria #ACIRVeJeomaq #RioVerde";1143;1078;33;4;1;1;9;0;;39;000-Arquivos-originais/DADOS ACIRV - HD EXTERNO/Dados instagram - 100425 até 100426/logged_information/past_instagram_insights/posts.json;32e452c2d6101cea98aaccf47bb39ea37d0836bc;extraido_export_meta_sem_reconciliacao_com_totais_da_conta
146;2025-07-16T12:00:17-03:00;18045529847270168;"A ACIRV possui um auditório moderno e uma sala para treinamentos e reuniões disponíveis para o seu evento! 

Os espaços são equipados com multimí­dia, som, bebedouro e ar condicionado. O auditório tem capacidade para 120 pessoas sentadas e a sala de treinamentos e reuniões comporta até 30 visitantes. 

E o melhor: nossos associados pagam preços diferenciados!

#ACIRVeventos #ACIRVserviços 🧑🏾‍💻✍🏻";782;651;14;0;3;0;2;0;;17;000-Arquivos-originais/DADOS ACIRV - HD EXTERNO/Dados instagram - 100425 até 100426/logged_information/past_instagram_insights/posts.json;32e452c2d6101cea98aaccf47bb39ea37d0836bc;extraido_export_meta_sem_reconciliacao_com_totais_da_conta
147;2025-07-15T12:00:30-03:00;18115341883498004;"Pensando no crescimento acelerado da cidade de Rio Verde, a ACIRV está sempre lançando novos projetos. Com a missão de impulsionar o desenvolvimento social, polí­tico e econômico da região, além de representar os interesses da classe empresarial em todos as esferas institucionais. 
 
As empresas ganham força através da união, sempre buscando ideais e resultados de interesses em comum. 
 
Tudo isso, pensando em você, empresário! Assim como no crescimento da sua empresa. Conheça nossos serviços e seja um associado.

#ACIRVassociados #ACIRVinstitucional 🤵🏼🤵🏽‍♀️";468;434;15;0;1;0;2;0;;16;000-Arquivos-originais/DADOS ACIRV - HD EXTERNO/Dados instagram - 100425 até 100426/logged_information/past_instagram_insights/posts.json;32e452c2d6101cea98aaccf47bb39ea37d0836bc;extraido_export_meta_sem_reconciliacao_com_totais_da_conta
148;2025-07-14T11:39:35-03:00;17918079897106329;"Recebemos hoje mais uma grande empresa como associada: a Codepa Engenharia (@codeparioverde ), representada por Everton Eduardo Kochhann. A empresa é referência em projetos e construção civil em Rio Verde.

Acreditamos que conexões fortalecem negócios — e é com entusiasmo que damos as boas-vindas à Codepa à nossa rede de empreendedores que fazem a diferença na cidade.

Que essa parceria seja marcada por crescimento mútuo e novas oportunidades!

#ACIRV #NovosAssociados #ConstruçãoCivil #CodepaEngenharia #Empreendedorismo #ForçaEmpresarial #RioVerde";1347;1168;45;0;4;0;4;1;;49;000-Arquivos-originais/DADOS ACIRV - HD EXTERNO/Dados instagram - 100425 até 100426/logged_information/past_instagram_insights/posts.json;32e452c2d6101cea98aaccf47bb39ea37d0836bc;extraido_export_meta_sem_reconciliacao_com_totais_da_conta
149;2025-07-01T15:26:18-03:00;18062567639468203;"O presidente da ACIRV, José Carlos Cintra e os vice-presidentes Wenya Alecrim e Cássio Iplinsky participaram nesta segunda-feira (30/06) de uma entrevista com o Costa Filho na Rádio Morada do Sol.  Em entrevista o atual presidente e diretores da recém empossada diretoria triênio 2025/2028, retrataram suas expectativas e projetos para a gestão nos próximos anos, garantindo compromisso com os associados e a classe empresarial de Rio Verde-GO e região.🤝🚀

#acirv#associações #compromiso";1073;893;44;1;0;1;5;0;;46;000-Arquivos-originais/DADOS ACIRV - HD EXTERNO/Dados instagram - 100425 até 100426/logged_information/past_instagram_insights/posts.json;32e452c2d6101cea98aaccf47bb39ea37d0836bc;extraido_export_meta_sem_reconciliacao_com_totais_da_conta
150;2025-07-01T08:43:15-03:00;17950408295868244;"EM JATAÍ, PRESIDENTE DA ACIRV JOSÉ CARLOS CINTRA MARCA PRESENÇA EM ENCONTRO REGIONAL DA FACIEG 

Promovido pela Federação das Associações Comerciais, Industriais e Agropecuárias do Estado de Goiás (FACIEG) no Hotel Thermas Bonsucesso, o evento reuniu importantes lideranças da região para discutir estratégias e ações voltadas ao fortalecimento do setor produtivo goiano.

Representando a ACIRV no Encontro, o presidente José Carlos Cintra cumprimentou o Presidente Márcio Luiz e a FACIEG pelo trabalho que vem realizando em benefício dos associados e da classe empresarial. Reafirmou também o compromisso de Rio Verde com o desenvolvimento econômico regional. Acompanharam o presidente José Carlos o vice-presidente de Comércio, Gustavo Lacerda e o Diretor Consultivo, Eduardo Lobo. 

Na imagem: (Gustavo Lacerda, José Carlos Cintra, Márcio Luís (presidente da FACIEG), Wanessa Cruvinel (presidente da ACIJ) e Eduardo Lobo)";752;678;23;1;2;0;4;0;;26;000-Arquivos-originais/DADOS ACIRV - HD EXTERNO/Dados instagram - 100425 até 100426/logged_information/past_instagram_insights/posts.json;32e452c2d6101cea98aaccf47bb39ea37d0836bc;extraido_export_meta_sem_reconciliacao_com_totais_da_conta
151;2025-06-30T10:39:46-03:00;18118477798479192;"CONFIRA AGORA QUEM SÃO OS MEMBROS QUE COMPÕEM A NOVA DIRETORIA DA ACIRV – GESTÃO 2025 / 2028 

Empossada na noite da última sexta-feira (27), a nova Diretoria da Associação Comercial, Industrial e Serviços de Rio Verde é composta pelos seguintes membros: 

Presidente – José Carlos Cintra 
Vice-presidente de Comércio - Gustavo Ribeiro Lacerda Santos
Vice-presidente de Indústria – Cássio Bellintani Iplinski
Vice-presidente de Prestação de Serviços – Wenya Alves Alecrim 
Vice-presidente de Patrimônio – Marcos Humberto de Jesus Ribeiro 
Vice-presidente de Micro e Pequenas Empresas – Raphael Moraes Valongo
Vice-presidente de Agronegócios – Oswaldo Abud Rocha Filho
1º Diretor Administrativo – Luciano Martins Ribeiro 
 2º Diretor Administrativo – Marcelo Ferreira de Oliveira
1º Diretor Financeiro – Diego Modolo Ribeiro
2º Diretor Financeiro – Kenya Souza Leite
Diretor de Feiras e Eventos – Carlos Augusto Rego de Moraes
Diretor Social – Edney Arakaki
Diretor de Relações Públicas – Adria da Silva Rocha
Diretor Jurídico – Ana Paula Cabral Barbosa Andrade
Diretor ACIRV Jovem – Fernando Pereira Barbosa
Diretor Consultivo – Eduardo do Prado Lobo 
Diretor de Aprimoramento Profissional – Jackcely Gouveia do Carmo 
Diretor de Assuntos Filantrópicos – Suely Aparecida Turra Molero
Diretor de Assuntos Institucionais – Carlos Alberto Leão Barros
 Diretor de Assuntos Econômicos – Rodrigo Santos Silva
Diretor de Assuntos Contábeis – Sidenilso Filgueira dos Santos
Conselho Fiscal – Edson Alves da Silva 
Conselho Fiscal – Danilo Borges Vieira Garcia 
Conselho Fiscal – Ivo Marques de Moraes Júnior
Suplente do Conselho Fiscal – Ailton Nogueira da Silva 
Suplente do Conselho Fiscal – Fabio Matheus Salomão 
Suplente do Conselho Fiscal – Murilo Borges Vieira Garcia";677;604;46;1;6;1;9;0;;54;000-Arquivos-originais/DADOS ACIRV - HD EXTERNO/Dados instagram - 100425 até 100426/logged_information/past_instagram_insights/posts.json;32e452c2d6101cea98aaccf47bb39ea37d0836bc;extraido_export_meta_sem_reconciliacao_com_totais_da_conta
152;2025-06-27T09:15:17-03:00;17930033556064826;"DIRETORES RAPHAEL VALONGO E GUSTAVO LACERDA REPRESENTAM ACIRV EM EVENTO DA ASSOCIAÇÃO DOS ENGENHEIROS CIVIS DE RIO VERDE

Recém fundada, a Associação dos Engenheiros Civis de Rio Verde já começa sua trajetória com ações de grande relevância para a categoria, como essa palestra sobre o uso da Inteligência Artificial (IA) na engenharia civil. A AECRV tem como presidente o engenheiro Cássio Horbilon.

Representaram a ACIRV no evento vice-presidente de Micro e Pequena Empresa, Raphael Valongo e o Diretor Gustavo Ribeiro Lacerda.

A AECRV

A Associação dos Engenheiros Civis de Rio Verde - AECRV foi fundada com o objetivo de fortalecer a classe dos profissionais de Engenharia Civil de Rio Verde e região, promovendo capacitação técnica, palestras e criar parcerias, visando principalmente a melhoria da engenharia local.

(Na foto, da esquerda para a direita: Raphael, Gustavo e o engenheiro Marquinhos)";1022;948;32;2;0;0;2;1;;34;000-Arquivos-originais/DADOS ACIRV - HD EXTERNO/Dados instagram - 100425 até 100426/logged_information/past_instagram_insights/posts.json;32e452c2d6101cea98aaccf47bb39ea37d0836bc;extraido_export_meta_sem_reconciliacao_com_totais_da_conta
153;2025-06-27T08:02:36-03:00;18049758899526412;"EM ASSEMBLEIA DA FACIEG, PRESIDENTE EDUARDO LOBO ENALTECE O PAPEL DA FEDERAÇÃO NO APOIO À CLASSE EMPRESARIAL DO ESTADO 

Promovida pela Federação das Associações Comerciais, Industriais, Empresariais e Agropecuárias do Estado de Goiás (FACIEG) e realizada no auditório do Sebrae, em Goiânia, a segunda Assembleia da Rede em 2025 reuniu mais de 60 associações comerciais de todas as regiões do estado. Evento demonstrou, mais uma vez, a força, o poder de mobilização e a capilaridade da FACIEG.

Representaram a ACIRV na Assembleia, o presidente Eduardo Lobo, que também é vice-presidente da FACIEG e o próximo gestor da Associação, José Carlos Cintra, que enalteceram a força e o poder de representatividade da Federação. 

“Nós, como dirigentes de Associação, sabemos a importância que é termos o apoio da FACIEG, tanto em nossas iniciativas, como também no fortalecimento e aprimoramento dos serviços aos nossos associados. Parabéns ao presidente Márcio Luiz, aos demais diretores e aos colaboradores pela preocupação em ajudar e por essa aproximação que tanto tem beneficiado às nossas Associações”, frisou Eduardo Lobo. 

Durante a Assembleia, foram debatidos diversos assuntos de interesse das Associações, como a programação de eventos para o ano de 2025 e a ampliação da rede de benefícios oferecida pela FACIEG aos associados.";803;751;32;0;0;1;0;0;;33;000-Arquivos-originais/DADOS ACIRV - HD EXTERNO/Dados instagram - 100425 até 100426/logged_information/past_instagram_insights/posts.json;32e452c2d6101cea98aaccf47bb39ea37d0836bc;extraido_export_meta_sem_reconciliacao_com_totais_da_conta
154;2025-06-26T15:14:07-03:00;18000394148792131;"NOSSOS SINCEROS AGRADECIMENTOS AO MÁRIO DUARTE NETO e ao seu Jornal “Nosso Bairro, Nossa Cidade”, que estampou na capa da última edição de seu periódico uma manchete destacando pontos importantes da Gestão comandada pelo presidente Eduardo Lobo, e que colocou a ACIRV em destaque em Goiás e até no País. MUITO OBRIGADO MÁRIO NETO E AO ""NOSSO BAIRRO, NOSSA CIDADE""! 🙌👏✨";466;431;12;2;0;1;0;0;;15;000-Arquivos-originais/DADOS ACIRV - HD EXTERNO/Dados instagram - 100425 até 100426/logged_information/past_instagram_insights/posts.json;32e452c2d6101cea98aaccf47bb39ea37d0836bc;extraido_export_meta_sem_reconciliacao_com_totais_da_conta
155;2025-06-23T10:08:41-03:00;18080142919842465;QUER VER SUA EMPRESA DESLANCHAR E GERAR OS RESULTADOS QUE VOCÊ DESEJA? Então fale agora com o Luiz Henrique Albuquerque, aqui ao lado da nossa Rakilândia Medeiros. O Luiz é proprietário da i9 AGENCY MARKETING, uma agência de Marketing Digital, que atua com foco em resultados reais, criatividade e estratégia. A i9 oferece soluções completas, como Criação de conteúdo, gestão de redes sociais, consultoria em marketing, tráfego pago, SEO e tudo o que sua empresa precisa para crescer no marketing digital. Com uma equipe especializada em diversas áreas do marketing, a agência se destaca por sua proximidade com o cliente e por criar estratégias personalizadas que conectam marcas e pessoas. Quer saber mais? O fone é o 64 99294-9999, Site www.i9agencymarketing.com - Instagram: @i9agencymarketing.  PARABÉNS E SEJA MUITO BEM-VINDA À ACIRV, i9 AGENCY MARKETING! 👏👏;804;726;38;2;0;0;7;3;;40;000-Arquivos-originais/DADOS ACIRV - HD EXTERNO/Dados instagram - 100425 até 100426/logged_information/past_instagram_insights/posts.json;32e452c2d6101cea98aaccf47bb39ea37d0836bc;extraido_export_meta_sem_reconciliacao_com_totais_da_conta
156;2025-06-18T09:47:38-03:00;17922384140985023;SABE AQUELE DESEJO DE DAR UMA NOVA VIDA AOS SEUS AMBIENTES? A resposta pode estar nas cores certas! E agora, com a chegada da nossa nova associada, a IMPÉRIO TINTAS, ficou ainda mais fácil transformar seus ambientes, trazendo modernidade, aconchego e personalidade para cada espaço. “Mais do que vender tintas, nosso foco é oferecer soluções completas em cores, proteção e beleza, garantindo resultados duradouros e visualmente marcantes”, explica o empresário Maurício Ebeling, ao lado da nossa Rakilândia Medeiros e de seu sócio, Neivo Sumny. Confiança, qualidade e um atendimento de excelência fizeram da IMPÉRIO TINTAS uma marca reconhecida e respeitada em toda a região. A loja fica na Rua 119, Qd. 18, Lt. 1-A, Jardim Presidente, próximo à Rodoviária e à Havan. Contato: (64) 9 9208-8275. 👉 Instagram: @imperiotintasrv PARABÉNS E SEJA MUITO BEM-VINDA À ACIRV, IMPÉRIO TINTAS! 👏👏;1613;1392;54;0;2;0;3;1;;56;000-Arquivos-originais/DADOS ACIRV - HD EXTERNO/Dados instagram - 100425 até 100426/logged_information/past_instagram_insights/posts.json;32e452c2d6101cea98aaccf47bb39ea37d0836bc;extraido_export_meta_sem_reconciliacao_com_totais_da_conta
157;2025-06-17T11:46:52-03:00;18131171554382485;ESTÁ PRECISANDO DE UMA ASSESSORIA JURÍDICA ESPECIALIZADA? HORA então de falar com a nossa nova Associada, a MICHALCZYK ADVOCACIA, que conta com os advogados Lúcia Michalczyk (aqui ao lado da nossa Rakilândia Medeiros) e João Michalczyk. A MICHALCZYK ADVOCACIA destaca-se pela expertise jurídica, atendimento humanizado e soluções estratégicas para defender seus direitos. Atua nas áreas Trabalhista, Previdenciária, Causas Cíveis-Inventários, Divórcios, Dissolução e ou Reconhecimento de União Estável, Alimentos e Guarda, Cobranças, Contratos e Consultorias. Sempre, com um olhar atento às necessidades individuais de cada cliente. Quer saber mais? O escritório da MICHALCZYK ADVOCACIA fica na Rua 01, Qd 02, Lt 11, Vila Verde. Fones 64 984147376 e o 64 984147375. PARABÉNS, E SEJA BEM-VINDA À ACIRV, MICHALCZYK ADVOCACIA!!! 👏👏;820;747;29;1;1;0;0;0;;31;000-Arquivos-originais/DADOS ACIRV - HD EXTERNO/Dados instagram - 100425 até 100426/logged_information/past_instagram_insights/posts.json;32e452c2d6101cea98aaccf47bb39ea37d0836bc;extraido_export_meta_sem_reconciliacao_com_totais_da_conta
158;2025-06-12T12:40:55-03:00;18105843256463157;;381;369;6;0;2;0;2;0;;8;000-Arquivos-originais/DADOS ACIRV - HD EXTERNO/Dados instagram - 100425 até 100426/logged_information/past_instagram_insights/posts.json;32e452c2d6101cea98aaccf47bb39ea37d0836bc;extraido_export_meta_sem_reconciliacao_com_totais_da_conta
159;2025-06-11T13:11:21-03:00;18095292547521886;"VICE-PRESIDENTE JOSÉ CARLOS CINTRA REPRESENTA ACIRV EM HOMENAGEM DA FIEG, SESI E SENAI AO RIO-VERDENSE ANTONIO DE SOUZA ALMEIDA

A homenagem aconteceu na tarde desta terça-feira (10). A unidade, recém-ampliada com investimento de R$ 30 milhões, a partir de agora passa a levar o nome do saudoso empresário rio-verdense, que se destacou pelo compromisso com a responsabilidade social em Goiás, especialmente à frente do Conselho Temático de Responsabilidade Social (Cores) da FIEG.

A Escola Sesi de Rio Verde passa agora a se chamar “ANTONIO DE SOUZA ALMEIDA”. 

A solenidade contou com a presença da viúva do homenageado, Uilma Rodrigues Almeida, dos filhos Leandro Rodrigues Almeida e Dennia Almeida e diversas lideranças locais. 

Durante a cerimônia, o presidente da FIEG, André Rocha destacou o legado do empresário: ""É visível que Antônio deixou marcas profundas em Rio Verde e em Goiás, como um homem honrado, que gerou trabalho, renda e oportunidades. É uma honra para a FIEG reconhecer esse legado e associá-lo a uma das melhores escolas do nosso estado"", afirmou.

Representando a ACIRV, José Carlos Cintra elogiou a Federação pela iniciativa: “A FIEG está de parabéns pela homenagem. O Antônio foi um empresário visionário, que contribuiu muito com o desenvolvimento do nosso estado e que agora tem seu nome registrado para sempre na história de Rio Verde e Goiás”.

(Na foto: José Carlos Cintra, Ângelo Landim, André Rocha, Evaristo Baraúna e Eitor).";2840;2719;57;0;1;3;7;4;;61;000-Arquivos-originais/DADOS ACIRV - HD EXTERNO/Dados instagram - 100425 até 100426/logged_information/past_instagram_insights/posts.json;32e452c2d6101cea98aaccf47bb39ea37d0836bc;extraido_export_meta_sem_reconciliacao_com_totais_da_conta
160;2025-06-10T16:02:42-03:00;18058041515219851;"🔹 ATENÇÃO!!! Estão abertas as inscrições para o 2º Congresso Regional da Mulher Empreendedora.

Nos dias 24 e 25 de junho, o evento reunirá palestras, mesas-redondas e lideranças femininas de destaque, promovendo troca de experiências, fortalecimento de redes e incentivo ao empreendedorismo feminino no sudoeste goiano.

📌 As inscrições para as atividades e toda programação estão disponíveis no link na bio do perfil @acirvmulher. Garanta sua vaga e participe desse movimento de transformação. 
 Link para inscrição: 

https://drive.google.com/file/d/1LR0JjEEhH5P5wxZaITrWdSMpzChuA7yk/view";621;465;12;0;1;0;1;0;;13;000-Arquivos-originais/DADOS ACIRV - HD EXTERNO/Dados instagram - 100425 até 100426/logged_information/past_instagram_insights/posts.json;32e452c2d6101cea98aaccf47bb39ea37d0836bc;extraido_export_meta_sem_reconciliacao_com_totais_da_conta
161;2025-06-10T10:44:43-03:00;17936379846018042;AINDA NÃO FEZ SEU CERTIFICADO DIGITAL??? ENTÃO CORRA! Na ACIRV você conta com toda segurança e suporte, tanto PRESENCIAL como ON-LINE, e com DESCONTOS PRA LÁ DE ESPECIAIS para nossos Associados! Fale agora mesmo com a NAIARA CANOSSA no 64–99233 2708 ou pelo Zap 64 - 3620 0199 e garanta já o seu. CERTIFICADO DIGITAL, É NA ACIRV!!! 😃👏👊;369;308;1;0;0;0;1;0;1;1;000-Arquivos-originais/DADOS ACIRV - HD EXTERNO/Dados instagram - 100425 até 100426/logged_information/past_instagram_insights/posts.json;32e452c2d6101cea98aaccf47bb39ea37d0836bc;extraido_export_meta_sem_reconciliacao_com_totais_da_conta
162;2025-06-09T11:49:34-03:00;;;3565;2800;51;3;22;0;4;6;;76;000-Arquivos-originais/DADOS ACIRV - HD EXTERNO/Dados instagram - 100425 até 100426/logged_information/past_instagram_insights/posts.json;32e452c2d6101cea98aaccf47bb39ea37d0836bc;extraido_export_meta_sem_reconciliacao_com_totais_da_conta
163;2025-06-09T08:44:23-03:00;18125978095454045;"""PACTO GOIANO PELO FIM DA VIOLÊNCIA CONTRA A MULHER"" - A Diretora de Assuntos Institucionais da ACIRV, Suely Turra Molero, tem participado ativamente das reuniões e ações do Pacto, representando a Associação em eventos e debates sobre o tema.

Na última reunião, realizada no Centro de Convivência e Apoio ao Idoso de Rio Verde (Conviver), Suely Turra ratificou mais uma vez a disposição da ACIRV para contribuir com o referido Pacto, o qual visa garantir o atendimento às mulheres que sofrem com situações de violência.

Para tanto, a entidade oferece todo apoio para a entrada ou retorno delas ao mercado de trabalho por meio do Emprega ACIRV, oferece cursos de qualificação e também espaço para a realização de palestras, dentre outras iniciativas, colaborando assim para a construção de uma sociedade mais justa e igualitária para as mulheres.";825;709;16;0;0;1;2;1;;17;000-Arquivos-originais/DADOS ACIRV - HD EXTERNO/Dados instagram - 100425 até 100426/logged_information/past_instagram_insights/posts.json;32e452c2d6101cea98aaccf47bb39ea37d0836bc;extraido_export_meta_sem_reconciliacao_com_totais_da_conta
164;2025-06-06T10:32:33-03:00;18011395739570567;"EM ENTREVISTA À TV SUCESSO / BAND RIO VERDE, o atual presidente da ACIRV, Eduardo Lobo, juntamente com o próximo presidente, José Carlos Cintra, falaram sobre essa mudança que acontecerá na direção da Associação a partir do dia 27 de junho. 

Na entrevista, Eduardo Lobo destacou várias iniciativas de sua gestão, como o Café Entre Amigos, que possibilita a conexão entre os empresários associados, a criação dos núcleos ACIRV Mulher, Emprega ACIRV, Câmara Setorial de Saúde e o CONECTA ACIRV, dentre outras.

Espaço também para o próximo presidente, José Carlos Cintra, discorrer sobre suas ideias para incrementar as atividades da Associação, aproximando-a ainda mais da classe empresarial, contribuindo assim para o desenvolvimento econômico e social, tanto dos empresários, como também do município de Rio Verde.

Lá, foram recebidos pela vice-presidente da TV Sucesso Band, Ester Rocha, que também é Diretora da ACIRV. ✨✈️🛩️";580;556;22;0;0;0;1;0;;22;000-Arquivos-originais/DADOS ACIRV - HD EXTERNO/Dados instagram - 100425 até 100426/logged_information/past_instagram_insights/posts.json;32e452c2d6101cea98aaccf47bb39ea37d0836bc;extraido_export_meta_sem_reconciliacao_com_totais_da_conta
165;2025-06-06T09:00:38-03:00;18031924079413212;"EM VISITA À TV ANHANGUERA, o próximo presidente da ACIRV, José Carlos Cintra buscou ratificar a parceria da entidade com a tradicional emissora de TV de Rio Verde, a qual muito tem ajudado na divulgação das ações da Associação. 

Conforme explicou, a ideia é fortalecer essa ligação com todos os meios de comunicação locais, como rádios, Tvs, jornais e demais órgãos de imprensa. 

Lá, José Carlos Cintra, que assumirá a presidência da ACIRV em 27 de junho próximo, foi recebido pelo Gerente da Regional de Rio Verde, Jéferson Prospero, pelo Gerente de Jornalismo, Taffareu Tarcísio e pelos executivos comerciais Marco e Kamila Muniz. VEM MAIS COISA BOA POR AÍ!! ✨✨ 🚀🌟";645;620;26;0;8;0;5;0;;34;000-Arquivos-originais/DADOS ACIRV - HD EXTERNO/Dados instagram - 100425 até 100426/logged_information/past_instagram_insights/posts.json;32e452c2d6101cea98aaccf47bb39ea37d0836bc;extraido_export_meta_sem_reconciliacao_com_totais_da_conta
166;2025-06-04T08:23:21-03:00;17873172438264374;ATENÇÃO: Amanhã, 05 de junho teremos a Assembleia Geral Ordinária da ACIRV. Após, teremos a palestra “QUAIS SÃO OS INIMIGOS DA NOSSA FELICIDADE?”, com o conferencista JÚLIO CÉSAR, um dos10 melhores palestrantes do Brasil. Teremos também um delicioso café da manhã por nossa conta. MAS ATENÇÃO!!! As vagas são limitadas! Confirme já sua presença no http://doity.com.br/assembleia-acirv-e-palestra-. Mais informações: 64 3620 0199. ✨✨ 🚀🌟;798;675;8;0;3;0;0;0;;11;000-Arquivos-originais/DADOS ACIRV - HD EXTERNO/Dados instagram - 100425 até 100426/logged_information/past_instagram_insights/posts.json;32e452c2d6101cea98aaccf47bb39ea37d0836bc;extraido_export_meta_sem_reconciliacao_com_totais_da_conta
167;2025-06-03T13:22:54-03:00;18060622181337081;APRESENTAMOS O PROJETO PILOTO da plataforma de Recrutamento e Seleção, desenvolvido em parceria com a MULT PROFISSÕES, com o objetivo de oferecer às empresas associadas da ACIRV uma solução inovadora, eficiente e personalizada para Recrutamento e Seleção de pessoal. Mais informações e Inscrição: 64 99292 2633. PARTICIPE!;1229;940;19;0;11;3;5;1;1;33;000-Arquivos-originais/DADOS ACIRV - HD EXTERNO/Dados instagram - 100425 até 100426/logged_information/past_instagram_insights/posts.json;32e452c2d6101cea98aaccf47bb39ea37d0836bc;extraido_export_meta_sem_reconciliacao_com_totais_da_conta
168;2025-06-02T08:44:22-03:00;18042380927549761;E AÍ, VOCÊ TAMBÉM GOSTA DAS “COISAS” DO SUL E NÃO SABE ONDE ENCONTRAR?? NÃO se preocupe! Com a chegada do nosso novo Associado, o EMPÓRIO TCHÊ RIO VERDE, você vai poder degustar os melhores salames, geleias, chocolates e vinhos da serra gaúcha. Vai encontrar também àquela erva fresquinha e tudo o mais para o seu chimarrão, ou aquele fantástico queijo colonial, direto de Treze Tílias! Quem garante é a sócia proprietária do EMPÓRIO, a Fabiane Martins (aqui ao lado da nossa Rakilândia Medeiros), que destaca: “O EMPÓRIO TCHÊ nasceu para trazer um pouquinho do Sul para a nossa Rio Verde”. O EMPÓRIO trabalha também com as mais belas cestas corporativas ou para presentear quem você estima. A loja fica no Setor Morada do Sol e o whatsapp é o 64 992776117. Confere lá! https://www.instagram.com/emporiotcherv/. PARABÉNS, E SEJA BEM-VINDO A À ACIRV, EMPÓRIO TCHÊ RIO VERDE!!! 👏👏;1615;1412;49;13;1;0;1;2;;63;000-Arquivos-originais/DADOS ACIRV - HD EXTERNO/Dados instagram - 100425 até 100426/logged_information/past_instagram_insights/posts.json;32e452c2d6101cea98aaccf47bb39ea37d0836bc;extraido_export_meta_sem_reconciliacao_com_totais_da_conta
169;2025-05-30T13:15:19-03:00;18065714954012504;ATENÇÃO: Dia 05 de junho teremos a Assembleia Geral Ordinária da Associação Comercial, Industrial e Serviços de Rio Verde (ACIRV). Logo após, teremos a apresentação da palestra “QUAIS SÃO OS INIMIGOS DA NOSSA FELICIDADE?”, com o Instrutor e conferencista JÚLIO CÉSAR, considerado, hoje, um dos10 melhores palestrantes do Brasil. Teremos também um delicioso café da manhã por nossa conta. MAS ATENÇÃO!!! As vagas são limitadas! Confirme já sua presença no http://doity.com.br/assembleia-acirv-e-palestra-. Mais informações: 64 3620 0199. ✨✨ 🚀🌟;1437;975;24;0;44;1;5;3;;69;000-Arquivos-originais/DADOS ACIRV - HD EXTERNO/Dados instagram - 100425 até 100426/logged_information/past_instagram_insights/posts.json;32e452c2d6101cea98aaccf47bb39ea37d0836bc;extraido_export_meta_sem_reconciliacao_com_totais_da_conta
170;2025-05-28T17:00:00-03:00;;;4028;3067;64;52;27;0;33;2;4;143;000-Arquivos-originais/DADOS ACIRV - HD EXTERNO/Dados instagram - 100425 até 100426/logged_information/past_instagram_insights/posts.json;32e452c2d6101cea98aaccf47bb39ea37d0836bc;extraido_export_meta_sem_reconciliacao_com_totais_da_conta
171;2025-05-27T10:21:18-03:00;18116008774470729;"E AÍ, QUER INCREMENTAR SEU EVENTO OU GARANTIR O MELHOR LANCHE para seus colaboradores? ENTÃO fale agora mesmo com a nossa nova Associada, a SANTOS & CIA. Proprietária da empresa, a Eliane Santos da Silva Arruda (aqui ao lado da nossa Rakilândia Medeiros), explica que a SANTOS & CIA é uma fábrica de panificação, de quitandas e salgados, a qual trabalha com a venda de produtos para coffee break e lanches para empresas e eventos. “Todos nossos produtos são artesanais e com a melhor qualidade para atender nossos clientes”, destaca Eliane. Só lembrando: a SANTOS & CIA trabalha apenas com revendas e encomendas programadas. Gostou? https://www.instagram.com/santos_ecia/ 
O fone para contato é o 64 981792850. PARABÉNS, E SEJA BEM-VINDA À ACIRV, SANTOS & CIA.!!! 👏👏";1027;883;61;8;0;0;5;2;;69;000-Arquivos-originais/DADOS ACIRV - HD EXTERNO/Dados instagram - 100425 até 100426/logged_information/past_instagram_insights/posts.json;32e452c2d6101cea98aaccf47bb39ea37d0836bc;extraido_export_meta_sem_reconciliacao_com_totais_da_conta
172;2025-05-27T08:02:57-03:00;17872430007261168;"📢 Atenção, empresário de Rio Verde!
O Grupo Acelerador e Marcus Marques estão trazendo o Workshop Acelere sua
Empresa pela primeira vez em Rio Verde – *e nós garantimos 20% de desconto
para associados ACIRV.*
Esse evento é focado em empresários com mais de 10 colaboradores que querem:
✅ Aumentar o faturamento
✅ Melhorar a performance do time
✅ Desenvolver a postura de dono na equipe
✅ Fazer networking com empresários da região
📍 Se você quer fazer parte dessa transformação, garanta agora sua vaga com 20% OFF:
Faça sua inscrição no https://link.aceleradorempresarial.com.br/jvw";522;479;12;0;0;1;0;0;;13;000-Arquivos-originais/DADOS ACIRV - HD EXTERNO/Dados instagram - 100425 até 100426/logged_information/past_instagram_insights/posts.json;32e452c2d6101cea98aaccf47bb39ea37d0836bc;extraido_export_meta_sem_reconciliacao_com_totais_da_conta
173;2025-05-26T15:52:11-03:00;18283591723302061;EDITAL DE CONVOCAÇÃO para a Assembleia Geral Ordinária da Associação Comercial, Industrial e Serviços de Rio Verde (ACIRV), que acontecerá no próximo dia 5 de junho, às 07h30m.;341;313;4;0;0;0;3;0;;4;000-Arquivos-originais/DADOS ACIRV - HD EXTERNO/Dados instagram - 100425 até 100426/logged_information/past_instagram_insights/posts.json;32e452c2d6101cea98aaccf47bb39ea37d0836bc;extraido_export_meta_sem_reconciliacao_com_totais_da_conta
174;2025-05-23T19:36:40-03:00;18060220085152082;A ACIRV vem a público ratificar esta Nota de Repúdio emitida pela Confederação das Associações Comerciais e Empresariais do Brasil (CACB), Confederação da qual fazemos parte.;1563;1460;49;2;3;0;2;0;;54;000-Arquivos-originais/DADOS ACIRV - HD EXTERNO/Dados instagram - 100425 até 100426/logged_information/past_instagram_insights/posts.json;32e452c2d6101cea98aaccf47bb39ea37d0836bc;extraido_export_meta_sem_reconciliacao_com_totais_da_conta
175;2025-05-23T12:58:53-03:00;17968343006903881;"NOTA DE PESAR – ROMEU BELLO

A ACIRV, por meio do Presidente Eduardo Lobo, Diretores e demais colaboradores, manifesta profundo pesar pelo falecimento de Romeu Bello Macedo, ex-presidente que dirigiu a Associação entre 1992 e 1994 e foi um dos homenageados na comemoração dos 40 anos da ACIRV. Aos familiares e amigos, nossos sinceros sentimentos e que Deus possa confortá-los neste momento de dor. O velório será na Pax Rio Verde (Jardim Marconal) e está previsto para começar às 15h30 de hoje.";2543;2379;100;7;4;2;14;1;1;113;000-Arquivos-originais/DADOS ACIRV - HD EXTERNO/Dados instagram - 100425 até 100426/logged_information/past_instagram_insights/posts.json;32e452c2d6101cea98aaccf47bb39ea37d0836bc;extraido_export_meta_sem_reconciliacao_com_totais_da_conta
176;2025-05-21T15:52:55-03:00;18357913615199202;É AMANHÃ, QUINTA FEIRA!!! NOSSO CAFÉ ENTRE AMIGOS terá a palestra “QUANDO A CULTURA ENCONTRA A DIVERSIDADE DE GERAÇÕES”, com o CEO e Founder da Simple Agro Corporation, Luiz Eduardo Bueno Borges e também a posse das primeiras Diretorias do CONSELHO EMPREGA ACIRV e da CÂMARA SETORIAL DE SAÚDE. NÃO PERCA!!! ✨🚀✨;566;521;15;0;2;1;3;0;;18;000-Arquivos-originais/DADOS ACIRV - HD EXTERNO/Dados instagram - 100425 até 100426/logged_information/past_instagram_insights/posts.json;32e452c2d6101cea98aaccf47bb39ea37d0836bc;extraido_export_meta_sem_reconciliacao_com_totais_da_conta
177;2025-05-21T15:34:03-03:00;18039037958630683;ESTÁ PRECISANDO TRAZER UM POUCO DE LEVEZA para os seus dias? Então venha conhecer o PASINI WINE BAR, que oferece um espaço aconchegante e climatizado, ideal para vivenciar momentos de lazer, interação e confraternização, regados a vinho, alta gastronomia e conhecimento. Quem garante é a proprietária, Eliane Pasini (aqui ao lado da nossa Rakilândia Medeiros), idealizadora e sommelier do 1° bar de vinhos da nossa cidade. “Nossa missão é trazer conhecimentos gerais sobre o mundo dos vinhos e tornar a bebida acessível a um maior número de pessoas”, diz Eliane. O PASINI WINE BAR está localizado na Rua Abel Pereira de Castro, 880, centro. O fone é o 64 99249-5117. PARABÉNS, E SEJA BEM-VINDO À ACIRV, PASINI WINE BAR!!! 👏👏;1209;1054;52;7;0;0;0;0;;59;000-Arquivos-originais/DADOS ACIRV - HD EXTERNO/Dados instagram - 100425 até 100426/logged_information/past_instagram_insights/posts.json;32e452c2d6101cea98aaccf47bb39ea37d0836bc;extraido_export_meta_sem_reconciliacao_com_totais_da_conta
178;2025-05-20T09:42:38-03:00;18112960777494365;"NA ACIRV, CONSELHO FISCAL SE REÚNE PARA ANALISAR DADOS FISCAIS DA ASSOCIAÇÃO REFERENTES AO ANO DE 2024 

A reunião, conduzida pelo presidente Eduardo Lobo e realizada na manhã desta terça-feira (20), faz parte do trabalho que é realizado pelo Conselho Fiscal da entidade. 

Conforme o presidente, depois de analisados pelos representantes do Conselho, os dados serão apresentados aos associados na Assembleia Geral Ordinária, programada para acontecer no próximo dia 5 de junho. 

Presentes na reunião, Ana Rosa Bueno, representante da empresa Nectar Contabilidade, (responsável pelo gerenciamento contábil da entidade); o Diretor Financeiro da ACIRV, Diego Modulo Ribeiro e os conselheiros fiscais Sidenilso Filgueira e Walter Venâncio Guimarães.";558;471;7;0;0;2;0;0;;9;000-Arquivos-originais/DADOS ACIRV - HD EXTERNO/Dados instagram - 100425 até 100426/logged_information/past_instagram_insights/posts.json;32e452c2d6101cea98aaccf47bb39ea37d0836bc;extraido_export_meta_sem_reconciliacao_com_totais_da_conta
179;2025-05-19T13:38:13-03:00;17976340031707558;;805;751;15;0;9;3;10;3;;27;000-Arquivos-originais/DADOS ACIRV - HD EXTERNO/Dados instagram - 100425 até 100426/logged_information/past_instagram_insights/posts.json;32e452c2d6101cea98aaccf47bb39ea37d0836bc;extraido_export_meta_sem_reconciliacao_com_totais_da_conta
180;2025-05-19T08:07:29-03:00;18160931245359878;AQUI NA ACIRV, COMEÇAMOS A SEMANA JÁ AGRADECENDO AO NOSSO AMIGO JESUS CATARINO pelo apoio que o seu Jornal da Cidade tem dado à nossa Associação. Nesta edição, o Jornal estampou em suas páginas a inauguração da reforma e modernização da Câmara de Arbitragem e Mediação da ACIRV, onde, além de troca de móveis e pintura, foi implementado o processo digital, com todos os documentos da CAM sendo digitalizados. Hoje, a CAM é 100% digital. BRIGADUUU JORNAL FOLHA DA CIDADE! 🌟🚀🚀;361;344;10;0;1;0;0;0;;11;000-Arquivos-originais/DADOS ACIRV - HD EXTERNO/Dados instagram - 100425 até 100426/logged_information/past_instagram_insights/posts.json;32e452c2d6101cea98aaccf47bb39ea37d0836bc;extraido_export_meta_sem_reconciliacao_com_totais_da_conta
181;2025-05-16T09:04:08-03:00;18278211481269801;"NOTA DE PESAR – MEIRELUZ RIBEIRO LANDIM 

A Associação Comercial, Industrial e Serviços de Rio Verde (ACIRV), por meio de seu Presidente Eduardo Lobo, Diretores e demais colaboradores, vem a público manifestar profundo pesar pelo falecimento da Senhora Meireluz Ribeiro Landim, mãe do ex-presidente da ACIRV e do CODERV, Angelo Thomaz Landim Júnior, ocorrido neste dia 15 de maio. Aos familiares e amigos, nossos sinceros sentimentos e que Deus possa confortá-los neste momento de tamanha dor.
O corpo está sendo velado na Capela Veneza (R. Wolney da C. Martins, 75, Res. Veneza).";1785;1698;41;4;4;1;7;0;;50;000-Arquivos-originais/DADOS ACIRV - HD EXTERNO/Dados instagram - 100425 até 100426/logged_information/past_instagram_insights/posts.json;32e452c2d6101cea98aaccf47bb39ea37d0836bc;extraido_export_meta_sem_reconciliacao_com_totais_da_conta
182;2025-05-14T09:30:05-03:00;18053471942338124;AINDA NÃO GARANTIU SUA PRESENÇA NO NOSSO CAFÉ ENTRE AMIGOS DE MAIO?? É muito fácil, basta preencher seus dados no link https://doity.com.br/palestra-liderar-sem-manual e sua presença já estará confirmada. Além do tradicional networking, você poderá aperfeiçoar seus conhecimentos com a palestra de um dos grandes empresários de Goiás, o CEO e Founder da Simple Agro Corporation, Luiz Eduardo Bueno Borges. NÃO FIQUE DE FORA!! Dia 22 de maio, às 07h30, na ACIRV. ✨🚀✨;2211;1337;42;2;5;4;3;2;1;53;000-Arquivos-originais/DADOS ACIRV - HD EXTERNO/Dados instagram - 100425 até 100426/logged_information/past_instagram_insights/posts.json;32e452c2d6101cea98aaccf47bb39ea37d0836bc;extraido_export_meta_sem_reconciliacao_com_totais_da_conta
183;2025-05-13T09:01:31-03:00;18058160176949896;"CONVITE ESPECIAL 

Participe do 1º I.A.R.V. – Senac Infinite, o primeiro evento de inteligência artificial promovido pelo Senac Rio Verde!

Data: Sexta-feira, 23 de maio
Horário: A partir das 18h (credenciamento)
Local: Auditório Senac Rio Verde
Evento gratuito – Vagas limitadas!

Programação:
	•	Palestra 1: Inteligência Artificial para Negócios
	•	Palestra 2: Crie sua Própria Ferramenta de IA

Inscreva-se agora pelo link:
[https://forms.office.com/r/EHgHiAigct

🌟Não perca essa oportunidade de mergulhar no universo da tecnologia e inovação!";1007;730;25;2;19;2;27;1;13;48;000-Arquivos-originais/DADOS ACIRV - HD EXTERNO/Dados instagram - 100425 até 100426/logged_information/past_instagram_insights/posts.json;32e452c2d6101cea98aaccf47bb39ea37d0836bc;extraido_export_meta_sem_reconciliacao_com_totais_da_conta
184;2025-05-12T10:04:16-03:00;18069301804780914;HOJE TEMOS O PRAZER DE ANUNCIAR A CHEGADA DA NOSSA NOVA ASSOCIADA, A DRA. ANA PAULA FRANCO, cirurgiã-dentista, com atuação clínica e foco em reabilitação oral e estética. Segundo a Dra Ana Paula, aqui ao lado da nossa Rakilândia Medeiros, ela trabalha com facetas dentárias em resina e porcelana, realiza Tratamento Endodôntico (canal) e Próteses Dentárias, devolvendo a função mastigatória, estética e qualidade de vida às pessoas. “Minha missão clínica é transformar sorrisos com saúde, equilíbrio estético e funcionalidade, sempre respeitando as necessidades individuais de cada paciente”, destaca Ana Paula, que é Sócia Proprietária da Dental Ellus (venda de produtos odontológicos e equipamentos para consultórios odontológicos e médicos). Quer saber mais? Https://wa.me/5564993144017 o Fone é o 64 9314-4017. PARABÉNS, E SEJA BEM-VINDA À ACIRV, DRA. ANA PAULA FRANCO!!! 👏👏;660;539;19;1;0;0;2;0;;20;000-Arquivos-originais/DADOS ACIRV - HD EXTERNO/Dados instagram - 100425 até 100426/logged_information/past_instagram_insights/posts.json;32e452c2d6101cea98aaccf47bb39ea37d0836bc;extraido_export_meta_sem_reconciliacao_com_totais_da_conta
185;2025-05-08T08:25:56-03:00;18015385883709674;"E VEM AÍ NOSSO CAFÉ ENTRE AMIGOS DE MAIO, onde teremos muito networking e a palestra “QUANDO A CULTURA ENCONTRA A DIVERSIDADE DE GERAÇÕES”, com o CEO e Founder da Simple Agro Corporation, Luiz Eduardo Bueno Borges. A palestra desafia os modelos tradicionais de liderança e mostra como a imprevisibilidade geracional exige líderes com leitura de contexto, sensibilidade cultural e resiliência emocional. JÁ MARQUE AÍ: 22 de maio, às 07h30, na ACIRV. ✨🚀✨

Faça sua inscrição pelo link abaixo:

https://doity.com.br/palestra-liderar-sem-manual";4746;2501;66;0;29;2;6;2;2;97;000-Arquivos-originais/DADOS ACIRV - HD EXTERNO/Dados instagram - 100425 até 100426/logged_information/past_instagram_insights/posts.json;32e452c2d6101cea98aaccf47bb39ea37d0836bc;extraido_export_meta_sem_reconciliacao_com_totais_da_conta
186;2025-05-07T08:25:24-03:00;17997305438783827;"Vem aí o 2º Congresso Regional da Mulher Empreendedora, um evento pensado para fortalecer, capacitar e impulsionar o protagonismo feminino no Sudoeste Goiano.

Nesta edição, teremos uma programação intensa com palestras, oficinas práticas, rodas de conversa e workshops voltados para o desenvolvimento pessoal e profissional da mulher empreendedora.

E sabe quem estará conosco?
Mariana Perdomo, empresária referência no setor de confeitaria e gestão de negócios, vai compartilhar sua trajetória, desafios e estratégias que a tornaram um dos grandes nomes do empreendedorismo feminino em Goiás. 

Além dela, teremos outras convidadas incríveis, cada uma trazendo temas que fazem a diferença no dia a dia de quem empreende ou quer empreender.

Reserve essa data e venha fazer parte de um movimento que conecta, fortalece e transforma!

Data: 24 e 25 de junho 
Local: UniRV 

Em breve, abriremos as inscrições com toda programação! 

Fique atenta!

#CongressoACIRVMulher #acirv #EmpreendedorismoFeminino #MulheresQueInspiram #SudoesteGoiano #ACIRVMulher2025 #MulheresDeNegócio";1614;1203;78;9;27;4;6;1;1;118;000-Arquivos-originais/DADOS ACIRV - HD EXTERNO/Dados instagram - 100425 até 100426/logged_information/past_instagram_insights/posts.json;32e452c2d6101cea98aaccf47bb39ea37d0836bc;extraido_export_meta_sem_reconciliacao_com_totais_da_conta
187;2025-05-06T15:42:45-03:00;18503339866032810;E OLHA SÓ QUEM É A NOSSA NOVA ASSOCIADA! Ela mesmo, a MARIANA DUARTE SEMIJOIAS! E nossa alegria é ainda maior nesta semana que antecede o Dia das Mães, uma data cheia de amor, carinho e gratidão. Para tornar esse momento ainda mais especial, a MARIANA DUARTE SEMIJOIAS, aqui ao lado da nossa Rakilândia Medeiros, oferece peças únicas e cheias de significado. Com joias banhadas a ouro 18k e prata 925, a marca se destaca pela alta qualidade e pelo cuidado em cada detalhe. Além da beleza das peças, o grande diferencial está no atendimento personalizado, pensado para ajudar você a escolher o presente ideal que represente todo o amor por quem sempre esteve ao seu lado. Surpreenda sua mãe com um presente à altura do que ela merece. Quer saber mais? https://www.instagram.com/mduartesemijoias/. Fone: 64 9207-0762. PARABÉNS, E SEJA BEM-VINDA À ACIRV, MARIANA DUARTE SEMIJOIAS!!! 👏👏;1021;857;37;10;1;0;0;0;;48;000-Arquivos-originais/DADOS ACIRV - HD EXTERNO/Dados instagram - 100425 até 100426/logged_information/past_instagram_insights/posts.json;32e452c2d6101cea98aaccf47bb39ea37d0836bc;extraido_export_meta_sem_reconciliacao_com_totais_da_conta
188;2025-05-05T08:51:30-03:00;17964976694864314;NOSSOS AGRADECIMENTOS À IMPRENSA de Rio Verde, que tanto tem auxiliado na divulgação das nossas atividades. E o abraço especial de hoje vai para o JORNAL FOLHA DA CIDADE, do estimado amigo Jesus Catarino, que destacou em seu periódico a criação do “CONSELHO EMPREGA ACIRV”. Uma ação inovadora da nossa Associação e que visa fomentar a geração de empregos e apoiar empresários no preenchimento de vagas em Rio Verde. BRIGADUUU JORNAL FOLHA DA CIDADE! 🌟🚀🚀;540;464;8;0;0;0;1;0;;8;000-Arquivos-originais/DADOS ACIRV - HD EXTERNO/Dados instagram - 100425 até 100426/logged_information/past_instagram_insights/posts.json;32e452c2d6101cea98aaccf47bb39ea37d0836bc;extraido_export_meta_sem_reconciliacao_com_totais_da_conta
189;2025-04-30T23:34:04-03:00;18041743004445884;;196;181;1;0;0;0;0;0;;1;000-Arquivos-originais/DADOS ACIRV - HD EXTERNO/Dados instagram - 100425 até 100426/logged_information/past_instagram_insights/posts.json;32e452c2d6101cea98aaccf47bb39ea37d0836bc;extraido_export_meta_sem_reconciliacao_com_totais_da_conta
190;2025-04-30T09:52:24-03:00;17933412192034618;QUER IMPULSIONAR SEU NEGÓCIO RURAL E TRANSFORMAR SEU SONHO EM REALIDADE? HORA então de entrar em contato com nossa nova Associada, a SONHAGRO! A empresa, explica Marcelo Oliveira, (aqui ao lado da nossa Rakilândia Medeiros e de seu sócio, Guilherme Foleis), oferece as melhores soluções de crédito para produtores rurais, facilitando o acesso a recursos. 1ª Franquia de crédito rural do País, a SONHAGRO atua em 23 estados, tem uma linha de crédito especial para MEI e Microempresas e contribui para o crescimento das propriedades rurais e da geração de empregos. Quer saber mais? https://www.instagram.com/p/DHd-HCYAXCR/ ou ligue 64 981132000. A SONHAGRO fica na Rua Urcesino Gusmão, Nº 241, Centro. PARABÉNS, E SEJA BEM-VINDA À ACIRV, SONHAGRO!!! 👏👏;1427;1288;26;3;2;0;3;0;;31;000-Arquivos-originais/DADOS ACIRV - HD EXTERNO/Dados instagram - 100425 até 100426/logged_information/past_instagram_insights/posts.json;32e452c2d6101cea98aaccf47bb39ea37d0836bc;extraido_export_meta_sem_reconciliacao_com_totais_da_conta
191;2025-04-29T15:55:42-03:00;18159547360359104;"O Presidente da Associação Comercial, Industrial e Serviços de Rio Verde (ACIRV), Eduardo Lôbo, participou da reunião do Conselho do Sicredi Cerrado, onde ministrou palestra com o tema “A Força da União: Como a Sociedade Organizada Impulsiona Rio Verde”. 

Em sua fala, destacou o papel fundamental da sociedade civil organizada e sua contribuição para o desenvolvimento de um município, utilizando-se de experiências adquiridas nas entidades pelas quais passou, além disso, citou o exemplo da ACIRV nas ações voltadas a defesas de demandas da classe empresarial, bem como da participação da entidade no desenvolvimento econômico e social do município, além de apresentar as iniciativas do CODERV, voltadas ao desenvolvimento estratégico do município. 

Eduardo ressaltou ainda a importância do associativismo e da atuação da sociedade civil organizada como pilares essenciais para o crescimento sustentável de Rio Verde, reforçando que a união de esforços entre instituições e cidadãos é o caminho para uma cidade, estado e país, mais forte e próspero.";416;365;10;0;1;0;0;0;;11;000-Arquivos-originais/DADOS ACIRV - HD EXTERNO/Dados instagram - 100425 até 100426/logged_information/past_instagram_insights/posts.json;32e452c2d6101cea98aaccf47bb39ea37d0836bc;extraido_export_meta_sem_reconciliacao_com_totais_da_conta
192;2025-04-29T09:50:56-03:00;17890986390124586;QUER TORNAR SEU NEGÓCIO RURAL MAIS PRÓSPERO, SUSTENTÁVEL E INOVADOR? CONTE com o apoio da nossa nova associada APORTE RURAL! Sob a liderança do Eng. Agrônomo Artur Pagnoncelli (na foto ao lado da Rakilândia Medeiros), a APORTE RURAL se destaca na elaboração de Laudos Técnicos Extrajudiciais e Judiciais no meio rural, além de desenvolver projetos personalizados para financiamento agropecuário. Com foco em agilidade, precisão técnica e experiência de campo, a empresa entrega soluções eficazes para quem quer gerir sua propriedade com mais segurança e visão estratégica. “Aqui na APORTE RURAL, você encontra as melhores opções de crédito rural para fazer uma gestão de verdade!”, garante Artur. Quer saber mais? Entre em contato e descubra como a APORTE RURAL pode te ajudar a crescer no campo! 📲 https://www.instagram.com/aporteruraloficial/ Fone: 64 9986-9004. PARABÉNS, E SEJA BEM-VINDO À ACIRV, APORTE RURAL!!! 👏👏;610;539;18;2;3;0;1;0;;23;000-Arquivos-originais/DADOS ACIRV - HD EXTERNO/Dados instagram - 100425 até 100426/logged_information/past_instagram_insights/posts.json;32e452c2d6101cea98aaccf47bb39ea37d0836bc;extraido_export_meta_sem_reconciliacao_com_totais_da_conta
193;2025-04-28T15:27:40-03:00;18048527441102405;"EM SUA 2ª EDIÇÃO, O CONECTA ACIRV REUNE EMPRESÁRIOS E FOMENTA NOVAS PARCERIAS E OPORTUNIDADES DE NEGÓCIOS 

Realizado na sede da Associação no sábado pela manhã, o CONECTA ACIRV reuniu empresários de vários ramos de atividades, que estabeleceram conexões entre si, apresentando seus produtos, serviços e diferenciais competitivos, fechando negócios e movimentando assim a economia local. 

Diretora Geral do Projeto, Ádria Rocha explicou detalhes do evento: “A metodologia de troca de mesas trouxe novas conexões e oportunidades valiosas para todos os participantes. Foi um evento de colaboração e crescimento, onde juntos, conseguimos impulsionar ainda mais o empreendedorismo local!”

Presente, o vice-presidente de Comércio da ACIRV, José Carlos Cintra parabenizou a coordenadora Ádria Rocha e sua equipe pela organização e importância da iniciativa, onde os empresários puderam interagir diretamente entre si. Também presentes o Diretor Raphael Valongo, a Gerente Executiva Janaine Marquez e a Gestora Comercial Rakilândia Medeiros, dentre outros. 

Além de Ádria, a Diretoria do CONECTA ACIRV conta com as coordenadoras Fernanda Corrêa (Conteúdo), Mariana Duarte(Networking), Lara Dutra (Marketing) e Samara Guimarães (Logística).";1775;1626;39;4;1;0;1;0;;44;000-Arquivos-originais/DADOS ACIRV - HD EXTERNO/Dados instagram - 100425 até 100426/logged_information/past_instagram_insights/posts.json;32e452c2d6101cea98aaccf47bb39ea37d0836bc;extraido_export_meta_sem_reconciliacao_com_totais_da_conta
194;2025-04-24T10:48:04-03:00;17966298875884828;"📡 As melhores conexões não precisam de Wi-Fi!

🤝 Quem faz negócios sabe: grandes parcerias começam com um bom aperto de mão.

✨ No Conecta ACIRV, o foco é gente conectando com gente — olho no olho, ideia por ideia.

🗓️ 26 de abril | 🕢 A partir de 7h30
🔐 Exclusivo para associados

📬 Confirme sua participação e prepare seus cartões de visita!

https://forms.gle/EECQAG1XveGkito56";344;306;15;1;1;0;2;0;1;17;000-Arquivos-originais/DADOS ACIRV - HD EXTERNO/Dados instagram - 100425 até 100426/logged_information/past_instagram_insights/posts.json;32e452c2d6101cea98aaccf47bb39ea37d0836bc;extraido_export_meta_sem_reconciliacao_com_totais_da_conta
195;2025-04-24T08:26:58-03:00;18031993658639776;"Participe da oficina ""Faça Sucesso na era da Inteligência Artificial"" e saiba quais as possíveis aplicações da Inteligência Artificial no dia a dia do seu Negócio.

Inscrições GRATUITAS, com vagas limitadas. Contamos com a sua presença.
LINK DE INSCRIÇÃO: https://beevent.sebraego.com.br/inscreva-se/173770063

🗓️ Data: 08/05/2025
 ⏰ Horário: 19:00
 📍 Local: ACIRV- Rua Dona Maricota. 199, Jardim Marconal.
Realização: Sebrae e ACIRV.";1137;747;12;0;10;2;9;1;1;24;000-Arquivos-originais/DADOS ACIRV - HD EXTERNO/Dados instagram - 100425 até 100426/logged_information/past_instagram_insights/posts.json;32e452c2d6101cea98aaccf47bb39ea37d0836bc;extraido_export_meta_sem_reconciliacao_com_totais_da_conta
196;2025-04-24T08:17:52-03:00;18472811317067913;;671;526;4;0;1;0;4;0;;5;000-Arquivos-originais/DADOS ACIRV - HD EXTERNO/Dados instagram - 100425 até 100426/logged_information/past_instagram_insights/posts.json;32e452c2d6101cea98aaccf47bb39ea37d0836bc;extraido_export_meta_sem_reconciliacao_com_totais_da_conta
197;2025-04-23T09:07:16-03:00;17854796541378052;AMIGO EMPRESÁRIO, ESTÁ  COM ansiedade, procrastinação, insônia, depressão leve, fobias, vícios, compulsões ou apresenta sintomas/comportamentos prejudiciais com fundo emocional? HORA então de procurar nossa nova associada, a Hipnoterapeuta GEOVANA COELHO! Conforme a Geovana, aqui ao lado da nossa Rakilândia Medeiros, a Hipnoterapia trabalha no inconsciente da pessoa, atualizando referências e promovendo mudanças em padrões de pensamento e comportamento. A Geovana atua nas áreas de gestão emocional e também financeira, que são imprescindíveis para garantir o bem-estar e qualidade de vida das pessoas. Ela é terapeuta há 6 anos, é especializada em Hipnoterapia com base em Neurociência e está finalizando a graduação em Gestão Financeira. Gostou? Fale agora com a Geovana, o fone é o 64 99258-6484. Instagram: @gecoelhos. PARABÉNS, E SEJA BEM-VINDA À ACIRV, GEOVANA COELHO!!! 👏👏;559;512;10;0;0;0;2;0;;10;000-Arquivos-originais/DADOS ACIRV - HD EXTERNO/Dados instagram - 100425 até 100426/logged_information/past_instagram_insights/posts.json;32e452c2d6101cea98aaccf47bb39ea37d0836bc;extraido_export_meta_sem_reconciliacao_com_totais_da_conta
198;2025-04-23T07:21:41-03:00;18054257560998901;"É HOJE!!! ATENÇÃO ASSOCIADO ACIRV: VACINE-SE COM DESCONTO!

A vacina Tetravalente ofertada apenas na rede particular exerce a cobertura mais completa do mercado incluindo as cepas contra H1N1, H3N2 + 2 tipos de influenza do tipo B. Os imunizantes são seguros e compostos por cepas inativas do vírus da influenza sendo atualizados anualmente, devido à mutação viral. De maneira geral, são indicados para todas as pessoas a partir dos 6 meses de idade.

✔ Não deixe de se vacinar contra a gripe. Imunize-se!

Mais informações no telefone: (64) 3613 - 2828

VACINA CONTRA A GRIPE
DIA 23 DE ABRIL
Das 8h às 17h30
Local: Sede da ACIRV

✔ Associados ACIRV terão desconto especial!

✔ Não deixe de se vacinar contra a gripe. Imunize-se!

Mais informações no telefone: (64) 3613 - 2828

#vacinas #influenza #acirv #rioverde #rioverdego #rioverdegoias";516;463;3;0;2;0;0;0;;5;000-Arquivos-originais/DADOS ACIRV - HD EXTERNO/Dados instagram - 100425 até 100426/logged_information/past_instagram_insights/posts.json;32e452c2d6101cea98aaccf47bb39ea37d0836bc;extraido_export_meta_sem_reconciliacao_com_totais_da_conta
199;2025-04-22T09:16:24-03:00;18062330615036634;E AÍ, SEU COLCHÃO ESTÁ TODO DETONADO? ENTÃO não perca tempo, procure agora mesmo a nossa mais nova Associada, a LORENA COLCHÕES! Segundo a sócia proprietária da loja, a Lorena Nogueira, aqui ao lado da nossa Rakilândia Medeiros, trocar de colchão não é só uma questão de conforto, é um investimento em sua saúde física e mental! E na LORENA COLCHÕES você vai encontrar colchões de marcas incríveis! Só lembrando: Um sono de qualidade melhora o humor, fortalece a imunidade e recarrega o corpo e a mente. Dormir bem, é cuidar de você! A loja fica na AV. Presidente Vargas, 632, em frente a Big Lar. Quer mais detalhes? Fale agora com a Lorena pelo WhatsApp: 64 9224-0660. instagram.com/lorena_colchoesrioverde/. PARABÉNS, E SEJA BEM-VINDA À ACIRV, LORENA COLCHÕES!! 👏👏;795;749;15;0;0;0;0;0;;15;000-Arquivos-originais/DADOS ACIRV - HD EXTERNO/Dados instagram - 100425 até 100426/logged_information/past_instagram_insights/posts.json;32e452c2d6101cea98aaccf47bb39ea37d0836bc;extraido_export_meta_sem_reconciliacao_com_totais_da_conta
200;2025-04-22T07:21:53-03:00;18056313671181894;"📬 Você está convidado para um dos encontros empresariais mais estratégicos do ano!

🌐 O Conecta ACIRV é um evento gratuito e exclusivo para associados, com foco em gerar negócios, parcerias e novas possibilidades.

🗓️ 26 de abril | 🕢 A partir de 7h30
📍 Local: ACIRV

🤝 Conecte-se com quem também faz a diferença em Rio Verde!

⚠️ POUCAS VAGAS, e somente 2 empresários do mesmo segmento por vaga.

🔗 Faça sua inscrição o quanto antes pelo link abaixo
https://forms.gle/EECQAG1XveGkito56";1136;829;23;0;8;1;9;1;9;32;000-Arquivos-originais/DADOS ACIRV - HD EXTERNO/Dados instagram - 100425 até 100426/logged_information/past_instagram_insights/posts.json;32e452c2d6101cea98aaccf47bb39ea37d0836bc;extraido_export_meta_sem_reconciliacao_com_totais_da_conta
