periodo_fonte;data_story;hora_story;media_id;tipo_midia;visualizacoes;visualizadores;alcance;views_seguidores;views_nao_seguidores;interacoes;contas_com_engajamento;curtidas_story;respostas;compartilhamentos;salvamentos;cliques_link;visitas_perfil;novos_seguidores;navegacoes;navegacoes_quebra;descricao_visao;texto_sobreposto;natureza;metricas_ausentes;formato_metricas;notas;source_path;source_blob_sha;status_validacao
2026-09;2026-09-30;14:09:29;3997743379722063371;video;428;374;365;413;15;4;4;4;0;0;0;;3;;47;"{""8"":47,""3"":36,""1"":315,""2"":6}";"Quadro de vídeo: quatro pessoas (três mulheres e um homem) em pé diante da parede institucional com o logotipo da associação, reunidas em círculo de mãos ao centro; caixa preta com lista de perfis sobreposta no canto inferior.";fernandafidelis / acirvonoticias / juliocoelhoprado / renataleitedenadai / marciorofrigo / lucasangeloo / jessicadalo / marymarcelino / acirvoficial;video;"c;l;i;q;u;e;s;_;l;i;n;k;;;n;o;v;o;s;_;s;e;g;u;i;d;o;r;e;s";lista;;Hermes/instagram-insights/captura/stories-setembro-2026/insights_2026-09.json;a8a8efc64c655065561a314e777a4c9d2217bc6d899fd1a9f50bc37b69be0578;completo_2026-09_stories_basesurface
2026-09;2026-09-29;22:35:11;3997273196281572444;video;126;106;105;105;21;1;1;1;0;0;0;;1;;25;"{""8"":25,""1"":85,""2"":6,""3"":5}";"Quadro de vídeo: republicação de story (cabeçalho de publicação compartilhada no alto) mostrando a sala da oficina com público sentado às mesas, apresentador em pé diante de tela de projeção com slides coloridos; imagem inserida sobre fundo desfocado.";@soudambarbossa / @acirvoficial;video;"c;l;i;q;u;e;s;_;l;i;n;k;;;n;o;v;o;s;_;s;e;g;u;i;d;o;r;e;s";lista;;Hermes/instagram-insights/captura/stories-setembro-2026/insights_2026-09.json;a8a8efc64c655065561a314e777a4c9d2217bc6d899fd1a9f50bc37b69be0578;completo_2026-09_stories_basesurface
2026-09;2026-09-29;22:35:03;3997273082861943994;imagem;121;108;107;100;21;3;3;3;0;0;0;;1;;2;"{""3"":2,""2"":5,""1"":105,""8"":4}";Republicação de story: foto de grupo de empresários diante da parede institucional, com faixa translúcida de texto na base e cabeçalho de publicação compartilhada no alto.;"@nossosbairronossacidadederioverde / ""Café com a Presidente"" aproxima empresários de Rio Verde / @acirvoficial";print;"c;l;i;q;u;e;s;_;l;i;n;k;;;n;o;v;o;s;_;s;e;g;u;i;d;o;r;e;s";lista;;Hermes/instagram-insights/captura/stories-setembro-2026/insights_2026-09.json;a8a8efc64c655065561a314e777a4c9d2217bc6d899fd1a9f50bc37b69be0578;completo_2026-09_stories_basesurface
2026-09;2026-09-29;22:34:57;3997273082190645647;imagem;120;110;110;98;22;2;2;2;0;0;0;;1;;2;"{""8"":2,""1"":107,""3"":4,""2"":4}";Republicação de story: foto de grupo da oficina com caixas de texto sobreposta sobre fundo desfocado, com cabeçalho de publicação compartilhada no alto.;@blauh_nathan / Oficina Inicia.IA / Obrigado associados e visitantes por terem participado dessa oficina / @acirvoficial;print;"c;l;i;q;u;e;s;_;l;i;n;k;;;n;o;v;o;s;_;s;e;g;u;i;d;o;r;e;s";lista;;Hermes/instagram-insights/captura/stories-setembro-2026/insights_2026-09.json;a8a8efc64c655065561a314e777a4c9d2217bc6d899fd1a9f50bc37b69be0578;completo_2026-09_stories_basesurface
2026-09;2026-09-29;22:34:48;3997272941371165609;imagem;135;121;121;115;20;3;3;3;0;0;0;;;;116;"{""1"":116,""2"":6,""3"":5,""8"":1}";Republicação de story: a mesma foto de grupo da oficina com as caixas de agradecimento, agora inserida sobre fundo desfocado, com cabeçalho de publicação compartilhada no alto.;@maxamorim1 / Oficina Inicia.IA / Obrigado associados e visitantes por terem participado dessa oficina / @acirvoficial;print;"c;l;i;q;u;e;s;_;l;i;n;k;;;v;i;s;i;t;a;s;_;p;e;r;f;i;l;;;n;o;v;o;s;_;s;e;g;u;i;d;o;r;e;s";lista;;Hermes/instagram-insights/captura/stories-setembro-2026/insights_2026-09.json;a8a8efc64c655065561a314e777a4c9d2217bc6d899fd1a9f50bc37b69be0578;completo_2026-09_stories_basesurface
2026-09;2026-09-29;22:03:00;3997256937551332427;imagem;1665;1262;1194;412;1253;21;17;7;0;14;0;;2;;13;"{""3"":13,""8"":21,""1"":113,""2"":14}";Foto de grupo com cerca de trinta pessoas posando em pé e agachadas diante da parede institucional com o logotipo da associação, em galeria ampla de piso claro. Duas caixas de texto sobrepostas.;Oficina Inicia.IA / Obrigado associados e visitantes por terem participado dessa oficina;foto;"c;l;i;q;u;e;s;_;l;i;n;k;;;n;o;v;o;s;_;s;e;g;u;i;d;o;r;e;s";lista;;Hermes/instagram-insights/captura/stories-setembro-2026/insights_2026-09.json;a8a8efc64c655065561a314e777a4c9d2217bc6d899fd1a9f50bc37b69be0578;completo_2026-09_stories_basesurface
2026-09;2026-09-29;20:54:45;3997222614065863005;video;457;377;365;196;261;13;12;10;0;3;0;;2;1;13;"{""8"":13,""1"":110,""2"":11,""3"":19}";"Quadro de vídeo da oficina: público sentado às mesas com notebooks, apresentador em pé ao lado de tela de projeção com slides coloridos sobre processos; sala de paredes claras. Duas caixas de texto sobrepostas.";Agora na ACIRV / Oficina gestão de processos com inteligência artificial reune líderes e empresários para aprenderem juntos a aplicar a IA no dia a dia;video;"c;l;i;q;u;e;s;_;l;i;n;k";lista;;Hermes/instagram-insights/captura/stories-setembro-2026/insights_2026-09.json;a8a8efc64c655065561a314e777a4c9d2217bc6d899fd1a9f50bc37b69be0578;completo_2026-09_stories_basesurface
2026-09;2026-09-29;11:30:35;3996938636930542959;imagem;174;141;133;138;36;5;5;5;0;0;0;;;;25;"{""8"":25,""1"":117,""3"":6,""2"":18}";Peça gráfica de divulgação de oficina gratuita: cartão branco com foto de sala de aula e público, cartão azul com data, horário e local, texto sobre o que será aprendido e logotipos das instituições realizadoras.;29/09 às 19h ACIRV / Oficina GRATUITA / Inicia.IA Processos / O que você vai aprender? / Aplicar recursos da Inteligência Artificial para otimizar sua organização e melhorar seus processos. / ACIRV / SEBRAE / @acirvoficial;arte;"c;l;i;q;u;e;s;_;l;i;n;k;;;v;i;s;i;t;a;s;_;p;e;r;f;i;l;;;n;o;v;o;s;_;s;e;g;u;i;d;o;r;e;s";lista;;Hermes/instagram-insights/captura/stories-setembro-2026/insights_2026-09.json;a8a8efc64c655065561a314e777a4c9d2217bc6d899fd1a9f50bc37b69be0578;completo_2026-09_stories_basesurface
2026-09;2026-09-29;11:30:21;3996938522392437807;imagem;184;148;143;148;36;5;5;3;1;1;0;;1;;17;"{""2"":17,""3"":5,""1"":138,""8"":11}";Peça gráfica azul de divulgação de workshop: card com selo SAVE THE DATE, título do curso de criação de site com IA, mockup de construtor de páginas, fotos de referência e faixa inferior com data, horário e instrutor.;SAVE THE DATE / WORKSHOP / CRIE SEU SITE COM IA / 08 de outubro • 19h às 22h / Curso prático com Raphael Vilelaço / @acirvoficial;arte;"c;l;i;q;u;e;s;_;l;i;n;k;;;n;o;v;o;s;_;s;e;g;u;i;d;o;r;e;s";lista;;Hermes/instagram-insights/captura/stories-setembro-2026/insights_2026-09.json;a8a8efc64c655065561a314e777a4c9d2217bc6d899fd1a9f50bc37b69be0578;completo_2026-09_stories_basesurface
2026-09;2026-09-29;11:29:48;3996938282608992307;video;415;308;306;177;238;9;8;6;1;2;0;;1;;13;"{""2"":13,""1"":140,""8"":18,""3"":8}";"Quadro de vídeo com homem de camisa social azul-clara falando, sentado em ambiente de café; copo com marca sobre a mesa em primeiro plano. Duas caixas de texto sobrepostas.";Café com o Presidente / Reunião do presidente José Carlos Cintra com associados novos e antigos para aprofundar relações;video;"c;l;i;q;u;e;s;_;l;i;n;k;;;n;o;v;o;s;_;s;e;g;u;i;d;o;r;e;s";lista;;Hermes/instagram-insights/captura/stories-setembro-2026/insights_2026-09.json;a8a8efc64c655065561a314e777a4c9d2217bc6d899fd1a9f50bc37b69be0578;completo_2026-09_stories_basesurface
2026-09;2026-09-29;11:25:47;3996936251810855432;video;496;375;368;271;225;12;11;9;0;3;0;;2;;2;"{""2"":2,""1"":130,""8"":18,""3"":22}";"Quadro de vídeo de reunião de trabalho: quatro pessoas ao redor de mesa com frutas e café, duas delas com camisetas institucionais; janela com cortina ao fundo. Duas caixas de texto sobrepostas.";Agora na ACIRV / Reunião das ACIRVETES com o presidente para realizar uma retrospectiva do SudoExpo e levantar considerações;video;"c;l;i;q;u;e;s;_;l;i;n;k;;;n;o;v;o;s;_;s;e;g;u;i;d;o;r;e;s";lista;;Hermes/instagram-insights/captura/stories-setembro-2026/insights_2026-09.json;a8a8efc64c655065561a314e777a4c9d2217bc6d899fd1a9f50bc37b69be0578;completo_2026-09_stories_basesurface
2026-09;2026-09-28;11:01:33;3996199247656902474;imagem;210;171;170;189;21;1;1;1;0;0;0;6;;;43;"{""8"":43,""1"":115,""3"":22,""2"":1}";Peça gráfica de divulgação de oficina: cartão branco com faixa INSCRIÇÕES AQUI e foto de sala de aula com público, cartão azul com data, horário e local, descrição da oficina sobre Inteligência Artificial para processos e logotipos das instituições realizadoras.;INSCRIÇÕES AQUI / 29/09 às 19h ACIRV / Oficina GRATUITA / Inicia.IA Processos / Aprenda recursos da Inteligência Artificial para otimizar sua organização e melhorar seus processos. / ACIRV / SEBRAE;arte;"v;i;s;i;t;a;s;_;p;e;r;f;i;l;;;n;o;v;o;s;_;s;e;g;u;i;d;o;r;e;s";lista;;Hermes/instagram-insights/captura/stories-setembro-2026/insights_2026-09.json;a8a8efc64c655065561a314e777a4c9d2217bc6d899fd1a9f50bc37b69be0578;completo_2026-09_stories_basesurface
2026-09;2026-09-23;10:48:26;3992568823491351545;video;107;92;90;102;5;2;2;2;0;0;0;;;;3;"{""2"":3,""8"":30,""1"":66,""3"":4}";"Quadro de vídeo predominantemente preto com peça gráfica centralizada: título em fonte manuscrita com coração amarelo e marca d'água de aplicativo de edição; etiqueta verde na base.";Ginástica Laboral / Salomé Amado / CopCut;video;"c;l;i;q;u;e;s;_;l;i;n;k;;;v;i;s;i;t;a;s;_;p;e;r;f;i;l;;;n;o;v;o;s;_;s;e;g;u;i;d;o;r;e;s";lista;;Hermes/instagram-insights/captura/stories-setembro-2026/insights_2026-09.json;a8a8efc64c655065561a314e777a4c9d2217bc6d899fd1a9f50bc37b69be0578;completo_2026-09_stories_basesurface
2026-09;2026-09-23;09:39:35;3992534121372126841;imagem;127;114;113;122;5;3;2;2;1;0;0;;;;2;"{""2"":2,""3"":11,""8"":16,""1"":92}";Foto em primeira pessoa: mão segurando copo com sobremesa gelada e coberturas sobre a mesa, em ambiente interno desfocado. Cabeçalho de publicação compartilhada e etiquetas de perfis sobrepostas.;@janainemarquez / @acirvoficial / @acirvempresarial / Hoje teve a aula laboral foi especial! 💛;foto;"c;l;i;q;u;e;s;_;l;i;n;k;;;v;i;s;i;t;a;s;_;p;e;r;f;i;l;;;n;o;v;o;s;_;s;e;g;u;i;d;o;r;e;s";lista;;Hermes/instagram-insights/captura/stories-setembro-2026/insights_2026-09.json;a8a8efc64c655065561a314e777a4c9d2217bc6d899fd1a9f50bc37b69be0578;completo_2026-09_stories_basesurface
2026-09;2026-09-21;19:38:31;3991386034805793761;video;990;741;766;630;360;13;12;8;1;4;0;;1;;63;"{""3"":63,""1"":219,""8"":56,""2"":5}";"Quadro de vídeo de reunião: pessoas sentadas à mesa com notebooks e copos, tela de TV na parede exibindo planilha; sala de paredes claras. Duas caixas de texto sobrepostas.";Agora na ACIRV / Organização da Sudoexpo se reune para levantar análise sobre os prós e contras da Sudoexpo 2026;video;"c;l;i;q;u;e;s;_;l;i;n;k;;;n;o;v;o;s;_;s;e;g;u;i;d;o;r;e;s";lista;;Hermes/instagram-insights/captura/stories-setembro-2026/insights_2026-09.json;a8a8efc64c655065561a314e777a4c9d2217bc6d899fd1a9f50bc37b69be0578;completo_2026-09_stories_basesurface
2026-09;2026-09-18;17:24:23;3989144187076365644;video;131;120;119;123;8;1;1;1;0;0;0;;1;;85;"{""1"":85,""2"":4,""8"":21,""3"":8}";Peça gráfica em fundo azul com a marca da associação: cartão branco de avaliação com estrelas amarelas, mão segurando celular com etiquetas flutuantes, contorno de casa em amarelo e seta indicando dedo. Assinatura de perfil na base.;AVALIE O ESTANDE / Avalie o estande da Acirv / @acirvoficial;video;"c;l;i;q;u;e;s;_;l;i;n;k;;;n;o;v;o;s;_;s;e;g;u;i;d;o;r;e;s";lista;;Hermes/instagram-insights/captura/stories-setembro-2026/insights_2026-09.json;a8a8efc64c655065561a314e777a4c9d2217bc6d899fd1a9f50bc37b69be0578;completo_2026-09_stories_basesurface
2026-09;2026-09-18;16:41:40;3989122809631629502;video;137;125;125;128;9;3;3;3;0;0;0;;1;;4;"{""2"":4,""8"":5,""1"":114,""3"":3}";"Quadro de vídeo com homem de cabelos e barba brancos, de camisa branca, segurando pasta laranja em frente à fachada azul do edifício; cabeçalho de publicação compartilhada no alto e caixa verde na base.";@lucianoguimaraesbr / Estamos representando o @coderv;video;"c;l;i;q;u;e;s;_;l;i;n;k;;;n;o;v;o;s;_;s;e;g;u;i;d;o;r;e;s";lista;;Hermes/instagram-insights/captura/stories-setembro-2026/insights_2026-09.json;a8a8efc64c655065561a314e777a4c9d2217bc6d899fd1a9f50bc37b69be0578;completo_2026-09_stories_basesurface
2026-09;2026-09-18;16:41:35;3989122677099994950;video;148;129;130;138;10;3;3;3;0;0;0;;1;;7;"{""3"":7,""1"":114,""8"":8,""2"":10}";Quadro de vídeo em contraluz: vista de baixo para cima da fachada azul do edifício da associação, com as letras institucionais aplicadas na parede e reflexo de sol. Cabeçalho de publicação compartilhada no alto e caixa verde de texto na base.;@lucianoguimaraesbr / Estamos agora ACIRV desejando um crescimento público e privado, firmamos assim resultados nos negócios. Honrando com ciência e firmeza as pautas da nossa região (trecho ilegivel);video;"c;l;i;q;u;e;s;_;l;i;n;k;;;n;o;v;o;s;_;s;e;g;u;i;d;o;r;e;s";lista;;Hermes/instagram-insights/captura/stories-setembro-2026/insights_2026-09.json;a8a8efc64c655065561a314e777a4c9d2217bc6d899fd1a9f50bc37b69be0578;completo_2026-09_stories_basesurface
2026-09;2026-09-18;16:12:43;3989108129886427526;video;596;512;509;210;386;5;5;4;0;1;0;;1;;8;"{""2"":8,""1"":119,""8"":19,""3"":13}";"Quadro de vídeo de encontro em escritório: homem de polo escura conversa com mulher de costas para a câmera, outro homem anota em notebook à mesa; armário de madeira e vidro ao fundo, com pessoas visíveis através do vidro.";ACIRV e MC Consult / Márcia da @mcconsultoria.vistoria compartilha oportunidades e conexões com os diretores da ACIRV;video;"c;l;i;q;u;e;s;_;l;i;n;k;;;n;o;v;o;s;_;s;e;g;u;i;d;o;r;e;s";lista;;Hermes/instagram-insights/captura/stories-setembro-2026/insights_2026-09.json;a8a8efc64c655065561a314e777a4c9d2217bc6d899fd1a9f50bc37b69be0578;completo_2026-09_stories_basesurface
2026-09;2026-09-18;15:36:41;3989089993682379797;video;507;414;406;286;221;6;6;5;0;1;0;;;;18;"{""8"":18,""1"":127,""3"":33,""2"":2}";"Quadro de vídeo de reunião de trabalho: cerca de oito pessoas sentadas ao redor de mesa de sala clara, com notebooks e celulares; parede de vidro ao fundo. Duas caixas azuis de texto sobrepostas à esquerda.";ACIRV e CODERV / A associação comercial foi representada pelo diretor @marquim_eletromar em um reunião de trabalho do @codervrioverde;video;"c;l;i;q;u;e;s;_;l;i;n;k;;;v;i;s;i;t;a;s;_;p;e;r;f;i;l;;;n;o;v;o;s;_;s;e;g;u;i;d;o;r;e;s";lista;;Hermes/instagram-insights/captura/stories-setembro-2026/insights_2026-09.json;a8a8efc64c655065561a314e777a4c9d2217bc6d899fd1a9f50bc37b69be0578;completo_2026-09_stories_basesurface
2026-09;2026-09-17;09:44:24;3988187908438789758;video;474;397;398;333;141;9;8;8;0;1;0;;;1;184;"{""1"":184,""8"":55,""3"":38,""2"":3}";"Quadro de vídeo com homem de polo azul-marinho sentado à mesa em sala de reunião com porta e armário de madeira; aparelhos celulares sobre a mesa e braço de pessoa gravando o encontro. Caixa azul de texto sobreposta.";@Agora na ACIRV / Diálogo entre associação comercial e representantes do banco do brasil;video;"c;l;i;q;u;e;s;_;l;i;n;k;;;v;i;s;i;t;a;s;_;p;e;r;f;i;l";lista;;Hermes/instagram-insights/captura/stories-setembro-2026/insights_2026-09.json;a8a8efc64c655065561a314e777a4c9d2217bc6d899fd1a9f50bc37b69be0578;completo_2026-09_stories_basesurface
2026-09;2026-09-15;09:53:23;3986742853614418675;imagem;443;407;398;423;20;7;7;7;0;0;0;;2;;17;"{""2"":17,""1"":318,""3"":20,""8"":60}";"Foto de quatro homens em pé na entrada de um edifício, três de camisa social e um com uniforme da polícia militar; placa vermelha de extintor na parede ao fundo.";Acirv em Brasília;foto;"c;l;i;q;u;e;s;_;l;i;n;k;;;n;o;v;o;s;_;s;e;g;u;i;d;o;r;e;s";lista;;Hermes/instagram-insights/captura/stories-setembro-2026/insights_2026-09.json;a8a8efc64c655065561a314e777a4c9d2217bc6d899fd1a9f50bc37b69be0578;completo_2026-09_stories_basesurface
2026-09;2026-09-15;09:52:42;3986742506711864111;imagem;481;426;418;462;19;6;6;6;0;0;0;;;;371;"{""1"":371,""8"":11,""2"":34,""3"":28}";"Foto de dois homens de camisa branca posando lado a lado em sala clara de paredes brancas, um deles com crachá de evento; caixa azul de texto sobreposta na base.";Workshop de IA com Alsones Balestrin;foto;"c;l;i;q;u;e;s;_;l;i;n;k;;;v;i;s;i;t;a;s;_;p;e;r;f;i;l;;;n;o;v;o;s;_;s;e;g;u;i;d;o;r;e;s";lista;;Hermes/instagram-insights/captura/stories-setembro-2026/insights_2026-09.json;a8a8efc64c655065561a314e777a4c9d2217bc6d899fd1a9f50bc37b69be0578;completo_2026-09_stories_basesurface
2026-09;2026-09-15;08:51:03;3986711506040392427;video;570;485;477;553;17;13;13;13;0;0;0;;;;17;"{""2"":17,""1"":372,""8"":43,""3"":50}";"Quadro de vídeo com homem de camisa branca e crachá caminhando na calçada em frente a edifício universitário, sob céu azul e palmeira; caixa azul de texto sobreposta à esquerda.";ACIRV e Unirv / A convite da UniRV, presidente José Carlos Cintra e diretor Gustavo Lacerda participam de Workshop de IA / PRÓ-REITORIA PESQUISA E PÓS-GRADUAÇÃO;video;"c;l;i;q;u;e;s;_;l;i;n;k;;;v;i;s;i;t;a;s;_;p;e;r;f;i;l;;;n;o;v;o;s;_;s;e;g;u;i;d;o;r;e;s";lista;;Hermes/instagram-insights/captura/stories-setembro-2026/insights_2026-09.json;a8a8efc64c655065561a314e777a4c9d2217bc6d899fd1a9f50bc37b69be0578;completo_2026-09_stories_basesurface
2026-09;2026-09-14;16:38:13;3986221827658697792;imagem;384;319;302;355;29;2;2;1;1;0;0;;2;;26;"{""3"":26,""1"":239,""2"":30,""8"":67}";Foto de dois homens de camisa social e crachá posando lado a lado diante dos painéis azuis do espaço da associação, em área interna do pavilhão com público ao fundo.;A casa do empresário / ACIRV / @dirinovende;foto;"c;l;i;q;u;e;s;_;l;i;n;k;;;n;o;v;o;s;_;s;e;g;u;i;d;o;r;e;s";lista;;Hermes/instagram-insights/captura/stories-setembro-2026/insights_2026-09.json;a8a8efc64c655065561a314e777a4c9d2217bc6d899fd1a9f50bc37b69be0578;completo_2026-09_stories_basesurface
2026-09;2026-09-14;14:55:55;3986170357693336172;video;572;423;419;509;63;3;2;2;0;1;0;18;2;;59;"{""3"":59,""2"":8,""1"":264,""8"":54}";Peça vertical de pesquisa de satisfação: card escuro com a marca do evento, título, código QR central e faixa de chamada com mascote sorridente em laranja.;SUDO EXPO 2026 / PESQUISA DE SATISFAÇÃO / AVALIE A SUDOEXPO / Sua opinião é muito importante para nós.;video;"n;o;v;o;s;_;s;e;g;u;i;d;o;r;e;s";lista;;Hermes/instagram-insights/captura/stories-setembro-2026/insights_2026-09.json;a8a8efc64c655065561a314e777a4c9d2217bc6d899fd1a9f50bc37b69be0578;completo_2026-09_stories_basesurface
2026-09;2026-09-13;16:54:23;3985505193616749237;video;164;138;136;141;23;3;3;3;0;0;0;;1;;2;"{""3"":2,""2"":11,""8"":50,""1"":96}";Quadro de vídeo com três jovens em pé diante de painel institucional com marcas de apoio: mulher de camiseta preta, homem de camisa rosa com crachás e homem de camisa de futebol amarela. Caixas de texto e miniatura de pessoa sobrepostas.;Missão no debate dos governadores de Goiás! / @teammentoroficial / @judasbrasil / Renan Márcio / 1419;video;"c;l;i;q;u;e;s;_;l;i;n;k;;;n;o;v;o;s;_;s;e;g;u;i;d;o;r;e;s";lista;;Hermes/instagram-insights/captura/stories-setembro-2026/insights_2026-09.json;a8a8efc64c655065561a314e777a4c9d2217bc6d899fd1a9f50bc37b69be0578;completo_2026-09_stories_basesurface
2026-09;2026-09-13;16:54:11;3985505086242582893;imagem;158;136;135;134;24;2;2;2;0;0;0;;1;;2;"{""3"":2,""1"":138,""8"":4,""2"":8}";"Colagem de fotos do estande: grupo de quatro visitantes diante dos painéis institucionais, corredor do pavilhão com letreiro do evento, plaquinha com nome próprio e flores brancas, caixa de encomendas com etiqueta de presente e vista de grupo de visitantes; selo de marca de maquiagem.";SUDO EXPO / LUCAS / PRESENTE / Nana Beauty / (texto vertical ilegivel);foto;"c;l;i;q;u;e;s;_;l;i;n;k;;;n;o;v;o;s;_;s;e;g;u;i;d;o;r;e;s";umapi;;Hermes/instagram-insights/captura/stories-setembro-2026/insights_2026-09.json;a8a8efc64c655065561a314e777a4c9d2217bc6d899fd1a9f50bc37b69be0578;completo_2026-09_stories_basesurface
2026-09;2026-09-13;16:54:04;3985505034510059091;video;155;137;136;131;24;3;3;3;0;0;0;;;;8;"{""2"":8,""1"":143,""3"":1}";Quadro de vídeo em autorregistro duplo: duas mulheres com crachás de evento em primeiro plano sorrindo para a câmera, com logotipo institucional iluminado ao fundo e contador de tempo no canto.;@camilafloraseca_futuroinovarei and @karolay_futuroinovarei / SEBRAE;video;"c;l;i;q;u;e;s;_;l;i;n;k;;;v;i;s;i;t;a;s;_;p;e;r;f;i;l;;;n;o;v;o;s;_;s;e;g;u;i;d;o;r;e;s";umapi;;Hermes/instagram-insights/captura/stories-setembro-2026/insights_2026-09.json;a8a8efc64c655065561a314e777a4c9d2217bc6d899fd1a9f50bc37b69be0578;completo_2026-09_stories_basesurface
2026-09;2026-09-13;16:53:48;3985504897616346951;video;302;258;256;143;159;4;4;3;0;1;0;;;;1;"{""8"":1,""2"":7,""1"":143,""3"":1}";"Quadro de vídeo com menino de boné preto segurando bola de futebol em ativação de rua do pavilhão, ao lado de escultura inflável vermelha de cachorro e painéis coloridos; tapete vermelho no piso.";;video;"c;l;i;q;u;e;s;_;l;i;n;k;;;v;i;s;i;t;a;s;_;p;e;r;f;i;l;;;n;o;v;o;s;_;s;e;g;u;i;d;o;r;e;s";lista;;Hermes/instagram-insights/captura/stories-setembro-2026/insights_2026-09.json;a8a8efc64c655065561a314e777a4c9d2217bc6d899fd1a9f50bc37b69be0578;completo_2026-09_stories_basesurface
2026-09;2026-09-13;16:53:42;3985504842704492888;video;150;132;131;125;25;2;2;2;0;0;0;;;;1;"{""3"":1,""2"":7,""1"":131,""8"":2}";Quadro de vídeo em autorregistro: mulher de blusa azul-escura e colar dourado sorrindo diante de estande azul com mascote sol, código QR e painel com texto espelhado.;(painel com texto espelhado) SEU NEGÓCIO / AMIGO DO DIA;video;"c;l;i;q;u;e;s;_;l;i;n;k;;;v;i;s;i;t;a;s;_;p;e;r;f;i;l;;;n;o;v;o;s;_;s;e;g;u;i;d;o;r;e;s";lista;;Hermes/instagram-insights/captura/stories-setembro-2026/insights_2026-09.json;a8a8efc64c655065561a314e777a4c9d2217bc6d899fd1a9f50bc37b69be0578;completo_2026-09_stories_basesurface
2026-09;2026-09-13;16:53:35;3985504783825061485;imagem;163;134;133;136;27;3;3;3;0;0;0;;;;1;"{""3"":1,""1"":136,""2"":17,""8"":3}";Foto de material impresso de divulgação sobre superfície escura: cartilha azul com ondas gráficas, brindes verdes e cartão de visitas de empresa de energia solar, com dados de contato e perfis sociais.;SOLUÇÕES COMPLETAS em energia / Todos Cordeiro / LOCAÇÃO DE GERADORES / @luthoenergy;foto;"c;l;i;q;u;e;s;_;l;i;n;k;;;v;i;s;i;t;a;s;_;p;e;r;f;i;l;;;n;o;v;o;s;_;s;e;g;u;i;d;o;r;e;s";lista;;Hermes/instagram-insights/captura/stories-setembro-2026/insights_2026-09.json;a8a8efc64c655065561a314e777a4c9d2217bc6d899fd1a9f50bc37b69be0578;completo_2026-09_stories_basesurface
2026-09;2026-09-13;16:53:12;3985504592514270455;video;165;140;139;136;29;3;3;3;0;0;0;;;;5;"{""2"":5,""1"":155,""8"":2}";Quadro de vídeo de premiação no palco: três homens segurando troféus diante de telão com letras gigantes do evento. Caixa de texto sobreposta na base com marcas e perfis.;Empresas com mais de 30 anos de Parceria com a @acirvoficial / @planaltocaseih / SUDO EXPO;video;"c;l;i;q;u;e;s;_;l;i;n;k;;;v;i;s;i;t;a;s;_;p;e;r;f;i;l;;;n;o;v;o;s;_;s;e;g;u;i;d;o;r;e;s";lista;;Hermes/instagram-insights/captura/stories-setembro-2026/insights_2026-09.json;a8a8efc64c655065561a314e777a4c9d2217bc6d899fd1a9f50bc37b69be0578;completo_2026-09_stories_basesurface
2026-09;2026-09-13;16:53:00;3985504498159238460;video;161;141;140;134;27;5;5;5;0;0;0;;;;1;"{""3"":1,""1"":141,""2"":12,""8"":2}";Quadro de vídeo quase todo preto, com faixa vertical desfocada ao centro (borda de tela de celular) e marca d'água de aplicativo de edição no canto superior direito.;CopCut;video;"c;l;i;q;u;e;s;_;l;i;n;k;;;v;i;s;i;t;a;s;_;p;e;r;f;i;l;;;n;o;v;o;s;_;s;e;g;u;i;d;o;r;e;s";lista;;Hermes/instagram-insights/captura/stories-setembro-2026/insights_2026-09.json;a8a8efc64c655065561a314e777a4c9d2217bc6d899fd1a9f50bc37b69be0578;completo_2026-09_stories_basesurface
2026-09;2026-09-13;16:52:42;3985504345419477150;video;175;142;141;144;31;3;3;3;0;0;0;;;;149;"{""1"":149,""2"":14,""8"":1,""3"":2}";Quadro de vídeo de show: homem no palco sob refletor entre fumaça, com telão exibindo o nome do evento, e plateia em contraluz com celulares erguidos. Etiquetas de perfil sobrepostas na base.;@hanyedaiane / @acirvoficial / SUDO EXPO;video;"c;l;i;q;u;e;s;_;l;i;n;k;;;v;i;s;i;t;a;s;_;p;e;r;f;i;l;;;n;o;v;o;s;_;s;e;g;u;i;d;o;r;e;s";lista;;Hermes/instagram-insights/captura/stories-setembro-2026/insights_2026-09.json;a8a8efc64c655065561a314e777a4c9d2217bc6d899fd1a9f50bc37b69be0578;completo_2026-09_stories_basesurface
2026-09;2026-09-13;16:52:29;3985504229170250198;imagem;297;248;245;154;143;4;4;3;0;1;0;;;;3;"{""8"":3,""2"":8,""1"":153}";"Foto de cinco pessoas em pé sobre tapete vermelho diante do estande de banco, uma delas com camisa de time; faixa do patrocinador e estrutura metálica do pavilhão ao fundo.";bradesco;foto;"c;l;i;q;u;e;s;_;l;i;n;k;;;v;i;s;i;t;a;s;_;p;e;r;f;i;l;;;n;o;v;o;s;_;s;e;g;u;i;d;o;r;e;s";lista;;Hermes/instagram-insights/captura/stories-setembro-2026/insights_2026-09.json;a8a8efc64c655065561a314e777a4c9d2217bc6d899fd1a9f50bc37b69be0578;completo_2026-09_stories_basesurface
2026-09;2026-09-13;16:52:12;3985504099784241347;video;163;139;138;139;24;3;3;3;0;0;0;;;;3;"{""8"":3,""2"":14,""1"":143,""3"":1}";"Quadro de vídeo com mulher de vestido creme de costas pintando tela branca em ativação de pintura, diante de painel colorido com formas geométricas e assinaturas institucionais; criança observa ao lado, em piso de madeira.";RIO VERDE / RioVerdeBQ / Instituto Mais / PINTE E CONCORRA;video;"c;l;i;q;u;e;s;_;l;i;n;k;;;v;i;s;i;t;a;s;_;p;e;r;f;i;l;;;n;o;v;o;s;_;s;e;g;u;i;d;o;r;e;s";lista;;Hermes/instagram-insights/captura/stories-setembro-2026/insights_2026-09.json;a8a8efc64c655065561a314e777a4c9d2217bc6d899fd1a9f50bc37b69be0578;completo_2026-09_stories_basesurface
2026-09;2026-09-13;16:52:03;3985504014673552146;imagem;165;144;143;141;24;4;4;4;0;0;0;;;;148;"{""1"":148,""2"":5}";"Foto de três pessoas (duas mulheres e uma menina) sorrindo dentro de estande de joalheria, com vitrines e espelhos ao fundo; a menina segura bolsa verde e um dos colares aparece em destaque. Caixa de texto sobreposta na base.";@caroline_jaoa_temporada / A maior loja de joias, cristais e a energia alta! Eu e Liz simplesmente amamosssss! 😍;foto;"c;l;i;q;u;e;s;_;l;i;n;k;;;v;i;s;i;t;a;s;_;p;e;r;f;i;l;;;n;o;v;o;s;_;s;e;g;u;i;d;o;r;e;s";lista;;Hermes/instagram-insights/captura/stories-setembro-2026/insights_2026-09.json;a8a8efc64c655065561a314e777a4c9d2217bc6d899fd1a9f50bc37b69be0578;completo_2026-09_stories_basesurface
2026-09;2026-09-13;16:51:55;3985503943571700443;imagem;158;142;141;135;23;3;3;3;0;0;0;;;;8;"{""2"":8,""1"":145,""8"":1}";Foto de mulher de vestido bege posando sentada dentro de instalação circular de LED multicolorida no estande de instituição financeira, com painel de check-in e público ao fundo em pé.;Sicoob / CHECK-IN / @acirvoficial;foto;"c;l;i;q;u;e;s;_;l;i;n;k;;;v;i;s;i;t;a;s;_;p;e;r;f;i;l;;;n;o;v;o;s;_;s;e;g;u;i;d;o;r;e;s";lista;;Hermes/instagram-insights/captura/stories-setembro-2026/insights_2026-09.json;a8a8efc64c655065561a314e777a4c9d2217bc6d899fd1a9f50bc37b69be0578;completo_2026-09_stories_basesurface
2026-09;2026-09-13;16:51:29;3985503734426780262;video;171;146;145;145;26;4;4;4;0;0;0;;;;12;"{""2"":12,""1"":148,""8"":2}";Quadro de vídeo de dinâmica de grupo: pessoas em círculo com braços erguidos e mãos unidas, comandadas por uma apresentadora de camisa verde em pé à frente, em área de estande com painéis institucionais.;Eu disse ANIMADOS / @acirvoficial;video;"c;l;i;q;u;e;s;_;l;i;n;k;;;v;i;s;i;t;a;s;_;p;e;r;f;i;l;;;n;o;v;o;s;_;s;e;g;u;i;d;o;r;e;s";lista;;Hermes/instagram-insights/captura/stories-setembro-2026/insights_2026-09.json;a8a8efc64c655065561a314e777a4c9d2217bc6d899fd1a9f50bc37b69be0578;completo_2026-09_stories_basesurface
2026-09;2026-09-13;16:51:21;3985503662888764965;video;171;147;146;145;26;2;2;2;0;0;0;;;;7;"{""2"":7,""1"":156,""8"":4}";Quadro de vídeo com colagem de fotos em grade irregular: mulher de vestido de poá em ativação de estande, público circulando, close de mãos com produtos de maquiagem e um trio em autorregistro. Caixa de texto sobreposta na base.;Prestigiando o último dia de feira.;video;"c;l;i;q;u;e;s;_;l;i;n;k;;;v;i;s;i;t;a;s;_;p;e;r;f;i;l;;;n;o;v;o;s;_;s;e;g;u;i;d;o;r;e;s";lista;;Hermes/instagram-insights/captura/stories-setembro-2026/insights_2026-09.json;a8a8efc64c655065561a314e777a4c9d2217bc6d899fd1a9f50bc37b69be0578;completo_2026-09_stories_basesurface
2026-09;2026-09-13;16:51:01;3985503492935533941;video;162;147;146;137;25;3;3;3;0;0;0;;;;4;"{""2"":4,""8"":3,""1"":148,""3"":3}";"Quadro de vídeo predominantemente escuro, com objeto desfocado na borda direita e sem imagem reconhecível; apenas caixa de texto branca sobreposta no alto.";Foi lindo! Parabéns @acirvoficial pela organização!;video;"c;l;i;q;u;e;s;_;l;i;n;k;;;v;i;s;i;t;a;s;_;p;e;r;f;i;l;;;n;o;v;o;s;_;s;e;g;u;i;d;o;r;e;s";lista;;Hermes/instagram-insights/captura/stories-setembro-2026/insights_2026-09.json;a8a8efc64c655065561a314e777a4c9d2217bc6d899fd1a9f50bc37b69be0578;completo_2026-09_stories_basesurface
2026-09;2026-09-13;16:50:52;3985503423159128875;video;159;147;146;134;25;3;3;3;0;0;0;;;;2;"{""3"":2,""1"":145,""2"":4}";Quadro de vídeo com homem de blazer bege, chapéu de palha e crachá de expositor em pé diante de parede branca com logotipo da marca, planta em vaso e piso claro ao fundo.;MARIANA DUMITTE;video;"c;l;i;q;u;e;s;_;l;i;n;k;;;v;i;s;i;t;a;s;_;p;e;r;f;i;l;;;n;o;v;o;s;_;s;e;g;u;i;d;o;r;e;s";lista;;Hermes/instagram-insights/captura/stories-setembro-2026/insights_2026-09.json;a8a8efc64c655065561a314e777a4c9d2217bc6d899fd1a9f50bc37b69be0578;completo_2026-09_stories_basesurface
2026-09;2026-09-13;16:50:44;3985503349591014365;video;160;147;146;136;24;4;4;4;0;0;0;;;;6;"{""2"":6,""1"":149,""8"":1}";"Quadro de vídeo com mulher de vestido longo rosé em pé sobre tapete vermelho ao lado das letras gigantes em 3D do evento, com marca d'água de joalheria no piso; cabeçalho de publicação compartilhada e contador de tempo no alto.";mduartesemjoias e marianaduarte / MARIANA DUMITTE;video;"c;l;i;q;u;e;s;_;l;i;n;k;;;v;i;s;i;t;a;s;_;p;e;r;f;i;l;;;n;o;v;o;s;_;s;e;g;u;i;d;o;r;e;s";lista;;Hermes/instagram-insights/captura/stories-setembro-2026/insights_2026-09.json;a8a8efc64c655065561a314e777a4c9d2217bc6d899fd1a9f50bc37b69be0578;completo_2026-09_stories_basesurface
2026-09;2026-09-13;16:50:22;3985503167012993973;video;167;143;142;142;25;1;1;1;0;0;0;;;;3;"{""8"":3,""2"":13,""1"":147,""3"":1}";"Quadro de vídeo com colagem vertical de três fotos de grupos de pessoas em pé sobre tapete vermelho no pavilhão, a maioria de camisa branca com logotipos; painel institucional ao fundo.";;video;"c;l;i;q;u;e;s;_;l;i;n;k;;;v;i;s;i;t;a;s;_;p;e;r;f;i;l;;;n;o;v;o;s;_;s;e;g;u;i;d;o;r;e;s";lista;;Hermes/instagram-insights/captura/stories-setembro-2026/insights_2026-09.json;a8a8efc64c655065561a314e777a4c9d2217bc6d899fd1a9f50bc37b69be0578;completo_2026-09_stories_basesurface
2026-09;2026-09-13;16:48:27;3985502206131610503;imagem;175;151;150;148;27;4;4;4;0;0;0;;;;8;"{""2"":8,""1"":149,""8"":3,""3"":1}";Foto de menina de cerca de 9 anos, de colete dourado e blusa branca, cantando ao microfone de perfil sob luz de palco, com teclado de piano visível à esquerda e fundo escuro. Caixa de texto sobreposta no alto.;Esse é o registro perfeito de uma menina, que com apenas 9 anos, não via a hora de subir ao palco e cantar!;foto;"c;l;i;q;u;e;s;_;l;i;n;k;;;v;i;s;i;t;a;s;_;p;e;r;f;i;l;;;n;o;v;o;s;_;s;e;g;u;i;d;o;r;e;s";lista;;Hermes/instagram-insights/captura/stories-setembro-2026/insights_2026-09.json;a8a8efc64c655065561a314e777a4c9d2217bc6d899fd1a9f50bc37b69be0578;completo_2026-09_stories_basesurface
2026-09;2026-09-13;16:48:12;3985502079127918328;video;175;151;150;147;28;2;2;2;0;0;0;;;;4;"{""8"":4,""2"":13,""1"":153,""3"":1}";"Quadro de vídeo do palco do festival: estrutura iluminada em azul e rosa, telão com a marca do festival e pessoas se apresentando com celulares erguidos; etiquetas de texto no alto, uma delas marcando o pódio.";Pódio / Festival Barzinho & Violão / Festival Barzinho & Violão;video;"c;l;i;q;u;e;s;_;l;i;n;k;;;v;i;s;i;t;a;s;_;p;e;r;f;i;l;;;n;o;v;o;s;_;s;e;g;u;i;d;o;r;e;s";lista;;Hermes/instagram-insights/captura/stories-setembro-2026/insights_2026-09.json;a8a8efc64c655065561a314e777a4c9d2217bc6d899fd1a9f50bc37b69be0578;completo_2026-09_stories_basesurface
2026-09;2026-09-13;16:48:05;3985502021808572636;video;175;146;145;144;31;2;2;2;0;0;0;;;;1;"{""3"":1,""2"":13,""8"":2,""1"":152}";"Quadro de vídeo em close de mesa de festival: homem de camisa verde conversando enquanto outra pessoa come ao lado; caixa de texto sobreposta no canto inferior esquerdo.";Festival Barzinho & Violão / Essa final vai ficar marcada na história da SudoExpo;video;"c;l;i;q;u;e;s;_;l;i;n;k;;;v;i;s;i;t;a;s;_;p;e;r;f;i;l;;;n;o;v;o;s;_;s;e;g;u;i;d;o;r;e;s";lista;;Hermes/instagram-insights/captura/stories-setembro-2026/insights_2026-09.json;a8a8efc64c655065561a314e777a4c9d2217bc6d899fd1a9f50bc37b69be0578;completo_2026-09_stories_basesurface
2026-09;2026-09-13;16:47:53;3985501924819482012;video;173;153;152;143;30;4;4;4;0;0;0;;;;4;"{""2"":4,""8"":2,""1"":162}";"Quadro de vídeo com dois homens de camisa roxa da equipe do evento gesticulando no corredor do pavilhão, diante de painel institucional; etiqueta de perfil e crédito de fotografia sobrepostos.";@gregodemoraes / Fotógrafo: @edneyarakaki / @sudoexpo.oficial @acirvoficial;video;"c;l;i;q;u;e;s;_;l;i;n;k;;;v;i;s;i;t;a;s;_;p;e;r;f;i;l;;;n;o;v;o;s;_;s;e;g;u;i;d;o;r;e;s";lista;;Hermes/instagram-insights/captura/stories-setembro-2026/insights_2026-09.json;a8a8efc64c655065561a314e777a4c9d2217bc6d899fd1a9f50bc37b69be0578;completo_2026-09_stories_basesurface
2026-09;2026-09-13;16:46:43;3985501333162570541;video;172;154;153;144;28;5;4;4;1;0;0;;;;2;"{""8"":2,""2"":8,""1"":154}";Quadro de vídeo com homem de terno azul-claro em pé ao lado de parede revestida de flores amarelas, com painéis institucionais ao fundo e piso de concreto. Texto sobreposto na base.;Mesa Diretora / SudoExpo 2026;video;"c;l;i;q;u;e;s;_;l;i;n;k;;;v;i;s;i;t;a;s;_;p;e;r;f;i;l;;;n;o;v;o;s;_;s;e;g;u;i;d;o;r;e;s";lista;;Hermes/instagram-insights/captura/stories-setembro-2026/insights_2026-09.json;a8a8efc64c655065561a314e777a4c9d2217bc6d899fd1a9f50bc37b69be0578;completo_2026-09_stories_basesurface
2026-09;2026-09-13;16:46:34;3985501255693869901;imagem;186;156;155;156;30;5;4;4;1;0;0;;;;2;"{""8"":2,""2"":15,""1"":162}";"Foto de dois homens de terno (azul-claro e preto) em pé sobre tapete vermelho diante de estande com telão exibindo logotipo de instituição financeira; etiquetas de perfil sobrepostas na base.";@acirvoficial / @sudoexpo.oficial;foto;"c;l;i;q;u;e;s;_;l;i;n;k;;;v;i;s;i;t;a;s;_;p;e;r;f;i;l;;;n;o;v;o;s;_;s;e;g;u;i;d;o;r;e;s";lista;;Hermes/instagram-insights/captura/stories-setembro-2026/insights_2026-09.json;a8a8efc64c655065561a314e777a4c9d2217bc6d899fd1a9f50bc37b69be0578;completo_2026-09_stories_basesurface
2026-09;2026-09-13;16:46:25;3985501181244892367;video;188;156;155;155;33;2;2;2;0;0;0;;;;1;"{""3"":1,""2"":12,""1"":163,""8"":4}";Quadro de vídeo em autorregistro: homem de camiseta branca e corrente no peito, dentro do pavilhão, com estrutura metálica e telão ao fundo. Caixa de texto sobreposta na base.;Grande final do Festival barzinho e violão. Sudoexpo com casa cheia!;video;"c;l;i;q;u;e;s;_;l;i;n;k;;;v;i;s;i;t;a;s;_;p;e;r;f;i;l;;;n;o;v;o;s;_;s;e;g;u;i;d;o;r;e;s";lista;;Hermes/instagram-insights/captura/stories-setembro-2026/insights_2026-09.json;a8a8efc64c655065561a314e777a4c9d2217bc6d899fd1a9f50bc37b69be0578;completo_2026-09_stories_basesurface
2026-09;2026-09-13;16:46:14;3985501090463381178;video;184;160;159;152;32;3;3;3;0;0;0;;;;10;"{""2"":10,""1"":163,""3"":2,""8"":4}";"Quadro de vídeo de show no pavilhão: palco iluminado com telões exibindo o nome do cantor e a marca do evento, plateia em primeiro plano; etiqueta de texto no alto.";Festival Barzinho e Violão da Sudoexpo 2026 / WEDER BEIRO / SUDO EXPO;video;"c;l;i;q;u;e;s;_;l;i;n;k;;;v;i;s;i;t;a;s;_;p;e;r;f;i;l;;;n;o;v;o;s;_;s;e;g;u;i;d;o;r;e;s";lista;;Hermes/instagram-insights/captura/stories-setembro-2026/insights_2026-09.json;a8a8efc64c655065561a314e777a4c9d2217bc6d899fd1a9f50bc37b69be0578;completo_2026-09_stories_basesurface
2026-09;2026-09-13;16:45:54;3985500917129603606;video;184;159;158;151;33;3;3;3;0;0;0;;;;165;"{""1"":165,""8"":2,""2"":11,""3"":1}";"Quadro de vídeo de premiação em palco com painel colorido de letras gigantes ao fundo e grupo de pessoas de crachá; uma placa de segundo lugar é erguida no centro. Caixa de texto sobreposta.";Para nós do @grupoypbrj, é uma honra contribuir com a organização dessa grandiosa e belíssima feira! / @sudoexpo.oficial / Obrigado pela homenagem @acirvoficial;video;"c;l;i;q;u;e;s;_;l;i;n;k;;;v;i;s;i;t;a;s;_;p;e;r;f;i;l;;;n;o;v;o;s;_;s;e;g;u;i;d;o;r;e;s";lista;;Hermes/instagram-insights/captura/stories-setembro-2026/insights_2026-09.json;a8a8efc64c655065561a314e777a4c9d2217bc6d899fd1a9f50bc37b69be0578;completo_2026-09_stories_basesurface
2026-09;2026-09-13;16:45:46;3985500849710530250;imagem;190;162;161;157;33;3;3;3;0;0;0;;;;14;"{""2"":14,""1"":169,""8"":2,""3"":1}";Print de publicação repostada dentro do story: grupo de cinco pessoas no palco recebendo placa de premiação, com cabeçalho de perfil do autor original no alto e legendas na base.;__chinato95 / 2º LUGAR / Gratidão a Deus, minha esposa e família... / Parabéns a todos os envolvidos. / @sudoexpo.oficial @acirvoficial;print;"c;l;i;q;u;e;s;_;l;i;n;k;;;v;i;s;i;t;a;s;_;p;e;r;f;i;l;;;n;o;v;o;s;_;s;e;g;u;i;d;o;r;e;s";lista;;Hermes/instagram-insights/captura/stories-setembro-2026/insights_2026-09.json;a8a8efc64c655065561a314e777a4c9d2217bc6d899fd1a9f50bc37b69be0578;completo_2026-09_stories_basesurface
2026-09;2026-09-13;16:45:38;3985500788020724297;imagem;194;164;163;160;34;2;2;2;0;0;0;;;;1;"{""3"":1,""8"":5,""1"":170,""2"":13}";Peça gráfica de agradecimento do expositor: fundo preto com elementos neon, dois homens fotografados lado a lado na base, foguete e formas coloridas no topo, e a assinatura caligráfica do agradecimento.;CASA NOBRE / MUITO OBRIGADO A TODOS PARCEIROS E CLIENTES QUE VISITARAM NOSSO ESTANDE NA / SUDO EXPO / 2026 / Obrigado!;arte;"c;l;i;q;u;e;s;_;l;i;n;k;;;v;i;s;i;t;a;s;_;p;e;r;f;i;l;;;n;o;v;o;s;_;s;e;g;u;i;d;o;r;e;s";lista;;Hermes/instagram-insights/captura/stories-setembro-2026/insights_2026-09.json;a8a8efc64c655065561a314e777a4c9d2217bc6d899fd1a9f50bc37b69be0578;completo_2026-09_stories_basesurface
2026-09;2026-09-13;16:45:18;3985500623243115873;video;190;165;164;157;33;4;4;4;0;0;0;;;;2;"{""8"":2,""2"":8,""1"":171,""3"":2}";Quadro de vídeo de cerimônia em ambiente escuro com iluminação azul e roxa: homem de terno e mulher de vestido claro em pé entre convidados, com painel de LED ao fundo. Caixa de texto sobreposta na base com a homenagem.;Campão Supermercados recebeu homenagens do reconhecimento na SUDOEXPO 2026 por ser uma das empresas parceiras da ACIRV há mais de 30 anos. / @campopasupermercados / @sudoexpo.oficial / @acirvoficial;video;"c;l;i;q;u;e;s;_;l;i;n;k;;;v;i;s;i;t;a;s;_;p;e;r;f;i;l;;;n;o;v;o;s;_;s;e;g;u;i;d;o;r;e;s";lista;;Hermes/instagram-insights/captura/stories-setembro-2026/insights_2026-09.json;a8a8efc64c655065561a314e777a4c9d2217bc6d899fd1a9f50bc37b69be0578;completo_2026-09_stories_basesurface
2026-09;2026-09-13;16:45:06;3985500514568858586;imagem;191;168;167;157;34;3;3;3;0;0;0;;;;5;"{""8"":5,""1"":169,""2"":10}";"Foto de mão segurando placa-premiação em formato de capacete com a marca do evento impressa, diante da estrutura de LED do pavilhão; demais troféus desfocados ao fundo.";SUDO EXPO 2026;foto;"c;l;i;q;u;e;s;_;l;i;n;k;;;v;i;s;i;t;a;s;_;p;e;r;f;i;l;;;n;o;v;o;s;_;s;e;g;u;i;d;o;r;e;s";lista;;Hermes/instagram-insights/captura/stories-setembro-2026/insights_2026-09.json;a8a8efc64c655065561a314e777a4c9d2217bc6d899fd1a9f50bc37b69be0578;completo_2026-09_stories_basesurface
2026-09;2026-09-13;16:44:48;3985500365100454686;video;192;170;169;159;33;4;4;4;0;0;0;;;;3;"{""8"":3,""1"":175,""2"":8}";"Quadro de vídeo com três mulheres de camisa azul-marinho da equipe e crachás posando no pavilhão, sob estrutura metálica iluminada; textos sobrepostos com marcas e etiquetas de perfil.";@silvanadecena @rcadria / Minhas melhores do Brasil. / As fazedoras / @acirvoficial;video;"c;l;i;q;u;e;s;_;l;i;n;k;;;v;i;s;i;t;a;s;_;p;e;r;f;i;l;;;n;o;v;o;s;_;s;e;g;u;i;d;o;r;e;s";lista;;Hermes/instagram-insights/captura/stories-setembro-2026/insights_2026-09.json;a8a8efc64c655065561a314e777a4c9d2217bc6d899fd1a9f50bc37b69be0578;completo_2026-09_stories_basesurface
2026-09;2026-09-13;16:44:31;3985500226109615803;video;193;167;166;160;33;3;3;3;0;0;0;;;;13;"{""2"":13,""1"":170,""8"":2}";Quadro de vídeo de gravação de podcast: celular acoplado a estabilizador sobre tripé em primeiro plano, com painel azul de programa de capacitação e QR code ao fundo. Marca do podcast estampada na base.;Faça parte do maior programa de capacitação / INOVA Rio Verde / PodCast / BPQ financeiro / O braço direito do empreendedor na gestão do negócio.;video;"c;l;i;q;u;e;s;_;l;i;n;k;;;v;i;s;i;t;a;s;_;p;e;r;f;i;l;;;n;o;v;o;s;_;s;e;g;u;i;d;o;r;e;s";lista;;Hermes/instagram-insights/captura/stories-setembro-2026/insights_2026-09.json;a8a8efc64c655065561a314e777a4c9d2217bc6d899fd1a9f50bc37b69be0578;completo_2026-09_stories_basesurface
2026-09;2026-09-13;16:44:02;3985499984324748012;video;199;171;169;161;38;2;2;2;0;0;0;;;;3;"{""8"":3,""3"":1,""1"":173,""2"":9}";Quadro de vídeo de ativação esportiva: painel verde com escudo e título de equipe, e duas pessoas de camisa verde de futebol caminhando pelo corredor do pavilhão.;RESENHAS FC NA / @sudoexpo.oficial | @acirvoficial;video;"c;l;i;q;u;e;s;_;l;i;n;k;;;v;i;s;i;t;a;s;_;p;e;r;f;i;l;;;n;o;v;o;s;_;s;e;g;u;i;d;o;r;e;s";lista;;Hermes/instagram-insights/captura/stories-setembro-2026/insights_2026-09.json;a8a8efc64c655065561a314e777a4c9d2217bc6d899fd1a9f50bc37b69be0578;completo_2026-09_stories_basesurface
2026-09;2026-09-13;16:43:54;3985499914749641367;video;206;177;175;167;39;3;3;3;0;0;0;;2;;2;"{""3"":2,""1"":178,""8"":10,""2"":13}";"Quadro de vídeo com três homens em pé sobre tapete vermelho diante do estande da Sicredi, segurando celular; faixa de texto no alto e legenda na base com a marca do patrocinador.";Ainda sobre a Sudoexpo 2026 / Belíssima feira, Parabéns! / sicredi;video;"c;l;i;q;u;e;s;_;l;i;n;k;;;n;o;v;o;s;_;s;e;g;u;i;d;o;r;e;s";lista;;Hermes/instagram-insights/captura/stories-setembro-2026/insights_2026-09.json;a8a8efc64c655065561a314e777a4c9d2217bc6d899fd1a9f50bc37b69be0578;completo_2026-09_stories_basesurface
2026-09;2026-09-13;16:43:42;3985499815151736740;imagem;211;178;176;173;38;2;2;2;0;0;0;;;;14;"{""2"":14,""1"":183,""3"":3,""8"":5}";Foto de mulher de camisa polo preta e brincos grandes sorrindo em área de estande com painel azul, código QR e balões decorativos. Textos sobrepostos no alto e na base.;Venha testar seu inglês e ganhar prêmios! / @newleaderry / @acirvoficial;foto;"c;l;i;q;u;e;s;_;l;i;n;k;;;v;i;s;i;t;a;s;_;p;e;r;f;i;l;;;n;o;v;o;s;_;s;e;g;u;i;d;o;r;e;s";lista;;Hermes/instagram-insights/captura/stories-setembro-2026/insights_2026-09.json;a8a8efc64c655065561a314e777a4c9d2217bc6d899fd1a9f50bc37b69be0578;completo_2026-09_stories_basesurface
2026-09;2026-09-13;16:42:31;3985499215609504313;video;217;178;176;178;39;3;3;3;0;0;0;;;;3;"{""8"":3,""2"":16,""1"":190,""3"":2}";Quadro de vídeo em fundo preto, sem imagem visível: apenas texto branco centralizado sobre o reconhecimento institucional do papel da universidade no desenvolvimento de soluções tecnológicas.;Presidenta da @acirvoficial , José Carlos Cintra, reconhecendo o papel da UniRV no desenvolvimento de soluções tecnológicas;video;"c;l;i;q;u;e;s;_;l;i;n;k;;;v;i;s;i;t;a;s;_;p;e;r;f;i;l;;;n;o;v;o;s;_;s;e;g;u;i;d;o;r;e;s";lista;;Hermes/instagram-insights/captura/stories-setembro-2026/insights_2026-09.json;a8a8efc64c655065561a314e777a4c9d2217bc6d899fd1a9f50bc37b69be0578;completo_2026-09_stories_basesurface
2026-09;2026-09-13;16:42:15;3985499081400194433;imagem;210;180;178;173;37;3;3;3;0;0;0;;;;3;"{""3"":3,""8"":4,""2"":8,""1"":179}";Foto de grupo com nove pessoas em pé sobre tapete vermelho diante do estande da ACIRV, sob arco iluminado: homens de camisa social e polo e uma mulher de camisa azul-marinho. Caixa de texto sobreposta na base.;Visitando nosso estande / @acirvoficial!;foto;"c;l;i;q;u;e;s;_;l;i;n;k;;;v;i;s;i;t;a;s;_;p;e;r;f;i;l;;;n;o;v;o;s;_;s;e;g;u;i;d;o;r;e;s";lista;;Hermes/instagram-insights/captura/stories-setembro-2026/insights_2026-09.json;a8a8efc64c655065561a314e777a4c9d2217bc6d899fd1a9f50bc37b69be0578;completo_2026-09_stories_basesurface
2026-09;2026-09-13;16:41:56;3985498924625472198;video;212;181;178;178;34;4;4;4;0;0;0;;;;10;"{""3"":10,""2"":11,""1"":171,""8"":8}";Quadro de vídeo ao ar livre com mulher de blazer laranja e camisa verde segurando microfone laranja, diante de parede de ripas de madeira e equipamento agrícola ao fundo. Contador de duração e etiquetas no alto.;querencia_maquinas and candidomercantil / 0:57;video;"c;l;i;q;u;e;s;_;l;i;n;k;;;v;i;s;i;t;a;s;_;p;e;r;f;i;l;;;n;o;v;o;s;_;s;e;g;u;i;d;o;r;e;s";lista;;Hermes/instagram-insights/captura/stories-setembro-2026/insights_2026-09.json;a8a8efc64c655065561a314e777a4c9d2217bc6d899fd1a9f50bc37b69be0578;completo_2026-09_stories_basesurface
2026-09;2026-09-13;16:41:52;3985498892195114004;video;224;193;191;193;31;3;3;3;0;0;0;;2;;3;"{""2"":3,""3"":11,""8"":23,""1"":177}";Quadro de vídeo ao ar livre com homem de camisa social escura em pé, de mãos à frente, diante de trator vermelho e pilhas de discos de implemento agrícola. Contador de duração e etiquetas no alto.;querencia_maquinas / 0:28;video;"c;l;i;q;u;e;s;_;l;i;n;k;;;n;o;v;o;s;_;s;e;g;u;i;d;o;r;e;s";lista;;Hermes/instagram-insights/captura/stories-setembro-2026/insights_2026-09.json;a8a8efc64c655065561a314e777a4c9d2217bc6d899fd1a9f50bc37b69be0578;completo_2026-09_stories_basesurface
2026-09;2026-09-12;22:35:53;3984952539766169936;video;506;414;409;309;197;7;6;5;0;2;0;;1;;3;"{""3"":3,""1"":152,""2"":21,""8"":83}";Peça gráfica em fundo preto com numeração de ano em destaque, frase de encerramento e tarja menor com contagem regressiva para a próxima edição.;:2028 / A feira termina por aqui / feira de conexões continua;video;"c;l;i;q;u;e;s;_;l;i;n;k;;;n;o;v;o;s;_;s;e;g;u;i;d;o;r;e;s";lista;;Hermes/instagram-insights/captura/stories-setembro-2026/insights_2026-09.json;a8a8efc64c655065561a314e777a4c9d2217bc6d899fd1a9f50bc37b69be0578;completo_2026-09_stories_basesurface
2026-09;2026-09-12;22:27:10;3984947999448834637;video;375;306;309;253;122;6;6;5;0;1;0;;;;6;"{""8"":6,""1"":235,""2"":18}";"Quadro de vídeo com mulher de camisa amarela da equipe e óculos escuros, em pé, ao lado da interlocutora de vestido floral; estandes iluminados e tela com imagem de lavoura ao fundo.";Encerramos essa feira com o coração cheio de gratidão por tudo que vivemos / @acirvoficial @sudoexpo.oficial;video;"c;l;i;q;u;e;s;_;l;i;n;k;;;v;i;s;i;t;a;s;_;p;e;r;f;i;l;;;n;o;v;o;s;_;s;e;g;u;i;d;o;r;e;s";lista;;Hermes/instagram-insights/captura/stories-setembro-2026/insights_2026-09.json;a8a8efc64c655065561a314e777a4c9d2217bc6d899fd1a9f50bc37b69be0578;completo_2026-09_stories_basesurface
2026-09;2026-09-12;22:22:33;3984946697796947618;video;371;298;307;243;128;8;8;7;0;1;0;;;;3;"{""8"":3,""2"":12,""1"":234,""3"":2}";Quadro de vídeo em área de mesas de madeira do pavilhão: mulher de camisa amarela da equipe com crachá conversa com interlocutora de vestido floral, cuja mão aparece em primeiro plano. Caixa de texto sobreposta.;Foi muito gratificante viver tudo isso;video;"c;l;i;q;u;e;s;_;l;i;n;k;;;v;i;s;i;t;a;s;_;p;e;r;f;i;l;;;n;o;v;o;s;_;s;e;g;u;i;d;o;r;e;s";lista;;Hermes/instagram-insights/captura/stories-setembro-2026/insights_2026-09.json;a8a8efc64c655065561a314e777a4c9d2217bc6d899fd1a9f50bc37b69be0578;completo_2026-09_stories_basesurface
2026-09;2026-09-12;21:54:19;3984931429498587814;video;268;228;227;215;53;4;4;4;0;0;0;;;;3;"{""3"":3,""1"":229,""8"":5,""2"":17}";Quadro de vídeo noturno do pavilhão visto de fora, com a fachada iluminada e carros no estacionamento em primeiro plano escuro. Caixa de texto e etiqueta de perfil sobrepostas.;Seguimos no nosso último dia de feira / @sudoexpo.oficial;video;"c;l;i;q;u;e;s;_;l;i;n;k;;;v;i;s;i;t;a;s;_;p;e;r;f;i;l;;;n;o;v;o;s;_;s;e;g;u;i;d;o;r;e;s";lista;;Hermes/instagram-insights/captura/stories-setembro-2026/insights_2026-09.json;a8a8efc64c655065561a314e777a4c9d2217bc6d899fd1a9f50bc37b69be0578;completo_2026-09_stories_basesurface
2026-09;2026-09-12;21:13:59;3984911072312487789;imagem;276;225;224;222;54;2;2;2;0;0;0;;1;;1;"{""3"":1,""8"":11,""1"":234,""2"":21}";Foto de grupo com cinco pessoas posando diante do estande da ACIRV: três homens (dois de camisa escura e um de camisa marrom) e duas mulheres, uma delas de camisa amarela da equipe. Faixa com a marca do evento na base.;ACIRV;foto;"c;l;i;q;u;e;s;_;l;i;n;k;;;n;o;v;o;s;_;s;e;g;u;i;d;o;r;e;s";lista;;Hermes/instagram-insights/captura/stories-setembro-2026/insights_2026-09.json;a8a8efc64c655065561a314e777a4c9d2217bc6d899fd1a9f50bc37b69be0578;completo_2026-09_stories_basesurface
2026-09;2026-09-12;21:13:47;3984910975776378927;imagem;272;225;224;222;50;4;4;4;0;0;0;;;;243;"{""1"":243,""8"":2,""2"":18}";Foto de duas mulheres em pé e sorrindo na área do estande: uma de blusa escura com crachá e outra de camisa amarela da equipe, ambas de braços cruzados. Sem texto sobreposto.;;foto;"c;l;i;q;u;e;s;_;l;i;n;k;;;v;i;s;i;t;a;s;_;p;e;r;f;i;l;;;n;o;v;o;s;_;s;e;g;u;i;d;o;r;e;s";lista;;Hermes/instagram-insights/captura/stories-setembro-2026/insights_2026-09.json;a8a8efc64c655065561a314e777a4c9d2217bc6d899fd1a9f50bc37b69be0578;completo_2026-09_stories_basesurface
2026-09;2026-09-12;21:13:14;3984910695798163935;imagem;676;493;500;352;324;8;7;5;0;3;0;;;;1;"{""3"":1,""8"":6,""2"":24,""1"":233}";Colagem de três fotos da equipe da ACIRV em pé no estande: grupo de mulheres de camisa amarela e homens de terno e camisa social, crachás e sorrisos. Sem texto sobreposto.;;arte;"c;l;i;q;u;e;s;_;l;i;n;k;;;v;i;s;i;t;a;s;_;p;e;r;f;i;l;;;n;o;v;o;s;_;s;e;g;u;i;d;o;r;e;s";lista;;Hermes/instagram-insights/captura/stories-setembro-2026/insights_2026-09.json;a8a8efc64c655065561a314e777a4c9d2217bc6d899fd1a9f50bc37b69be0578;completo_2026-09_stories_basesurface
2026-09;2026-09-12;21:12:51;3984910505905339237;imagem;714;591;580;306;408;7;7;5;0;2;0;;;;4;"{""8"":4,""1"":249,""2"":23,""3"":3}";Colagem vertical de três fotos de convidados em estande: duas mulheres de crachá sorrindo, um homem de terno olhando para cima com outras pessoas e três homens de terno posando. Sem texto sobreposto.;;arte;"c;l;i;q;u;e;s;_;l;i;n;k;;;v;i;s;i;t;a;s;_;p;e;r;f;i;l;;;n;o;v;o;s;_;s;e;g;u;i;d;o;r;e;s";lista;;Hermes/instagram-insights/captura/stories-setembro-2026/insights_2026-09.json;a8a8efc64c655065561a314e777a4c9d2217bc6d899fd1a9f50bc37b69be0578;completo_2026-09_stories_basesurface
2026-09;2026-09-12;20:34:30;3984894765619319316;video;540;408;412;292;248;8;6;5;1;2;0;;;;17;"{""2"":17,""3"":2,""8"":10,""1"":239}";"Quadro de vídeo com mulher de vestido floral falando ao microfone diante da parede verde Match de Conexão, com o mapa de Rio Verde em relevo; homem de camisa escura e crachá ao lado.";(...)em cada história! / Match de Conexão / Match com muitas conexões por aqui... / (linha inferior menor, parcialmente legível);video;"c;l;i;q;u;e;s;_;l;i;n;k;;;v;i;s;i;t;a;s;_;p;e;r;f;i;l;;;n;o;v;o;s;_;s;e;g;u;i;d;o;r;e;s";lista;;Hermes/instagram-insights/captura/stories-setembro-2026/insights_2026-09.json;a8a8efc64c655065561a314e777a4c9d2217bc6d899fd1a9f50bc37b69be0578;completo_2026-09_stories_basesurface
2026-09;2026-09-12;20:30:29;3984889245932021354;video;449;366;383;232;217;4;4;3;0;1;0;;;;12;"{""2"":12,""8"":7,""1"":241,""3"":1}";"Quadro de vídeo do pavilhão à noite com iluminação laranja, estruturas de estande e público circulando; veículo exposto à esquerda e caixa de texto no alto.";Muita experiência por aqui! / @sudoexpo.oficial;video;"c;l;i;q;u;e;s;_;l;i;n;k;;;v;i;s;i;t;a;s;_;p;e;r;f;i;l;;;n;o;v;o;s;_;s;e;g;u;i;d;o;r;e;s";lista;;Hermes/instagram-insights/captura/stories-setembro-2026/insights_2026-09.json;a8a8efc64c655065561a314e777a4c9d2217bc6d899fd1a9f50bc37b69be0578;completo_2026-09_stories_basesurface
2026-09;2026-09-12;20:28:31;3984888253878463803;video;469;395;412;296;173;2;2;1;0;1;0;;;;1;"{""3"":1,""1"":242,""8"":4,""2"":12}";Quadro de vídeo do mesmo diálogo no estande da ACIRV, com a interlocutora de vestido floral em primeiro plano à direita. Caixa de texto sobreposta na base.;ACIRV / Projeto Conecta / Como participar ???;video;"c;l;i;q;u;e;s;_;l;i;n;k;;;v;i;s;i;t;a;s;_;p;e;r;f;i;l;;;n;o;v;o;s;_;s;e;g;u;i;d;o;r;e;s";umapi;;Hermes/instagram-insights/captura/stories-setembro-2026/insights_2026-09.json;a8a8efc64c655065561a314e777a4c9d2217bc6d899fd1a9f50bc37b69be0578;completo_2026-09_stories_basesurface
2026-09;2026-09-12;20:26:02;3984887041925962170;video;485;401;419;304;181;5;4;3;1;1;0;;;;242;"{""1"":242,""2"":13,""8"":10,""3"":1}";"Quadro de vídeo com mulher de camisa azul-marinho e crachá falando, enquanto uma mão toca seu ombro; corredor de estandes com painéis verdes ao fundo. Duas caixas de texto e etiqueta de perfil.";ACIRV / Projeto Conecta / E quando o propósito é conectar. / @rcadria / cada encontro pode abrir caminho para uma nova oportunidade;video;"c;l;i;q;u;e;s;_;l;i;n;k;;;v;i;s;i;t;a;s;_;p;e;r;f;i;l;;;n;o;v;o;s;_;s;e;g;u;i;d;o;r;e;s";umapi;;Hermes/instagram-insights/captura/stories-setembro-2026/insights_2026-09.json;a8a8efc64c655065561a314e777a4c9d2217bc6d899fd1a9f50bc37b69be0578;completo_2026-09_stories_basesurface
2026-09;2026-09-12;20:23:41;3984885925368643052;video;766;597;625;390;376;9;7;5;1;3;0;;;;4;"{""3"":4,""8"":7,""1"":243,""2"":20}";Quadro de vídeo com duas mulheres em pé diante do painel Projeto Conecta da ACIRV: uma de camisa azul-marinho com crachá e outra de vestido floral gesticulando. Estandes ao fundo.;ACIRV / Projeto Conecta / Quem está por trás do Projeto Conecta também tem muito a contar. / @rcadria;video;"c;l;i;q;u;e;s;_;l;i;n;k;;;v;i;s;i;t;a;s;_;p;e;r;f;i;l;;;n;o;v;o;s;_;s;e;g;u;i;d;o;r;e;s";umapi;;Hermes/instagram-insights/captura/stories-setembro-2026/insights_2026-09.json;a8a8efc64c655065561a314e777a4c9d2217bc6d899fd1a9f50bc37b69be0578;completo_2026-09_stories_basesurface
2026-09;2026-09-12;20:15:51;3984881820674353974;imagem;284;232;231;227;57;4;4;3;1;0;0;;1;;249;"{""1"":249,""8"":5,""2"":16,""3"":1}";"Foto de grupo com adultos e crianças (dois meninos de óculos à frente) posando no estande da ACIRV com painéis de evento; faixa inferior com a marca.";ACIRV / Por aqui, o movimento continua e as conexões também.;foto;"c;l;i;q;u;e;s;_;l;i;n;k;;;n;o;v;o;s;_;s;e;g;u;i;d;o;r;e;s";umapi;;Hermes/instagram-insights/captura/stories-setembro-2026/insights_2026-09.json;a8a8efc64c655065561a314e777a4c9d2217bc6d899fd1a9f50bc37b69be0578;completo_2026-09_stories_basesurface
2026-09;2026-09-12;20:12:52;3984880365104823206;video;788;612;627;324;464;3;3;1;0;2;0;;;;1;"{""3"":1,""1"":240,""8"":7,""2"":14}";Quadro de vídeo com mulher de blusa preta e crachá em corredor de estandes, olhando para o lado. Ao fundo, equipe e bancada de exposição com a logomarca da marca expositora.;NENA 3D / @nena_3d teve um excelente resultado em vendas durante a feira.;video;"c;l;i;q;u;e;s;_;l;i;n;k;;;v;i;s;i;t;a;s;_;p;e;r;f;i;l;;;n;o;v;o;s;_;s;e;g;u;i;d;o;r;e;s";umapi;;Hermes/instagram-insights/captura/stories-setembro-2026/insights_2026-09.json;a8a8efc64c655065561a314e777a4c9d2217bc6d899fd1a9f50bc37b69be0578;completo_2026-09_stories_basesurface
2026-09;2026-09-12;20:09:28;3984878745356862298;video;525;409;433;296;229;5;5;3;0;2;0;;;;1;"{""3"":1,""2"":12,""8"":8,""1"":252}";Quadro de vídeo com mulher de camiseta vermelha, chapéu de palha e calça branca em área de convivência da feira, público sentado ao fundo. Caixa de texto sobreposta no alto.;Ouvindo quem viveu a feira de perto / @...;video;"c;l;i;q;u;e;s;_;l;i;n;k;;;v;i;s;i;t;a;s;_;p;e;r;f;i;l;;;n;o;v;o;s;_;s;e;g;u;i;d;o;r;e;s";umapi;;Hermes/instagram-insights/captura/stories-setembro-2026/insights_2026-09.json;a8a8efc64c655065561a314e777a4c9d2217bc6d899fd1a9f50bc37b69be0578;completo_2026-09_stories_basesurface
2026-09;2026-09-12;20:06:23;3984878217503752873;video;422;359;368;265;157;6;5;3;2;1;0;;;;1;"{""3"":1,""1"":250,""8"":4,""2"":10}";Quadro de vídeo do encerramento da entrevista no estande da ACIRV: os dois interlocutores em plano médio, com caixa de texto sobreposta na base direita.;A casa do empresário / ACIRV / Já tem data marcada para a próxima edição??;video;"c;l;i;q;u;e;s;_;l;i;n;k;;;v;i;s;i;t;a;s;_;p;e;r;f;i;l;;;n;o;v;o;s;_;s;e;g;u;i;d;o;r;e;s";umapi;;Hermes/instagram-insights/captura/stories-setembro-2026/insights_2026-09.json;a8a8efc64c655065561a314e777a4c9d2217bc6d899fd1a9f50bc37b69be0578;completo_2026-09_stories_basesurface
2026-09;2026-09-12;20:04:34;3984876221333799103;video;276;236;236;224;52;4;4;4;0;0;0;;;;1;"{""8"":1,""2"":13,""1"":252}";Quadro de vídeo da entrevista no estande da ACIRV, com a entrevistadora de vestido floral e o entrevistado de terno em plano médio, painéis azuis ao fundo e marca do evento na base.;A casa do empresário / ACIRV;video;"c;l;i;q;u;e;s;_;l;i;n;k;;;v;i;s;i;t;a;s;_;p;e;r;f;i;l;;;n;o;v;o;s;_;s;e;g;u;i;d;o;r;e;s";umapi;;Hermes/instagram-insights/captura/stories-setembro-2026/insights_2026-09.json;a8a8efc64c655065561a314e777a4c9d2217bc6d899fd1a9f50bc37b69be0578;completo_2026-09_stories_basesurface
2026-09;2026-09-12;19:59:32;3984873734371601539;video;418;357;369;262;156;4;4;3;0;1;0;;1;;11;"{""2"":11,""8"":4,""1"":250,""3"":1}";"Quadro de vídeo do mesmo estande da ACIRV: mulher de vestido floral, de microfone em punho, entrevista o homem de terno e crachá diante dos painéis ""A casa do empresário"".";A casa do empresário / ACIRV / Acompanha de perto cada história construída por aqui;video;"c;l;i;q;u;e;s;_;l;i;n;k;;;n;o;v;o;s;_;s;e;g;u;i;d;o;r;e;s";umapi;;Hermes/instagram-insights/captura/stories-setembro-2026/insights_2026-09.json;a8a8efc64c655065561a314e777a4c9d2217bc6d899fd1a9f50bc37b69be0578;completo_2026-09_stories_basesurface
2026-09;2026-09-12;19:55:55;3984871913766841930;video;442;369;383;273;169;9;7;7;1;1;0;;;;249;"{""1"":249,""8"":4,""3"":6,""2"":17}";"Quadro de vídeo com duas pessoas em pé no estande da ACIRV: mulher de vestido floral com crachá e homem de terno e crachá, diante dos painéis azuis do espaço ""A casa do empresário"".";A casa do empresário / ACIRV / Agora / Uma visão de quem está à frente da ACIRV;video;"c;l;i;q;u;e;s;_;l;i;n;k;;;v;i;s;i;t;a;s;_;p;e;r;f;i;l;;;n;o;v;o;s;_;s;e;g;u;i;d;o;r;e;s";umapi;;Hermes/instagram-insights/captura/stories-setembro-2026/insights_2026-09.json;a8a8efc64c655065561a314e777a4c9d2217bc6d899fd1a9f50bc37b69be0578;completo_2026-09_stories_basesurface
2026-09;2026-09-12;19:14:32;3984851020948757154;video;302;248;248;242;60;2;2;2;0;0;0;;;;3;"{""3"":3,""1"":256,""2"":17,""8"":11}";Quadro de vídeo do corredor do pavilhão com cão-robô caminhando sobre o tapete vermelho, cercado por público em pé e estandes iluminados ao fundo.;Tecnologia que parece coisa do futuro e já está aqui na Sudoexpo 2026! / @sudoexpo.oficial;video;"c;l;i;q;u;e;s;_;l;i;n;k;;;v;i;s;i;t;a;s;_;p;e;r;f;i;l;;;n;o;v;o;s;_;s;e;g;u;i;d;o;r;e;s";umapi;;Hermes/instagram-insights/captura/stories-setembro-2026/insights_2026-09.json;a8a8efc64c655065561a314e777a4c9d2217bc6d899fd1a9f50bc37b69be0578;completo_2026-09_stories_basesurface
2026-09;2026-09-12;19:08:57;3984848247918181496;video;469;384;392;285;184;5;5;4;0;1;0;;;;5;"{""3"":5,""2"":16,""8"":6,""1"":274}";Quadro de vídeo com equipamento agrícola escuro de grande porte parado sob a estrutura metálica do pavilhão, em primeiro plano. Ambiente de feira, luz difusa.;Já imaginou sentir na prática o impacto de um equipamento? / @amtrioverde156;video;"c;l;i;q;u;e;s;_;l;i;n;k;;;v;i;s;i;t;a;s;_;p;e;r;f;i;l;;;n;o;v;o;s;_;s;e;g;u;i;d;o;r;e;s";umapi;;Hermes/instagram-insights/captura/stories-setembro-2026/insights_2026-09.json;a8a8efc64c655065561a314e777a4c9d2217bc6d899fd1a9f50bc37b69be0578;completo_2026-09_stories_basesurface
2026-09;2026-09-12;18:47:55;3984839692259458196;video;455;375;384;278;177;6;5;5;0;1;0;;;;2;"{""3"":2,""2"":17,""1"":261,""8"":7}";Quadro de vídeo em área de estandes com iluminação azul: mulher de vestido floral fala à câmera enquanto um homem permanece sentado à mesa atrás, diante de tela com a marca do evento.;Seguimos descobrindo o que cada estande tem de especial. / @sostsenatopias / SUDO EXPO 2026;video;"c;l;i;q;u;e;s;_;l;i;n;k;;;v;i;s;i;t;a;s;_;p;e;r;f;i;l;;;n;o;v;o;s;_;s;e;g;u;i;d;o;r;e;s";umapi;;Hermes/instagram-insights/captura/stories-setembro-2026/insights_2026-09.json;a8a8efc64c655065561a314e777a4c9d2217bc6d899fd1a9f50bc37b69be0578;completo_2026-09_stories_basesurface
2026-09;2026-09-12;18:34:57;3984831033823511746;imagem;365;303;313;271;94;3;3;2;0;1;0;;;;262;"{""1"":262,""8"":8,""2"":7,""3"":2}";Peça em colagem com vários enquadramentos do mesmo dia de feira: ambiente com telão, grupos conversando em corredor e público circulando entre estandes. Caixa de texto sobreposta.;@acirvoficial / Último dia, mas a movimentação continua intensa por aqui;arte;"c;l;i;q;u;e;s;_;l;i;n;k;;;v;i;s;i;t;a;s;_;p;e;r;f;i;l;;;n;o;v;o;s;_;s;e;g;u;i;d;o;r;e;s";umapi;;Hermes/instagram-insights/captura/stories-setembro-2026/insights_2026-09.json;a8a8efc64c655065561a314e777a4c9d2217bc6d899fd1a9f50bc37b69be0578;completo_2026-09_stories_basesurface
2026-09;2026-09-12;18:32:13;3984829751725454168;video;826;702;703;376;450;5;5;2;0;3;0;;;;265;"{""1"":265,""2"":9,""8"":3}";Quadro de vídeo de entrevista em cenário azul com painel gráfico do evento: mulher de camisa azul-marinho da ACIRV e crachá, sentada, conversa com outra pessoa de vestido floral. Iluminação azul.;caminhos que fortalecem a ACIRV / @vivianneolive;video;"c;l;i;q;u;e;s;_;l;i;n;k;;;v;i;s;i;t;a;s;_;p;e;r;f;i;l;;;n;o;v;o;s;_;s;e;g;u;i;d;o;r;e;s";umapi;;Hermes/instagram-insights/captura/stories-setembro-2026/insights_2026-09.json;a8a8efc64c655065561a314e777a4c9d2217bc6d899fd1a9f50bc37b69be0578;completo_2026-09_stories_basesurface
2026-09;2026-09-12;18:29:28;3984828373879792760;video;724;589;595;383;341;6;5;3;1;2;0;;;;12;"{""2"":12,""1"":266,""8"":5}";Quadro de vídeo com duas mulheres sentadas conversando: uma de camisa azul da ACIRV com crachá e outra de vestido floral. Fundo escuro com painel gráfico do evento.;Diretora da acirv / @vivianneolive;video;"c;l;i;q;u;e;s;_;l;i;n;k;;;v;i;s;i;t;a;s;_;p;e;r;f;i;l;;;n;o;v;o;s;_;s;e;g;u;i;d;o;r;e;s";umapi;;Hermes/instagram-insights/captura/stories-setembro-2026/insights_2026-09.json;a8a8efc64c655065561a314e777a4c9d2217bc6d899fd1a9f50bc37b69be0578;completo_2026-09_stories_basesurface
2026-09;2026-09-12;18:26:33;3984826808573893256;imagem;310;255;254;254;56;2;2;2;0;0;0;;;;3;"{""3"":3,""2"":16,""8"":7,""1"":267}";Foto do corredor do pavilhão com estrutura iluminada em arco e pórtico azul, público caminhando e circulando entre as ativações. Caixa de texto sobreposta no alto.;Por aqui, seguimos conectando pessoas, ideias e oportunidades.;foto;"c;l;i;q;u;e;s;_;l;i;n;k;;;v;i;s;i;t;a;s;_;p;e;r;f;i;l;;;n;o;v;o;s;_;s;e;g;u;i;d;o;r;e;s";umapi;;Hermes/instagram-insights/captura/stories-setembro-2026/insights_2026-09.json;a8a8efc64c655065561a314e777a4c9d2217bc6d899fd1a9f50bc37b69be0578;completo_2026-09_stories_basesurface
2026-09;2026-09-12;18:24:59;3984826012184685586;imagem;469;391;401;294;175;4;4;3;0;1;0;;;;2;"{""8"":2,""2"":14,""3"":2,""1"":278}";Foto de parede verde de musgo com mapa tridimensional rosa de Rio Verde em relevo, cercado por letreiro luminoso de coração vermelho e letras recortadas. Caixa de texto e etiqueta sobrepostas.;E o nosso mapa continua (final da frase cortado) / onexão / @...;foto;"c;l;i;q;u;e;s;_;l;i;n;k;;;v;i;s;i;t;a;s;_;p;e;r;f;i;l;;;n;o;v;o;s;_;s;e;g;u;i;d;o;r;e;s";umapi;;Hermes/instagram-insights/captura/stories-setembro-2026/insights_2026-09.json;a8a8efc64c655065561a314e777a4c9d2217bc6d899fd1a9f50bc37b69be0578;completo_2026-09_stories_basesurface
2026-09;2026-09-12;18:21:39;3984825309747749679;video;636;499;513;379;257;6;6;4;0;2;0;;;;272;"{""1"":272,""2"":22,""8"":6,""3"":2}";Quadro de vídeo com homem de camisa azul e óculos gesticulando em frente ao painel de patrocinadores e apoiadores do evento, com o letreiro da feira ao fundo. Leve arrasto de movimento no braço.;Apoio: Uni RV / rio verde / Comigo / Comber / SUDO EXPO 2026 / A MAIOR FEIRA MULTISSETORIAL DO BRASIL / Trocas que fazem a feira acontecer. / @virginiateixeira;video;"c;l;i;q;u;e;s;_;l;i;n;k;;;v;i;s;i;t;a;s;_;p;e;r;f;i;l;;;n;o;v;o;s;_;s;e;g;u;i;d;o;r;e;s";umapi;;Hermes/instagram-insights/captura/stories-setembro-2026/insights_2026-09.json;a8a8efc64c655065561a314e777a4c9d2217bc6d899fd1a9f50bc37b69be0578;completo_2026-09_stories_basesurface
2026-09;2026-09-12;18:05:27;3984816730357690859;video;805;597;619;468;337;5;4;2;1;2;0;;2;;19;"{""2"":19,""3"":5,""8"":14,""1"":275}";Quadro de vídeo com duas mulheres em corredor de feira: uma de vestido floral falando à câmera e outra de camisa azul-marinho com crachá, sorrindo. Estandes iluminados ao fundo.;Hoje também é dia de ouvir quem está fazendo parte dessa experiência. / @liviaoprofessional;video;"c;l;i;q;u;e;s;_;l;i;n;k;;;n;o;v;o;s;_;s;e;g;u;i;d;o;r;e;s";umapi;;Hermes/instagram-insights/captura/stories-setembro-2026/insights_2026-09.json;a8a8efc64c655065561a314e777a4c9d2217bc6d899fd1a9f50bc37b69be0578;completo_2026-09_stories_basesurface
2026-09;2026-09-12;18:02:44;3984814816102501846;video;496;404;415;303;193;2;1;1;0;1;0;;;;17;"{""2"":17,""8"":8,""1"":286,""3"":7}";"Quadro de vídeo do equipamento de elevação parado diante da fachada do evento, com painel lateral e banner institucional da feira; céu aberto e estrutura do pavilhão ao fundo.";Ótimo dia de feira por aqui. / VOCÊ ESTÁ NA 2ª MAIOR FEIRA MULTISSETORIAL DO BRASIL / SUDO EXPO 2026;video;"c;l;i;q;u;e;s;_;l;i;n;k;;;v;i;s;i;t;a;s;_;p;e;r;f;i;l;;;n;o;v;o;s;_;s;e;g;u;i;d;o;r;e;s";umapi;;Hermes/instagram-insights/captura/stories-setembro-2026/insights_2026-09.json;a8a8efc64c655065561a314e777a4c9d2217bc6d899fd1a9f50bc37b69be0578;completo_2026-09_stories_basesurface
2026-09;2026-09-12;15:10:54;3984728327532323762;video;279;228;228;218;61;1;1;1;0;0;0;;1;;20;"{""8"":20,""1"":248,""2"":8}";Quadro de vídeo com homem mais velho, de óculos e camisa preta, sentado à mesa diante de painel gráfico do SUDO EXPO 2026 em azul e colorido, mãos cruzadas. Contador de duração no canto.;grupo.cereal / SUDO EXPO / 2026 / 1:10;video;"c;l;i;q;u;e;s;_;l;i;n;k;;;n;o;v;o;s;_;s;e;g;u;i;d;o;r;e;s";umapi;;Hermes/instagram-insights/captura/stories-setembro-2026/insights_2026-09.json;a8a8efc64c655065561a314e777a4c9d2217bc6d899fd1a9f50bc37b69be0578;completo_2026-09_stories_basesurface
2026-09;2026-09-12;15:07:58;3984726855004473441;video;274;230;230;211;63;3;3;3;0;0;0;;;;251;"{""1"":251,""2"":11,""8"":7}";Quadro de vídeo que mostra, dentro do quadro, a tela de outro vídeo: ambiente interno claro com mesa, cadeiras e estante branca (estande-casa). Contador de duração e etiqueta de perfil visíveis.;Agora quero saber de você: o que achou dessa ideia? / Comenta aqui / mesquitarianos / 0:50;video;"c;l;i;q;u;e;s;_;l;i;n;k;;;v;i;s;i;t;a;s;_;p;e;r;f;i;l;;;n;o;v;o;s;_;s;e;g;u;i;d;o;r;e;s";umapi;;Hermes/instagram-insights/captura/stories-setembro-2026/insights_2026-09.json;a8a8efc64c655065561a314e777a4c9d2217bc6d899fd1a9f50bc37b69be0578;completo_2026-09_stories_basesurface
2026-09;2026-09-12;15:07:44;3984726730542911846;imagem;292;234;233;222;70;0;;0;0;0;0;;;;2;"{""3"":2,""8"":4,""2"":23,""1"":249}";Foto de vitrine de joias sobre pedestais claros: colares de ouro e prata, pingentes e brincos com pedras verdes em embalagens da marca. Caixa de enquete sobreposta com pergunta e duas opções.;Você já passou pelo nosso estande na Sudoexpo? / Sim, já fui / Ainda vou passar! / NANNY JOIAS;foto;"c;o;n;t;a;s;_;c;o;m;_;e;n;g;a;j;a;m;e;n;t;o;;;c;l;i;q;u;e;s;_;l;i;n;k;;;v;i;s;i;t;a;s;_;p;e;r;f;i;l;;;n;o;v;o;s;_;s;e;g;u;i;d;o;r;e;s";umapi;;Hermes/instagram-insights/captura/stories-setembro-2026/insights_2026-09.json;a8a8efc64c655065561a314e777a4c9d2217bc6d899fd1a9f50bc37b69be0578;completo_2026-09_stories_basesurface
2026-09;2026-09-12;15:07:25;3984726576997601002;video;326;234;234;240;86;1;1;1;0;0;0;;1;;1;"{""3"":1,""1"":273,""2"":45,""8"":2}";Quadro de vídeo com homem de polo escura e calça bege em pé diante de painel vermelho-laranja com a palavra DINHEIRO em letras grandes, em sala de piso de madeira. Caixa de texto sobreposta na base.;DINHEIRO / (texto de apoio em corpo pequeno, parcialmente legivel) / E vamos para o último dia dessa feira gigante! / Sudoexpo 2026;video;"c;l;i;q;u;e;s;_;l;i;n;k;;;n;o;v;o;s;_;s;e;g;u;i;d;o;r;e;s";umapi;;Hermes/instagram-insights/captura/stories-setembro-2026/insights_2026-09.json;a8a8efc64c655065561a314e777a4c9d2217bc6d899fd1a9f50bc37b69be0578;completo_2026-09_stories_basesurface
2026-09;2026-09-12;15:03:41;3984724694887669941;imagem;315;234;234;234;81;5;5;5;0;0;0;;;;269;"{""1"":269,""2"":13,""8"":4}";Foto de três pessoas (um homem de camisa cinza e duas mulheres) posando em ambiente rústico com colunas brancas e folhagem, todas de crachá. Etiquetas de perfil sobrepostas no topo.;@sarahdoatica @suelacoagricola / @acirvoficial @sudoexpo.oficial;foto;"c;l;i;q;u;e;s;_;l;i;n;k;;;v;i;s;i;t;a;s;_;p;e;r;f;i;l;;;n;o;v;o;s;_;s;e;g;u;i;d;o;r;e;s";umapi;;Hermes/instagram-insights/captura/stories-setembro-2026/insights_2026-09.json;a8a8efc64c655065561a314e777a4c9d2217bc6d899fd1a9f50bc37b69be0578;completo_2026-09_stories_basesurface
2026-09;2026-09-12;15:02:29;3984724089926334038;video;284;236;235;215;69;2;2;2;0;0;0;;;;1;"{""3"":1,""8"":2,""1"":257,""2"":12}";Quadro de vídeo de mulher de cabelo cacheado e roupa preta em pé diante da parede com letreiro SUDO EXPO, sobre piso de madeira com poltronas de vime. Contador de duração visível no canto.;SUDO EXPO / Assessoria / 0:07 / @sudoexpo.oficial / @acirvoficial;video;"c;l;i;q;u;e;s;_;l;i;n;k;;;v;i;s;i;t;a;s;_;p;e;r;f;i;l;;;n;o;v;o;s;_;s;e;g;u;i;d;o;r;e;s";umapi;;Hermes/instagram-insights/captura/stories-setembro-2026/insights_2026-09.json;a8a8efc64c655065561a314e777a4c9d2217bc6d899fd1a9f50bc37b69be0578;completo_2026-09_stories_basesurface
2026-09;2026-09-12;15:02:21;3984724031382262076;video;294;236;236;220;74;3;3;2;0;1;0;;;;24;"{""2"":24,""1"":264,""8"":2}";Quadro de vídeo com grupo de cerca de sete pessoas em pé no tapete vermelho do pavilhão, algumas de boné e óculos escuros, ao lado do estande Alf Assistência. Etiquetas de perfil na base.;Alf Assistência / @acirvoficial / @sudoexpo.oficial;video;"c;l;i;q;u;e;s;_;l;i;n;k;;;v;i;s;i;t;a;s;_;p;e;r;f;i;l;;;n;o;v;o;s;_;s;e;g;u;i;d;o;r;e;s";umapi;;Hermes/instagram-insights/captura/stories-setembro-2026/insights_2026-09.json;a8a8efc64c655065561a314e777a4c9d2217bc6d899fd1a9f50bc37b69be0578;completo_2026-09_stories_basesurface
2026-09;2026-09-12;15:01:52;3984723782039305491;video;444;347;344;272;172;2;2;1;0;1;0;;;;273;"{""1"":273,""2"":15,""8"":2}";"Quadro de vídeo com dois homens de camiseta roxa do evento e crachá em pé diante de telão que exibe foto de público; um deles gesticula para a câmera. Rodapé com crédito de fotógrafo.";Fotógrafo: @edneyarakaki / @sudoexpo.oficial @acirvoficial / @gregodemoraes;video;"c;l;i;q;u;e;s;_;l;i;n;k;;;v;i;s;i;t;a;s;_;p;e;r;f;i;l;;;n;o;v;o;s;_;s;e;g;u;i;d;o;r;e;s";umapi;;Hermes/instagram-insights/captura/stories-setembro-2026/insights_2026-09.json;a8a8efc64c655065561a314e777a4c9d2217bc6d899fd1a9f50bc37b69be0578;completo_2026-09_stories_basesurface
2026-09;2026-09-12;15:01:41;3984723685427722912;imagem;389;320;320;240;149;3;2;2;0;1;0;;1;;1;"{""8"":1,""3"":1,""1"":263,""2"":13}";Peça em colagem com quatro blocos: crachá de visitante do evento, foto de mulher em pé junto às letras SUDOEXPO, ilustração de dois personagens e outro enquadramento das letras. Elogio sobreposto em caixa branca.;SUDOEXPO / VISITANTE / NEUZELI / COMERCIO / Sudoexpo superando todas as expectativas. Parabéns @acirvoficial;arte;"c;l;i;q;u;e;s;_;l;i;n;k;;;n;o;v;o;s;_;s;e;g;u;i;d;o;r;e;s";umapi;;Hermes/instagram-insights/captura/stories-setembro-2026/insights_2026-09.json;a8a8efc64c655065561a314e777a4c9d2217bc6d899fd1a9f50bc37b69be0578;completo_2026-09_stories_basesurface
2026-09;2026-09-12;15:01:24;3984723552459825177;video;291;239;239;220;71;1;1;1;0;0;0;;;;2;"{""3"":2,""8"":4,""1"":263,""2"":18}";Quadro de vídeo com as letras gigantes brancas SUDOEXPO em praça de tapete vermelho, com o público circulando ao redor e a estrutura metálica do pavilhão acima. Caixa verde de notícia sobreposta com brasão.;SUDOEXPO / NOTÍCIAS / ESTANDE DA CÂMARA MOVIMENTA O 3º DIA DA SUDOEXPO COM REUNIÕES E NOITE DE AUTÓGRAFOS / www.rioverde.go.leg.br / CÂMARA DE RIO VERDE;video;"c;l;i;q;u;e;s;_;l;i;n;k;;;v;i;s;i;t;a;s;_;p;e;r;f;i;l;;;n;o;v;o;s;_;s;e;g;u;i;d;o;r;e;s";umapi;;Hermes/instagram-insights/captura/stories-setembro-2026/insights_2026-09.json;a8a8efc64c655065561a314e777a4c9d2217bc6d899fd1a9f50bc37b69be0578;completo_2026-09_stories_basesurface
2026-09;2026-09-12;15:01:02;3984723361384156622;video;445;303;294;275;170;4;3;2;0;2;0;;;;5;"{""8"":5,""3"":3,""1"":273,""2"":23}";Quadro de vídeo com cinco pessoas de traje social (três mulheres e dois homens) posando em tapete vermelho diante de painel verde do Sebrae Goiás com QR code. Ambiente de estande de feira.;@sebraegoias / SEBRAE GOIÁS / www.sebrae.com.br/goias / @acirvoficial / @sudoexpo.oficial / (terceira etiqueta de perfil cortada);video;"c;l;i;q;u;e;s;_;l;i;n;k;;;v;i;s;i;t;a;s;_;p;e;r;f;i;l;;;n;o;v;o;s;_;s;e;g;u;i;d;o;r;e;s";umapi;;Hermes/instagram-insights/captura/stories-setembro-2026/insights_2026-09.json;a8a8efc64c655065561a314e777a4c9d2217bc6d899fd1a9f50bc37b69be0578;completo_2026-09_stories_basesurface
2026-09;2026-09-12;14:58:54;3984722292814243341;imagem;308;243;243;232;76;1;1;1;0;0;0;;;;272;"{""1"":272,""8"":4,""2"":12,""3"":1}";"Foto de palco com painel gráfico ALMA DE BRASILEIRO ao fundo e palestrante em pé ao lado de mesa de centro; cabeças da plateia aparecem em primeiro plano.";ALMA DE BRASILEIRO / A gente trabalha e se diverte / @paulicabonnes / asudoexpo.oficial @acirvoficial;foto;"c;l;i;q;u;e;s;_;l;i;n;k;;;v;i;s;i;t;a;s;_;p;e;r;f;i;l;;;n;o;v;o;s;_;s;e;g;u;i;d;o;r;e;s";umapi;;Hermes/instagram-insights/captura/stories-setembro-2026/insights_2026-09.json;a8a8efc64c655065561a314e777a4c9d2217bc6d899fd1a9f50bc37b69be0578;completo_2026-09_stories_basesurface
2026-09;2026-09-12;14:58:09;3984721909114751311;video;301;243;243;233;68;4;4;4;0;0;0;;1;;16;"{""2"":16,""8"":5,""1"":273}";Quadro de vídeo com homem de camisa lilás e crachá em pé diante do estande da ViaOnline (painel branco com letreiro azul), segurando o celular. Etiqueta branca sobreposta sobre o peito.;VIAONLINE / viaonlineconsultas / Hoje;video;"c;l;i;q;u;e;s;_;l;i;n;k;;;n;o;v;o;s;_;s;e;g;u;i;d;o;r;e;s";umapi;;Hermes/instagram-insights/captura/stories-setembro-2026/insights_2026-09.json;a8a8efc64c655065561a314e777a4c9d2217bc6d899fd1a9f50bc37b69be0578;completo_2026-09_stories_basesurface
2026-09;2026-09-12;14:57:54;3984721787664471860;video;298;243;243;226;72;2;2;2;0;0;0;;;;2;"{""3"":2,""8"":1,""2"":15,""1"":269}";"Quadro de vídeo do corredor central da feira com público caminhando sobre tapete vermelho entre estandes, placas suspensas e ativações; etiqueta SUDOEXPO no topo e figurinha na base.";SUDOEXPO / 2026 / É porque estamos com todo vapor!!;video;"c;l;i;q;u;e;s;_;l;i;n;k;;;v;i;s;i;t;a;s;_;p;e;r;f;i;l;;;n;o;v;o;s;_;s;e;g;u;i;d;o;r;e;s";umapi;;Hermes/instagram-insights/captura/stories-setembro-2026/insights_2026-09.json;a8a8efc64c655065561a314e777a4c9d2217bc6d899fd1a9f50bc37b69be0578;completo_2026-09_stories_basesurface
2026-09;2026-09-12;14:57:00;3984721329134768026;video;304;246;246;231;73;2;2;2;0;0;0;;;;5;"{""8"":5,""1"":275,""2"":13,""3"":6}";Quadro de vídeo com duas crianças posando ao lado de mascote de abóbora caracterizado, com figurino verde estampado de marcas de entrega e bebidas, em corredor de feira iluminado. Etiqueta de perfil na base.;@acirvoficial / @sudoexpo.oficial;video;"c;l;i;q;u;e;s;_;l;i;n;k;;;v;i;s;i;t;a;s;_;p;e;r;f;i;l;;;n;o;v;o;s;_;s;e;g;u;i;d;o;r;e;s";umapi;;Hermes/instagram-insights/captura/stories-setembro-2026/insights_2026-09.json;a8a8efc64c655065561a314e777a4c9d2217bc6d899fd1a9f50bc37b69be0578;completo_2026-09_stories_basesurface
2026-09;2026-09-12;14:56:36;3984721144375727982;video;291;247;247;218;73;3;3;3;0;0;0;;;;3;"{""3"":3,""8"":3,""1"":271,""2"":6}";Quadro de vídeo com a fachada do evento com painel azul-escuro e logo SUDO EXPO 2026 em letras grandes, cercado por marcas parceiras nas faixas superior e inferior. Bloco superior repete as marcas de patrocínio e apoio.;SUDO EXPO 2026 / Apoio: Uni RV / rio verde / Comigo / Comber / Sicoob Empresarial / TV Sucesso / ...LTISSETORIAL DO BRASIL (trecho cortado na lateral);video;"c;l;i;q;u;e;s;_;l;i;n;k;;;v;i;s;i;t;a;s;_;p;e;r;f;i;l;;;n;o;v;o;s;_;s;e;g;u;i;d;o;r;e;s";umapi;;Hermes/instagram-insights/captura/stories-setembro-2026/insights_2026-09.json;a8a8efc64c655065561a314e777a4c9d2217bc6d899fd1a9f50bc37b69be0578;completo_2026-09_stories_basesurface
2026-09;2026-09-12;14:54:27;3984720048076943543;video;301;251;250;226;75;2;2;2;0;0;0;;;;2;"{""3"":2,""1"":272,""2"":14,""8"":4}";Quadro de vídeo com copas de árvores verdes contra céu azul, cobertas por caixa de texto branca com depoimento sobre a palestra no Fórum de IA da ACIRV.;Dia incrível! / Palestrei no Fórum de IA da ACIRV em Rio Verde/GO (um dos maiores polos de Agroindústria do país);video;"c;l;i;q;u;e;s;_;l;i;n;k;;;v;i;s;i;t;a;s;_;p;e;r;f;i;l;;;n;o;v;o;s;_;s;e;g;u;i;d;o;r;e;s";umapi;;Hermes/instagram-insights/captura/stories-setembro-2026/insights_2026-09.json;a8a8efc64c655065561a314e777a4c9d2217bc6d899fd1a9f50bc37b69be0578;completo_2026-09_stories_basesurface
2026-09;2026-09-12;14:51:35;3984718605764812473;video;311;252;252;241;70;3;3;2;0;1;0;;;;12;"{""2"":12,""3"":5,""1"":271,""8"":8}";"Quadro de vídeo do salão da feira em dia de evento, com estandes de luz e tapete vermelho; etiqueta quadrada verde com a contagem do dia no canto superior esquerdo e estande AGRO360 à esquerda.";3º DIA DE asudoexpo.oficial / AGRO360;video;"c;l;i;q;u;e;s;_;l;i;n;k;;;v;i;s;i;t;a;s;_;p;e;r;f;i;l;;;n;o;v;o;s;_;s;e;g;u;i;d;o;r;e;s";umapi;;Hermes/instagram-insights/captura/stories-setembro-2026/insights_2026-09.json;a8a8efc64c655065561a314e777a4c9d2217bc6d899fd1a9f50bc37b69be0578;completo_2026-09_stories_basesurface
2026-09;2026-09-12;14:33:32;3984709517446352308;imagem;315;250;250;241;74;2;2;2;0;0;0;;3;;15;"{""2"":15,""3"":4,""8"":9,""1"":275}";Foto de quatro pessoas (três homens e uma mulher) em pé no estande verde da Ludfor, sorrindo para a câmera, com sacolas verdes da marca em mãos. Letreiro luminoso Ludfor visível ao fundo.;Ludfor / Recebemos Jandira Vanin, da TV Sucesso / No Campo, em nosso stand;foto;"c;l;i;q;u;e;s;_;l;i;n;k;;;n;o;v;o;s;_;s;e;g;u;i;d;o;r;e;s";umapi;;Hermes/instagram-insights/captura/stories-setembro-2026/insights_2026-09.json;a8a8efc64c655065561a314e777a4c9d2217bc6d899fd1a9f50bc37b69be0578;completo_2026-09_stories_basesurface
2026-09;2026-09-12;14:25:15;3984705352762443439;video;312;253;253;234;78;3;3;3;0;0;0;;;;3;"{""3"":3,""2"":18,""8"":8,""1"":277}";Quadro de vídeo em montagem com três blocos: estande com letreiro do evento, foto de grupo numeroso de pessoas com crachás diante de placa SUDOEXPO, e card escuro sobre a mesa com a marca do evento de networking da ACIRV.;conecta / SUDOEXPO / Parte do nosso time de conteudos do @... esta presente / ACIRV conecta / Desenvolvimento e Networking;video;"c;l;i;q;u;e;s;_;l;i;n;k;;;v;i;s;i;t;a;s;_;p;e;r;f;i;l;;;n;o;v;o;s;_;s;e;g;u;i;d;o;r;e;s";umapi;;Hermes/instagram-insights/captura/stories-setembro-2026/insights_2026-09.json;a8a8efc64c655065561a314e777a4c9d2217bc6d899fd1a9f50bc37b69be0578;completo_2026-09_stories_basesurface
2026-09;2026-09-12;14:24:28;3984704963329706493;video;375;303;303;249;126;3;3;2;0;1;0;;;;1;"{""3"":1,""8"":8,""1"":289,""2"":19}";Quadro de vídeo em autorregistro: mulher de blazer branco e crachá fala à câmera em auditório lotado, com plateia sentada atrás e telão com gráficos verde e azul ao fundo. Contador de duração visível no canto.;@registaeodoroimagem / 0:58;video;"c;l;i;q;u;e;s;_;l;i;n;k;;;v;i;s;i;t;a;s;_;p;e;r;f;i;l;;;n;o;v;o;s;_;s;e;g;u;i;d;o;r;e;s";umapi;;Hermes/instagram-insights/captura/stories-setembro-2026/insights_2026-09.json;a8a8efc64c655065561a314e777a4c9d2217bc6d899fd1a9f50bc37b69be0578;completo_2026-09_stories_basesurface
2026-09;2026-09-12;14:23:34;3984704502652480744;video;333;256;256;250;83;2;2;2;0;0;0;;;;2;"{""3"":2,""8"":4,""1"":292,""2"":34}";Quadro de vídeo com fundo preto e peça tipográfica branca e amarela anunciando aquecimento para o evento, com figurinha de emoji rindo na base.;NÓS JÁ ESTAMOS / estamos a todo vapor!;video;"c;l;i;q;u;e;s;_;l;i;n;k;;;v;i;s;i;t;a;s;_;p;e;r;f;i;l;;;n;o;v;o;s;_;s;e;g;u;i;d;o;r;e;s";umapi;;Hermes/instagram-insights/captura/stories-setembro-2026/insights_2026-09.json;a8a8efc64c655065561a314e777a4c9d2217bc6d899fd1a9f50bc37b69be0578;completo_2026-09_stories_basesurface
2026-09;2026-09-12;14:22:13;3984703823342998552;video;346;256;255;260;86;8;7;5;1;2;0;;1;;303;"{""1"":303,""2"":23,""8"":9}";Quadro de vídeo de palco iluminado com cantor ao microfone diante de placas SUDO EXPO vermelhas, plateia sentada em primeiro plano e feixes de luz. Duas caixas de texto branco sobrepostas.;Olha o nível do Festival Barzinho e Violão!!! / Isso é Sudoexpo 2026!!! / @acirvoficial;video;"c;l;i;q;u;e;s;_;l;i;n;k;;;n;o;v;o;s;_;s;e;g;u;i;d;o;r;e;s";umapi;;Hermes/instagram-insights/captura/stories-setembro-2026/insights_2026-09.json;a8a8efc64c655065561a314e777a4c9d2217bc6d899fd1a9f50bc37b69be0578;completo_2026-09_stories_basesurface
2026-09;2026-09-12;14:21:34;3984703495130567401;imagem;326;259;259;245;81;4;4;4;0;0;0;;;;4;"{""3"":4,""8"":5,""2"":10,""1"":287}";Foto de dois homens em ambiente interno, um de chapéu de palha e camiseta marrom apontando para o outro, de chapéu de cowboy e terno bege. Caixa de texto branca sobreposta com elogio bem-humorado.;O cara é tão, mas tão engraçado e gente boa com a gente que merece toda admiração! / @acirvoficial / @barzinhoviola;foto;"c;l;i;q;u;e;s;_;l;i;n;k;;;v;i;s;i;t;a;s;_;p;e;r;f;i;l;;;n;o;v;o;s;_;s;e;g;u;i;d;o;r;e;s";umapi;;Hermes/instagram-insights/captura/stories-setembro-2026/insights_2026-09.json;a8a8efc64c655065561a314e777a4c9d2217bc6d899fd1a9f50bc37b69be0578;completo_2026-09_stories_basesurface
2026-09;2026-09-12;14:21:25;3984703421763699282;imagem;311;260;260;236;75;3;3;3;0;0;0;;1;;1;"{""3"":1,""1"":282,""8"":7,""2"":11}";Foto de dois homens em pé sobre tapete vermelho, de crachá, ao lado do estande da Sicoob Empresarial (painel verde-limão com letreiro luminoso). Feira em movimento ao fundo.;SICOOB EMPRESARIAL;foto;"c;l;i;q;u;e;s;_;l;i;n;k;;;n;o;v;o;s;_;s;e;g;u;i;d;o;r;e;s";umapi;;Hermes/instagram-insights/captura/stories-setembro-2026/insights_2026-09.json;a8a8efc64c655065561a314e777a4c9d2217bc6d899fd1a9f50bc37b69be0578;completo_2026-09_stories_basesurface
2026-09;2026-09-12;14:20:27;3984702938604913287;video;314;263;263;238;76;6;6;5;0;1;0;;;;3;"{""8"":3,""2"":12,""1"":283,""3"":1}";Quadro de vídeo noturno com homem de óculos e camiseta preta em pé ao ar livre, luzes de varal ao fundo e silhueta de veículo à direita. Etiquetas de perfil na base, cortadas pela moldura.;(etiquetas de perfil na base, parcialmente cortadas: @...oficial / @...);video;"c;l;i;q;u;e;s;_;l;i;n;k;;;v;i;s;i;t;a;s;_;p;e;r;f;i;l;;;n;o;v;o;s;_;s;e;g;u;i;d;o;r;e;s";umapi;;Hermes/instagram-insights/captura/stories-setembro-2026/insights_2026-09.json;a8a8efc64c655065561a314e777a4c9d2217bc6d899fd1a9f50bc37b69be0578;completo_2026-09_stories_basesurface
2026-09;2026-09-12;14:20:09;3984702788104880181;video;320;270;264;241;79;4;4;4;0;0;0;;;;3;"{""3"":3,""8"":8,""1"":287,""2"":8}";"Quadro de vídeo com mulher de vestido azul-claro e crachá apoiada junto a parede de folhagem verde, olhando para cima; braço de outra pessoa aparece à esquerda. Frase em branco na base, com a última palavra cortada pela moldura do story.";QUEM NÃO SE ARRISCA (ultima palavra cortada pela moldura);video;"c;l;i;q;u;e;s;_;l;i;n;k;;;v;i;s;i;t;a;s;_;p;e;r;f;i;l;;;n;o;v;o;s;_;s;e;g;u;i;d;o;r;e;s";umapi;;Hermes/instagram-insights/captura/stories-setembro-2026/insights_2026-09.json;a8a8efc64c655065561a314e777a4c9d2217bc6d899fd1a9f50bc37b69be0578;completo_2026-09_stories_basesurface
2026-09;2026-09-12;14:19:58;3984702695284989619;video;329;270;264;250;79;4;4;4;0;0;0;;;;5;"{""8"":5,""1"":291,""2"":27}";Quadro de vídeo predominantemente preto com card gráfico branco e azul sobreposto no centro-direita convocando o público para o Match de conexão, e figurinha do Instagram abaixo.;Match + / de conexão / Empreendedores 19h30;video;"c;l;i;q;u;e;s;_;l;i;n;k;;;v;i;s;i;t;a;s;_;p;e;r;f;i;l;;;n;o;v;o;s;_;s;e;g;u;i;d;o;r;e;s";lista;;Hermes/instagram-insights/captura/stories-setembro-2026/insights_2026-09.json;a8a8efc64c655065561a314e777a4c9d2217bc6d899fd1a9f50bc37b69be0578;completo_2026-09_stories_basesurface
2026-09;2026-09-12;14:19:24;3984702405064276798;video;349;275;269;266;83;10;9;9;1;0;0;;2;;311;"{""1"":311,""2"":22,""8"":3}";Quadro de vídeo com homem de camisa branca e crachá em pé diante do estande da TKR/Petrobras, painel azul e amarelo ao fundo com tela mostrando caminhão em estrada. Textos laterais do estande em corpo pequeno, parcialmente legíveis.;TKR / Petronio / SIGA A PETROBRAS / ABASTECIMENTO DE COMBUSTIVEIS E LUBRIFICANTES (trecho do painel lateral, corpo pequeno);video;"c;l;i;q;u;e;s;_;l;i;n;k;;;n;o;v;o;s;_;s;e;g;u;i;d;o;r;e;s";umapi;;Hermes/instagram-insights/captura/stories-setembro-2026/insights_2026-09.json;a8a8efc64c655065561a314e777a4c9d2217bc6d899fd1a9f50bc37b69be0578;completo_2026-09_stories_basesurface
2026-09;2026-09-12;14:17:48;3984701601884694169;imagem;342;278;272;261;81;4;4;4;0;0;0;;;;309;"{""1"":309,""2"":14,""8"":6,""3"":1}";Foto de três pessoas (duas mulheres e um homem) em pé diante de parede de folhagem verde, todos com crachá de evento no pescoço, segurando materiais de papelaria azul e rosa sobre mesa de madeira. Ambiente claro, de feira.;@wenydalacerdm / @acirv.mulher / @conexaomulheresdombras / Grandes conexões na casa do Empreendedor!;foto;"c;l;i;q;u;e;s;_;l;i;n;k;;;v;i;s;i;t;a;s;_;p;e;r;f;i;l;;;n;o;v;o;s;_;s;e;g;u;i;d;o;r;e;s";umapi;;Hermes/instagram-insights/captura/stories-setembro-2026/insights_2026-09.json;a8a8efc64c655065561a314e777a4c9d2217bc6d899fd1a9f50bc37b69be0578;completo_2026-09_stories_basesurface
2026-09;2026-09-12;14:17:05;3984701242117996696;imagem;340;278;271;261;79;4;4;4;0;0;0;;;;2;"{""3"":2,""1"":296,""2"":24,""8"":4}";"Colagem de três imagens: capa de crachá 'SUDO EXPO 2026 - VISITANTE - GE COELHO EMPRESÁRIO' com mão segurando celular, criança sentada em anel/círculo iluminado e criança brincando em tapete de montar; ao lado, foto noturna de avenida arborizada com carros.";Hoje foi dia de prestigiar a @sudoexpo.oficial;arte;"c;l;i;q;u;e;s;_;l;i;n;k;;;v;i;s;i;t;a;s;_;p;e;r;f;i;l;;;n;o;v;o;s;_;s;e;g;u;i;d;o;r;e;s";umapi;;Hermes/instagram-insights/captura/stories-setembro-2026/insights_2026-09.json;a8a8efc64c655065561a314e777a4c9d2217bc6d899fd1a9f50bc37b69be0578;completo_2026-09_stories_basesurface
2026-09;2026-09-12;14:16:47;3984701089034288433;imagem;346;280;276;266;80;3;3;3;0;0;0;;;;9;"{""8"":9,""2"":13,""1"":307,""3"":1}";"Arte-colagem emoldurada por grade de quadrados coloridos (laranja, verde, azul e amarelo) com três fotos do evento: público de braços levantados sob raios de luz coloridos, grupo de visitantes com crachás e um casal agachado sorrindo; rodapé com logomarcas (Rio Verde Agora, 150 anos, Prefeitura de Rio Verde, RioVerdeGo, Câmara Municipal).";@sudoexpo.oficial / ❤️ Amei;arte;"c;l;i;q;u;e;s;_;l;i;n;k;;;v;i;s;i;t;a;s;_;p;e;r;f;i;l;;;n;o;v;o;s;_;s;e;g;u;i;d;o;r;e;s";umapi;;Hermes/instagram-insights/captura/stories-setembro-2026/insights_2026-09.json;a8a8efc64c655065561a314e777a4c9d2217bc6d899fd1a9f50bc37b69be0578;completo_2026-09_stories_basesurface
2026-09;2026-09-12;14:16:33;3984700986038993518;video;336;277;272;258;78;4;4;4;0;0;0;;;;301;"{""1"":301,""8"":9,""2"":16}";Mulher de óculos e vestido branco de manga assimétrica, com crachá 'SUDO EXPO 2026', gesticulando enquanto fala em ambiente com letreiros neon rosa.;gioesteticaavancadarv and morganammacedo 0:21;video;"c;l;i;q;u;e;s;_;l;i;n;k;;;v;i;s;i;t;a;s;_;p;e;r;f;i;l;;;n;o;v;o;s;_;s;e;g;u;i;d;o;r;e;s";umapi;;Hermes/instagram-insights/captura/stories-setembro-2026/insights_2026-09.json;a8a8efc64c655065561a314e777a4c9d2217bc6d899fd1a9f50bc37b69be0578;completo_2026-09_stories_basesurface
2026-09;2026-09-12;14:16:07;3984700756820289786;imagem;340;285;283;257;83;4;4;4;0;0;0;;;;3;"{""3"":3,""8"":8,""2"":10,""1"":308}";Grupo de cerca de onze pessoas com crachás posando e sorrindo sobre o tapete vermelho em frente ao estande do 'bradesco' no pavilhão.;(ícones de perfis marcados: +2);foto;"c;l;i;q;u;e;s;_;l;i;n;k;;;v;i;s;i;t;a;s;_;p;e;r;f;i;l;;;n;o;v;o;s;_;s;e;g;u;i;d;o;r;e;s";umapi;;Hermes/instagram-insights/captura/stories-setembro-2026/insights_2026-09.json;a8a8efc64c655065561a314e777a4c9d2217bc6d899fd1a9f50bc37b69be0578;completo_2026-09_stories_basesurface
2026-09;2026-09-12;14:15:59;3984700689744963259;video;353;292;287;267;86;4;4;4;0;0;0;;;;18;"{""2"":18,""1"":313,""8"":10,""3"":3}";Entrada do pavilhão da SudoExpo vista de fora, com pórtico de treliça, painéis 'SUDO EXPO 2026' (realização ACIRV, patrocinadores e apoiadores) e tapete vermelho no chão.;Premiação CODEBV;video;"c;l;i;q;u;e;s;_;l;i;n;k;;;v;i;s;i;t;a;s;_;p;e;r;f;i;l;;;n;o;v;o;s;_;s;e;g;u;i;d;o;r;e;s";umapi;;Hermes/instagram-insights/captura/stories-setembro-2026/insights_2026-09.json;a8a8efc64c655065561a314e777a4c9d2217bc6d899fd1a9f50bc37b69be0578;completo_2026-09_stories_basesurface
2026-09;2026-09-12;14:15:34;3984700482353427220;video;370;298;293;280;90;4;4;4;0;0;0;;;;4;"{""8"":4,""1"":326,""2"":22,""3"":7}";Close do painel/backdrop do evento com o texto 'AQUI É REALIZADA A 2ª MAIOR FEIRA MULTISSETORIAL DO BRASIL' e marcas de patrocinadores no pé da lona.;Premiação CODEBV / AQUI É REALIZADA A 2ª MAIOR FEIRA MULTISSETORIAL DO BRASIL;video;"c;l;i;q;u;e;s;_;l;i;n;k;;;v;i;s;i;t;a;s;_;p;e;r;f;i;l;;;n;o;v;o;s;_;s;e;g;u;i;d;o;r;e;s";umapi;;Hermes/instagram-insights/captura/stories-setembro-2026/insights_2026-09.json;a8a8efc64c655065561a314e777a4c9d2217bc6d899fd1a9f50bc37b69be0578;completo_2026-09_stories_basesurface
2026-09;2026-09-12;14:15:12;3984700294893341220;imagem;391;309;307;292;99;4;4;4;0;0;0;;;;12;"{""8"":12,""1"":332,""2"":29,""3"":3}";Fileira de cerca de treze pessoas com crachás e camisas verdes/azuis posando de pé sobre o tapete vermelho em frente ao estande verde 'DIA IMPERIAL', no pavilhão do evento.;@acirvoficial / 📍 Sudoexpo;foto;"c;l;i;q;u;e;s;_;l;i;n;k;;;v;i;s;i;t;a;s;_;p;e;r;f;i;l;;;n;o;v;o;s;_;s;e;g;u;i;d;o;r;e;s";umapi;;Hermes/instagram-insights/captura/stories-setembro-2026/insights_2026-09.json;a8a8efc64c655065561a314e777a4c9d2217bc6d899fd1a9f50bc37b69be0578;completo_2026-09_stories_basesurface
2026-09;2026-09-12;14:14:34;3984699972703504768;video;395;310;308;305;90;4;4;4;0;0;0;;;;8;"{""3"":8,""2"":12,""1"":349,""8"":11}";Grupo de quatro mulheres com crachás posando e sorrindo dentro do pavilhão, sob a estrutura de treliça do teto.;Mulheres sensacionais que move o empreendedorismo em Rio Verde / (ícones de perfis marcados: +4);video;"c;l;i;q;u;e;s;_;l;i;n;k;;;v;i;s;i;t;a;s;_;p;e;r;f;i;l;;;n;o;v;o;s;_;s;e;g;u;i;d;o;r;e;s";umapi;;Hermes/instagram-insights/captura/stories-setembro-2026/insights_2026-09.json;a8a8efc64c655065561a314e777a4c9d2217bc6d899fd1a9f50bc37b69be0578;completo_2026-09_stories_basesurface
2026-09;2026-09-12;06:39:41;3984471136543992371;video;756;599;604;395;361;7;7;5;0;2;0;;2;;275;"{""1"":275,""3"":3,""8"":40,""2"":14}";"Mulher de vestido claro com crachá 'SUDO EXPO' no peito, em pé junto ao painel de folhagem verde com a silhueta de mapa, olhando para cima; outra pessoa aparece parcialmente no canto superior.";@vivianneolive @kevynneusou;video;"c;l;i;q;u;e;s;_;l;i;n;k;;;n;o;v;o;s;_;s;e;g;u;i;d;o;r;e;s";umapi;;Hermes/instagram-insights/captura/stories-setembro-2026/insights_2026-09.json;a8a8efc64c655065561a314e777a4c9d2217bc6d899fd1a9f50bc37b69be0578;completo_2026-09_stories_basesurface
2026-09;2026-09-12;06:38:25;3984470524150448316;video;771;611;621;400;371;5;5;3;0;2;0;;;;7;"{""8"":7,""3"":5,""1"":308,""2"":20}";Story com fundo preto e apenas tipografia sobreposta, sem imagem de cena.;Match ✨ / De conexão / @vivianneolive @kevynneusou;video;"c;l;i;q;u;e;s;_;l;i;n;k;;;v;i;s;i;t;a;s;_;p;e;r;f;i;l;;;n;o;v;o;s;_;s;e;g;u;i;d;o;r;e;s";umapi;;Hermes/instagram-insights/captura/stories-setembro-2026/insights_2026-09.json;a8a8efc64c655065561a314e777a4c9d2217bc6d899fd1a9f50bc37b69be0578;completo_2026-09_stories_basesurface
2026-09;2026-09-12;06:35:26;3984468883489940177;imagem;356;284;284;272;84;5;5;5;0;0;0;;;;4;"{""8"":4,""2"":26,""1"":320,""3"":2}";"Pessoas em pé diante de um painel de folhagem verde com uma escultura do mapa de Goiás em branco e a inscrição 'Mapa da Conexão'; uma mulher de camisa escura interage com o painel.";;foto;"c;l;i;q;u;e;s;_;l;i;n;k;;;v;i;s;i;t;a;s;_;p;e;r;f;i;l;;;n;o;v;o;s;_;s;e;g;u;i;d;o;r;e;s";lista;;Hermes/instagram-insights/captura/stories-setembro-2026/insights_2026-09.json;a8a8efc64c655065561a314e777a4c9d2217bc6d899fd1a9f50bc37b69be0578;completo_2026-09_stories_basesurface
2026-09;2026-09-12;00:49:29;3984468671559899644;video;1020;775;781;460;560;12;10;9;0;3;0;;1;;11;"{""8"":11,""2"":21,""1"":282,""3"":2}";"No estande da ACIRV (letreiro grande 'ACIRV' iluminado), uma mulher de vestido floral ajusta o crachá com cordão 'SUDEXPO' de outra mulher de camisa polo escura com logo ACIRV; dois homens ao fundo.";Dica P2 ✨ / @acirvoficial;video;"c;l;i;q;u;e;s;_;l;i;n;k;;;n;o;v;o;s;_;s;e;g;u;i;d;o;r;e;s";lista;;Hermes/instagram-insights/captura/stories-setembro-2026/insights_2026-09.json;a8a8efc64c655065561a314e777a4c9d2217bc6d899fd1a9f50bc37b69be0578;completo_2026-09_stories_basesurface
2026-09;2026-09-12;00:48:05;3984294238401427262;video;346;269;265;272;74;3;3;3;0;0;0;;4;;25;"{""2"":25,""8"":14,""1"":291,""3"":8}";Vista do pavilhão com público circulando, pessoa carregando uma criança no colo, balões vermelhos e azuis e estandes ao fundo.;Dica ✨ / @acirvoficial;video;"c;l;i;q;u;e;s;_;l;i;n;k;;;n;o;v;o;s;_;s;e;g;u;i;d;o;r;e;s";lista;;Hermes/instagram-insights/captura/stories-setembro-2026/insights_2026-09.json;a8a8efc64c655065561a314e777a4c9d2217bc6d899fd1a9f50bc37b69be0578;completo_2026-09_stories_basesurface
2026-09;2026-09-12;00:29:46;3984284846215248310;imagem;346;270;270;277;69;5;5;5;0;0;0;;;;17;"{""2"":17,""1"":301,""8"":7,""3"":7}";Colagem de fotos da mesma composição: duas mulheres de camisa azul-escura com crachá ACIRV e uma de vestido claro posando em frente à parede de folhagem verde, mais uma vista ampla da área do estande.;;arte;"c;l;i;q;u;e;s;_;l;i;n;k;;;v;i;s;i;t;a;s;_;p;e;r;f;i;l;;;n;o;v;o;s;_;s;e;g;u;i;d;o;r;e;s";lista;;Hermes/instagram-insights/captura/stories-setembro-2026/insights_2026-09.json;a8a8efc64c655065561a314e777a4c9d2217bc6d899fd1a9f50bc37b69be0578;completo_2026-09_stories_basesurface
2026-09;2026-09-12;00:29:18;3984284602433898092;imagem;355;278;279;286;69;4;4;4;0;0;0;;;;282;"{""1"":282,""2"":20,""8"":13,""3"":10}";Colagem de várias fotos tiradas no estande da ACIRV: selfie de grupo de mulheres com crachás sob o letreiro 'ACIRV', conversas entre participantes e visitantes circulando pelo pavilhão.;;arte;"c;l;i;q;u;e;s;_;l;i;n;k;;;v;i;s;i;t;a;s;_;p;e;r;f;i;l;;;n;o;v;o;s;_;s;e;g;u;i;d;o;r;e;s";lista;;Hermes/instagram-insights/captura/stories-setembro-2026/insights_2026-09.json;a8a8efc64c655065561a314e777a4c9d2217bc6d899fd1a9f50bc37b69be0578;completo_2026-09_stories_basesurface
2026-09;2026-09-11;20:24:08;3984161214448164550;video;298;235;231;232;66;3;3;3;0;0;0;;;;3;"{""3"":3,""8"":42,""2"":20,""1"":222}";"Corredor do pavilhão da feira com estandes iluminados e visitantes em pé; em primeiro plano, mulher de camisa branca com crachá e calça bege, de boca aberta em expressão de surpresa.";;video;"c;l;i;q;u;e;s;_;l;i;n;k;;;v;i;s;i;t;a;s;_;p;e;r;f;i;l;;;n;o;v;o;s;_;s;e;g;u;i;d;o;r;e;s";lista;;Hermes/instagram-insights/captura/stories-setembro-2026/insights_2026-09.json;a8a8efc64c655065561a314e777a4c9d2217bc6d899fd1a9f50bc37b69be0578;completo_2026-09_stories_basesurface
2026-09;2026-09-11;20:22:37;3984160510777849543;video;283;234;232;222;61;3;3;3;0;0;0;;;;3;"{""3"":3,""8"":2,""1"":244,""2"":14}";Close das mãos de uma mulher (com crachá e óculos) manipulando barbante verde, tesoura, pinos azuis e embalagens sobre a mesa, com parede de folhagem verde ao fundo.;conectando os Matches / e juntando novas conexões no nosso mapa;video;"c;l;i;q;u;e;s;_;l;i;n;k;;;v;i;s;i;t;a;s;_;p;e;r;f;i;l;;;n;o;v;o;s;_;s;e;g;u;i;d;o;r;e;s";lista;;Hermes/instagram-insights/captura/stories-setembro-2026/insights_2026-09.json;a8a8efc64c655065561a314e777a4c9d2217bc6d899fd1a9f50bc37b69be0578;completo_2026-09_stories_basesurface
2026-09;2026-09-11;20:18:13;3984158235420790654;imagem;276;234;233;213;63;2;2;2;0;0;0;;;;3;"{""8"":3,""2"":13,""1"":247,""3"":3}";Close de um mapa de conexões feito com barbante verde e pinos azuis fixados em placa de cortiça, ao lado de uma parede de folhagem verde no estande do evento.;Do outro, fornecedores com soluções para oferecer.;foto;"c;l;i;q;u;e;s;_;l;i;n;k;;;v;i;s;i;t;a;s;_;p;e;r;f;i;l;;;n;o;v;o;s;_;s;e;g;u;i;d;o;r;e;s";lista;;Hermes/instagram-insights/captura/stories-setembro-2026/insights_2026-09.json;a8a8efc64c655065561a314e777a4c9d2217bc6d899fd1a9f50bc37b69be0578;completo_2026-09_stories_basesurface
2026-09;2026-09-11;20:16:41;3984157554405901801;video;279;238;237;215;64;3;3;3;0;0;0;;1;;13;"{""2"":13,""1"":252,""8"":6,""3"":3}";Mulher de jaqueta jeans sorrindo em um sofá, de frente para uma parede de folhagem verde, com uma mão em primeiro plano segurando o crachá/lanyard.;De um lado, / empresas procurando soluções ✨;video;"c;l;i;q;u;e;s;_;l;i;n;k;;;n;o;v;o;s;_;s;e;g;u;i;d;o;r;e;s";lista;;Hermes/instagram-insights/captura/stories-setembro-2026/insights_2026-09.json;a8a8efc64c655065561a314e777a4c9d2217bc6d899fd1a9f50bc37b69be0578;completo_2026-09_stories_basesurface
2026-09;2026-09-11;20:15:01;3984156627081580250;imagem;274;240;239;209;65;4;4;4;0;0;0;;;;5;"{""8"":5,""1"":252,""2"":9,""3"":2}";"Foto em preto e branco de um lounge de descanso do evento: várias pessoas sentadas mexendo no celular e uma mulher de camiseta preta com crachá em pé segurando um folder; mesa com revistas e cartões.";;foto;"c;l;i;q;u;e;s;_;l;i;n;k;;;v;i;s;i;t;a;s;_;p;e;r;f;i;l;;;n;o;v;o;s;_;s;e;g;u;i;d;o;r;e;s";lista;;Hermes/instagram-insights/captura/stories-setembro-2026/insights_2026-09.json;a8a8efc64c655065561a314e777a4c9d2217bc6d899fd1a9f50bc37b69be0578;completo_2026-09_stories_basesurface
2026-09;2026-09-11;20:12:40;3984156501996319292;video;441;380;378;257;184;5;4;4;0;1;0;;1;;21;"{""2"":21,""1"":253,""3"":3,""8"":6}";Story com fundo preto e apenas tipografia sobreposta, sem imagem de cena.;E por aqui 20:10 / , o movimento não para.;video;"c;l;i;q;u;e;s;_;l;i;n;k;;;n;o;v;o;s;_;s;e;g;u;i;d;o;r;e;s";lista;;Hermes/instagram-insights/captura/stories-setembro-2026/insights_2026-09.json;a8a8efc64c655065561a314e777a4c9d2217bc6d899fd1a9f50bc37b69be0578;completo_2026-09_stories_basesurface
2026-09;2026-09-11;20:03:30;3984150872627994437;video;451;377;375;265;186;8;6;5;0;3;0;;;;4;"{""8"":4,""2"":17,""3"":4,""1"":258}";Pessoas conversando no tapete vermelho em frente ao backdrop grande do evento ('VOCÊ ESTÁ NA ... FEIRA ...ORIAL DO BRASIL'), com uma mulher de camisa verde do Sebrae e um homem de camisa xadrez com crachá.;E é justamente nesses encontros que novas conexões começam.;video;"c;l;i;q;u;e;s;_;l;i;n;k;;;v;i;s;i;t;a;s;_;p;e;r;f;i;l;;;n;o;v;o;s;_;s;e;g;u;i;d;o;r;e;s";lista;;Hermes/instagram-insights/captura/stories-setembro-2026/insights_2026-09.json;a8a8efc64c655065561a314e777a4c9d2217bc6d899fd1a9f50bc37b69be0578;completo_2026-09_stories_basesurface
2026-09;2026-09-11;20:00:25;3984149370177067142;video;636;522;524;285;351;5;4;2;1;2;0;;;;10;"{""8"":10,""1"":266,""2"":15}";Story com fundo preto e apenas tipografia sobreposta, sem imagem de cena.;@encantallemoveis ✨ / E entre uma conexão e outra, vale olhar para os detalhes dessa experiência.;video;"c;l;i;q;u;e;s;_;l;i;n;k;;;v;i;s;i;t;a;s;_;p;e;r;f;i;l;;;n;o;v;o;s;_;s;e;g;u;i;d;o;r;e;s";lista;;Hermes/instagram-insights/captura/stories-setembro-2026/insights_2026-09.json;a8a8efc64c655065561a314e777a4c9d2217bc6d899fd1a9f50bc37b69be0578;completo_2026-09_stories_basesurface
2026-09;2026-09-11;19:58:26;3984148272175609784;imagem;298;247;246;221;77;3;3;3;0;0;0;;;;260;"{""1"":260,""8"":7,""2"":19,""3"":1}";"Colagem de três fotos de pessoas sentadas em sofás e áreas de descanso do evento, mexendo no celular; uma delas usa boné 'Field'.";MATCH / A ACIRV ajuda essas conexões a acontecerem.;arte;"c;l;i;q;u;e;s;_;l;i;n;k;;;v;i;s;i;t;a;s;_;p;e;r;f;i;l;;;n;o;v;o;s;_;s;e;g;u;i;d;o;r;e;s";lista;;Hermes/instagram-insights/captura/stories-setembro-2026/insights_2026-09.json;a8a8efc64c655065561a314e777a4c9d2217bc6d899fd1a9f50bc37b69be0578;completo_2026-09_stories_basesurface
2026-09;2026-09-11;19:56:21;3984147222777319036;imagem;455;389;386;261;194;4;4;3;0;1;0;;;;13;"{""2"":13,""1"":270,""8"":4}";Close de conversa entre duas pessoas com crachá do evento em frente a estandes iluminados de lojas (letreiros 'Quimelli' e 'HB Multimarcas' ao fundo).;👀 / Agora / Vamos dar uma olhadinha no nosso estande;foto;"c;l;i;q;u;e;s;_;l;i;n;k;;;v;i;s;i;t;a;s;_;p;e;r;f;i;l;;;n;o;v;o;s;_;s;e;g;u;i;d;o;r;e;s";lista;;Hermes/instagram-insights/captura/stories-setembro-2026/insights_2026-09.json;a8a8efc64c655065561a314e777a4c9d2217bc6d899fd1a9f50bc37b69be0578;completo_2026-09_stories_basesurface
2026-09;2026-09-11;19:47:04;3984142557755059262;imagem;463;397;392;259;204;3;3;2;0;1;0;;;;3;"{""3"":3,""1"":264,""8"":4,""2"":17}";Colagem de três fotos do credenciamento: jovens de camisa roxa operando totens/tablets de autoatendimento e telas de check-in, crachás e câmera 360 na recepção.;Gente chegando. Expectativas diferentes. Muitas possibilidades.;arte;"c;l;i;q;u;e;s;_;l;i;n;k;;;v;i;s;i;t;a;s;_;p;e;r;f;i;l;;;n;o;v;o;s;_;s;e;g;u;i;d;o;r;e;s";lista;;Hermes/instagram-insights/captura/stories-setembro-2026/insights_2026-09.json;a8a8efc64c655065561a314e777a4c9d2217bc6d899fd1a9f50bc37b69be0578;completo_2026-09_stories_basesurface
2026-09;2026-09-11;19:41:32;3984139849400647225;video;482;392;386;271;211;3;3;2;0;1;0;;;;4;"{""3"":4,""2"":28,""8"":8,""1"":266}";"Exterior ao amanhecer/entardecer, com público chegando a pé pela calçada ao lado de grades e um carro estacionado; três homens de camisa social e crachás caminham em direção ao evento.";E o movimento já começou por aqui... 👀;video;"c;l;i;q;u;e;s;_;l;i;n;k;;;v;i;s;i;t;a;s;_;p;e;r;f;i;l;;;n;o;v;o;s;_;s;e;g;u;i;d;o;r;e;s";lista;;Hermes/instagram-insights/captura/stories-setembro-2026/insights_2026-09.json;a8a8efc64c655065561a314e777a4c9d2217bc6d899fd1a9f50bc37b69be0578;completo_2026-09_stories_basesurface
2026-09;2026-09-11;19:29:34;3984138512457818446;video;651;527;521;283;368;6;5;4;0;2;0;;;;8;"{""3"":8,""8"":8,""1"":265,""2"":19}";Story com fundo preto e apenas tipografia centralizada, sem imagem de cena.;Nosso penúltimo dia de feira começou! ✨;video;"c;l;i;q;u;e;s;_;l;i;n;k;;;v;i;s;i;t;a;s;_;p;e;r;f;i;l;;;n;o;v;o;s;_;s;e;g;u;i;d;o;r;e;s";lista;;Hermes/instagram-insights/captura/stories-setembro-2026/insights_2026-09.json;a8a8efc64c655065561a314e777a4c9d2217bc6d899fd1a9f50bc37b69be0578;completo_2026-09_stories_basesurface
2026-09;2026-09-11;19:18:24;3984128124903254843;video;332;262;259;249;83;2;2;2;0;0;0;;1;;18;"{""3"":18,""1"":269,""2"":13,""8"":21}";Grupo de cinco pessoas com crachás do evento posando de frente para a câmera em frente ao acesso do estande com letreiro 'ACIRV' e tapete vermelho, dentro do pavilhão.;Já estamos por aqui para o nosso penúltimo dia de SUDOEXPO 2026.;video;"c;l;i;q;u;e;s;_;l;i;n;k;;;n;o;v;o;s;_;s;e;g;u;i;d;o;r;e;s";lista;;Hermes/instagram-insights/captura/stories-setembro-2026/insights_2026-09.json;a8a8efc64c655065561a314e777a4c9d2217bc6d899fd1a9f50bc37b69be0578;completo_2026-09_stories_basesurface
2026-09;2026-09-11;13:21:44;3983948611218132807;video;253;203;199;196;57;0;;0;0;0;0;;1;;2;"{""3"":2,""2"":14,""8"":63,""1"":167}";Mulher de blusa branca e calça ampla falando ao microfone no palco, diante do painel azul 'conecta mesa de networking'.;@rcadria / Vc é BRILHANTE! / @acirvoficial @sudoexpo.oficial;video;"c;o;n;t;a;s;_;c;o;m;_;e;n;g;a;j;a;m;e;n;t;o;;;c;l;i;q;u;e;s;_;l;i;n;k;;;n;o;v;o;s;_;s;e;g;u;i;d;o;r;e;s";lista;;Hermes/instagram-insights/captura/stories-setembro-2026/insights_2026-09.json;a8a8efc64c655065561a314e777a4c9d2217bc6d899fd1a9f50bc37b69be0578;completo_2026-09_stories_basesurface
2026-09;2026-09-11;13:21:36;3983948541168280742;imagem;366;287;295;250;116;1;1;0;0;1;0;;;;13;"{""2"":13,""8"":10,""1"":220}";Palco do evento com painel azul 'conecta mesa de networking', QR code gigante e painéis 'SUDO EXPO 2026', com participantes e equipe em pé no palco.;Que manhã maravilhosa! Parabéns @sudoexpo.oficial @acirvoficial Por ser tão conectado com os empresários de Rio Verde;foto;"c;l;i;q;u;e;s;_;l;i;n;k;;;v;i;s;i;t;a;s;_;p;e;r;f;i;l;;;n;o;v;o;s;_;s;e;g;u;i;d;o;r;e;s";lista;;Hermes/instagram-insights/captura/stories-setembro-2026/insights_2026-09.json;a8a8efc64c655065561a314e777a4c9d2217bc6d899fd1a9f50bc37b69be0578;completo_2026-09_stories_basesurface
2026-09;2026-09-11;13:21:27;3983948468007852767;video;257;207;205;204;53;0;;0;0;0;0;;;;1;"{""3"":1,""8"":2,""2"":17,""1"":231}";"Mesa de atendimento do evento com planta, cartaz e materiais sobre toalha azul, com uma mulher sentada; ao fundo, o palco com painéis 'SUDO EXPO' e 'conecta mesa de networking' e uma pessoa falando.";Hoje começamos cedinho fazendo muitas conexões com empresários de Rio Verde / @acirvoficial / @acirvmulher / @sudoexpo.oficial;video;"c;o;n;t;a;s;_;c;o;m;_;e;n;g;a;j;a;m;e;n;t;o;;;c;l;i;q;u;e;s;_;l;i;n;k;;;v;i;s;i;t;a;s;_;p;e;r;f;i;l;;;n;o;v;o;s;_;s;e;g;u;i;d;o;r;e;s";lista;;Hermes/instagram-insights/captura/stories-setembro-2026/insights_2026-09.json;a8a8efc64c655065561a314e777a4c9d2217bc6d899fd1a9f50bc37b69be0578;completo_2026-09_stories_basesurface
2026-09;2026-09-11;13:21:21;3983948414790476888;video;257;206;204;198;59;1;1;1;0;0;0;;;;1;"{""3"":1,""8"":8,""1"":228,""2"":14}";Mulher de vestido preto e cachecol sentada em uma cadeira dentro de um círculo de luz neon, sobre tapete vermelho, em ambiente externo à noite com folhagens.;gioesteticaavancadarv and morganammacedo / 0:54 / GIO — Estética Avançada;video;"c;l;i;q;u;e;s;_;l;i;n;k;;;v;i;s;i;t;a;s;_;p;e;r;f;i;l;;;n;o;v;o;s;_;s;e;g;u;i;d;o;r;e;s";lista;;Hermes/instagram-insights/captura/stories-setembro-2026/insights_2026-09.json;a8a8efc64c655065561a314e777a4c9d2217bc6d899fd1a9f50bc37b69be0578;completo_2026-09_stories_basesurface
2026-09;2026-09-11;13:20:52;3983948171814444100;video;259;211;209;198;61;1;1;1;0;0;0;;;;234;"{""1"":234,""2"":12,""3"":2,""8"":4}";Mulher de blusa preta e óculos, com crachá do evento, posando em pé na entrada de um prédio de fachada vermelha e vidros, com letreiro 'FUTURA IMÓVEIS'.;E nessa tarde;video;"c;l;i;q;u;e;s;_;l;i;n;k;;;v;i;s;i;t;a;s;_;p;e;r;f;i;l;;;n;o;v;o;s;_;s;e;g;u;i;d;o;r;e;s";lista;;Hermes/instagram-insights/captura/stories-setembro-2026/insights_2026-09.json;a8a8efc64c655065561a314e777a4c9d2217bc6d899fd1a9f50bc37b69be0578;completo_2026-09_stories_basesurface
2026-09;2026-09-11;13:20:42;3983948087445197547;imagem;379;293;303;257;122;1;1;0;0;1;0;;;;12;"{""2"":12,""1"":230,""8"":2,""3"":2}";Grupo de sete pessoas da equipe posando lado a lado no palco, em frente ao backdrop azul 'conecta mesa de networking' com estrutura de iluminação no alto.;@dg.implantes / @acirvoficial / @sudoexpo.oficial;foto;"c;l;i;q;u;e;s;_;l;i;n;k;;;v;i;s;i;t;a;s;_;p;e;r;f;i;l;;;n;o;v;o;s;_;s;e;g;u;i;d;o;r;e;s";lista;;Hermes/instagram-insights/captura/stories-setembro-2026/insights_2026-09.json;a8a8efc64c655065561a314e777a4c9d2217bc6d899fd1a9f50bc37b69be0578;completo_2026-09_stories_basesurface
2026-09;2026-09-11;13:20:24;3983947933955466633;video;261;214;212;200;61;1;1;1;0;0;0;;;;13;"{""2"":13,""1"":228,""8"":5}";Interior do pavilhão com mesas de convidados e público sentado ao lado de cortinas pretas e painéis azuis em losango, na manhã do evento de networking.;Manhã de conecta networking! / @acirvoficial / @sudoexpo.oficial;video;"c;l;i;q;u;e;s;_;l;i;n;k;;;v;i;s;i;t;a;s;_;p;e;r;f;i;l;;;n;o;v;o;s;_;s;e;g;u;i;d;o;r;e;s";lista;;Hermes/instagram-insights/captura/stories-setembro-2026/insights_2026-09.json;a8a8efc64c655065561a314e777a4c9d2217bc6d899fd1a9f50bc37b69be0578;completo_2026-09_stories_basesurface
2026-09;2026-09-11;13:20:18;3983947884664006798;video;268;215;213;206;62;1;1;1;0;0;0;;;;2;"{""8"":2,""2"":13,""1"":233}";Pórtico de entrada iluminado da SudoExpo à noite, com tapete vermelho, luzes de festão e painéis com as marcas do evento e parceiros.;SUDO EXPO 2026 / Chegamos na @sudoexpo.oficial 😃;video;"c;l;i;q;u;e;s;_;l;i;n;k;;;v;i;s;i;t;a;s;_;p;e;r;f;i;l;;;n;o;v;o;s;_;s;e;g;u;i;d;o;r;e;s";lista;;Hermes/instagram-insights/captura/stories-setembro-2026/insights_2026-09.json;a8a8efc64c655065561a314e777a4c9d2217bc6d899fd1a9f50bc37b69be0578;completo_2026-09_stories_basesurface
2026-09;2026-09-11;13:20:04;3983947788555729213;video;259;215;213;203;56;0;;0;0;0;0;;;;7;"{""2"":7,""1"":234,""8"":2}";Pessoas sentadas às mesas do pavilhão vistas de costas (um homem de camisa bege e uma mulher de braço tatuado em primeiro plano), com a estrutura de palco e telão ao fundo.;Hora de fazer Networking;video;"c;o;n;t;a;s;_;c;o;m;_;e;n;g;a;j;a;m;e;n;t;o;;;c;l;i;q;u;e;s;_;l;i;n;k;;;v;i;s;i;t;a;s;_;p;e;r;f;i;l;;;n;o;v;o;s;_;s;e;g;u;i;d;o;r;e;s";lista;;Hermes/instagram-insights/captura/stories-setembro-2026/insights_2026-09.json;a8a8efc64c655065561a314e777a4c9d2217bc6d899fd1a9f50bc37b69be0578;completo_2026-09_stories_basesurface
2026-09;2026-09-11;13:19:57;3983947709912566527;video;382;298;308;261;121;1;1;0;0;1;0;;;;15;"{""2"":15,""1"":235,""8"":3,""3"":1}";Close de mesa de buffet do evento: cesta de madeira escura com pães de queijo, vasilha de cobre, travessa com torradas e morangos e prato de doces entre folhagens.;;video;"c;l;i;q;u;e;s;_;l;i;n;k;;;v;i;s;i;t;a;s;_;p;e;r;f;i;l;;;n;o;v;o;s;_;s;e;g;u;i;d;o;r;e;s";lista;;Hermes/instagram-insights/captura/stories-setembro-2026/insights_2026-09.json;a8a8efc64c655065561a314e777a4c9d2217bc6d899fd1a9f50bc37b69be0578;completo_2026-09_stories_basesurface
2026-09;2026-09-11;13:19:47;3983947626328438399;video;390;299;307;268;122;1;1;0;0;1;0;;;;2;"{""3"":2,""2"":14,""1"":244,""8"":1}";Mulher de camisa azul-marinho com crachás da SudoExpo e 'Boas Vindas Rio Verde' posa no pavilhão ao lado de mesas azuis, com o palco iluminado ao fundo.;;video;"c;l;i;q;u;e;s;_;l;i;n;k;;;v;i;s;i;t;a;s;_;p;e;r;f;i;l;;;n;o;v;o;s;_;s;e;g;u;i;d;o;r;e;s";lista;;Hermes/instagram-insights/captura/stories-setembro-2026/insights_2026-09.json;a8a8efc64c655065561a314e777a4c9d2217bc6d899fd1a9f50bc37b69be0578;completo_2026-09_stories_basesurface
2026-09;2026-09-11;13:19:34;3983947514520142305;imagem;272;219;217;208;64;1;1;1;0;0;0;;;;15;"{""2"":15,""1"":248,""8"":4}";Casal posando em frente ao mesmo backdrop azul 'conecta mesa de networking', segurando a placa verde com QR codes da marca NIRADI e fazendo sinal de positivo.;@acirvoficial / @sudoexpo.oficial / @eduardoloboadv / @cowhoydoterno;foto;"c;l;i;q;u;e;s;_;l;i;n;k;;;v;i;s;i;t;a;s;_;p;e;r;f;i;l;;;n;o;v;o;s;_;s;e;g;u;i;d;o;r;e;s";lista;;Hermes/instagram-insights/captura/stories-setembro-2026/insights_2026-09.json;a8a8efc64c655065561a314e777a4c9d2217bc6d899fd1a9f50bc37b69be0578;completo_2026-09_stories_basesurface
2026-09;2026-09-11;13:19:28;3983947461848134997;imagem;261;218;216;196;65;1;1;1;0;0;0;;;;1;"{""8"":1,""2"":6,""1"":242}";Três pessoas (duas mulheres e um homem de blazer) posando sorridentes em frente ao backdrop azul 'conecta mesa de networking', segurando placas verdes com QR codes da marca NIRADI.;@leidicorteze / @eduardoloboadv / @cowhoydoterno / @acirvoficial / @sudoexpo.oficial;foto;"c;l;i;q;u;e;s;_;l;i;n;k;;;v;i;s;i;t;a;s;_;p;e;r;f;i;l;;;n;o;v;o;s;_;s;e;g;u;i;d;o;r;e;s";lista;;Hermes/instagram-insights/captura/stories-setembro-2026/insights_2026-09.json;a8a8efc64c655065561a314e777a4c9d2217bc6d899fd1a9f50bc37b69be0578;completo_2026-09_stories_basesurface
2026-09;2026-09-11;13:19:12;3983947329858269756;video;380;301;309;260;120;1;1;0;0;1;0;;;;4;"{""8"":4,""2"":10,""1"":237}";Close de itens de papelaria/brinde sobre capa preta com a marca 'conecta mesa de networking' e logo ACIRV: caderno, carteira e caneta azul.;conecta mesa de networking / ACIRV / Gratidão! 🙏🤲 / @sudoexpo.oficial @acirvoficial / @rcadria;video;"c;l;i;q;u;e;s;_;l;i;n;k;;;v;i;s;i;t;a;s;_;p;e;r;f;i;l;;;n;o;v;o;s;_;s;e;g;u;i;d;o;r;e;s";lista;;Hermes/instagram-insights/captura/stories-setembro-2026/insights_2026-09.json;a8a8efc64c655065561a314e777a4c9d2217bc6d899fd1a9f50bc37b69be0578;completo_2026-09_stories_basesurface
2026-09;2026-09-11;13:19:05;3983947270978639232;video;275;221;219;211;64;1;1;1;0;0;0;;;;1;"{""3"":1,""1"":241,""2"":21,""8"":7}";Vista de dentro do pavilhão: público circulando entre estandes e mesas, várias pessoas de costas, luz natural pelo teto de lona branca.;@sudoexpo.oficial, @acirvoficial / SudoExpo / Fazendo Conexão;video;"c;l;i;q;u;e;s;_;l;i;n;k;;;v;i;s;i;t;a;s;_;p;e;r;f;i;l;;;n;o;v;o;s;_;s;e;g;u;i;d;o;r;e;s";lista;;Hermes/instagram-insights/captura/stories-setembro-2026/insights_2026-09.json;a8a8efc64c655065561a314e777a4c9d2217bc6d899fd1a9f50bc37b69be0578;completo_2026-09_stories_basesurface
2026-09;2026-09-11;13:18:57;3983947208117854127;imagem;273;223;221;204;69;0;;0;0;0;0;;;;5;"{""8"":5,""1"":253,""2"":6}";Selfie em close de três mulheres de camisa branca, crachás coloridos do evento pendurados no pescoço, sorrindo juntas em área interna do pavilhão.;Coordenação Conecta @acirvoficial | @sudoexpo.oficial;foto;"c;o;n;t;a;s;_;c;o;m;_;e;n;g;a;j;a;m;e;n;t;o;;;c;l;i;q;u;e;s;_;l;i;n;k;;;v;i;s;i;t;a;s;_;p;e;r;f;i;l;;;n;o;v;o;s;_;s;e;g;u;i;d;o;r;e;s";lista;;Hermes/instagram-insights/captura/stories-setembro-2026/insights_2026-09.json;a8a8efc64c655065561a314e777a4c9d2217bc6d899fd1a9f50bc37b69be0578;completo_2026-09_stories_basesurface
2026-09;2026-09-11;13:18:51;3983947160198671736;video;260;222;220;198;62;0;;0;0;0;0;;;;2;"{""8"":2,""1"":244,""2"":6}";"Vista ampla do pavilhão com mesas de convidados ocupadas e o palco iluminado com painéis do evento e de parceiros; sobreposto, um selo com ícone de alvo e flecha.";Mais um evento entregue com sucesso! / Conecta @sudoexpo.oficial / Parabéns @rcradria @leidicorteze @samaratostal e toda a equipe @acirvoficial;video;"c;o;n;t;a;s;_;c;o;m;_;e;n;g;a;j;a;m;e;n;t;o;;;c;l;i;q;u;e;s;_;l;i;n;k;;;v;i;s;i;t;a;s;_;p;e;r;f;i;l;;;n;o;v;o;s;_;s;e;g;u;i;d;o;r;e;s";lista;;Hermes/instagram-insights/captura/stories-setembro-2026/insights_2026-09.json;a8a8efc64c655065561a314e777a4c9d2217bc6d899fd1a9f50bc37b69be0578;completo_2026-09_stories_basesurface
2026-09;2026-09-11;13:18:40;3983947064602120982;video;261;224;221;201;60;0;;0;0;0;0;;;;8;"{""2"":8,""3"":2,""8"":5,""1"":245}";"Close de um homem de camisa preta em pé no pavilhão, com crachá 'SUDO EXPO VISITANTE', segurando um fone de ouvido enquanto conversa; salão desfocado ao fundo.";;video;"c;o;n;t;a;s;_;c;o;m;_;e;n;g;a;j;a;m;e;n;t;o;;;c;l;i;q;u;e;s;_;l;i;n;k;;;v;i;s;i;t;a;s;_;p;e;r;f;i;l;;;n;o;v;o;s;_;s;e;g;u;i;d;o;r;e;s";umapi;;Hermes/instagram-insights/captura/stories-setembro-2026/insights_2026-09.json;a8a8efc64c655065561a314e777a4c9d2217bc6d899fd1a9f50bc37b69be0578;completo_2026-09_stories_basesurface
2026-09;2026-09-11;12:20:58;3983918060335432845;video;392;313;321;263;129;1;1;0;0;1;0;;;;17;"{""8"":17,""1"":232,""2"":11,""3"":3}";Mulher de macacão preto, microfone na mão, posa no salão de eventos entre as mesas de convidados, com o palco iluminado ao fundo (painéis do Conecta e parceiros).;;video;"c;l;i;q;u;e;s;_;l;i;n;k;;;v;i;s;i;t;a;s;_;p;e;r;f;i;l;;;n;o;v;o;s;_;s;e;g;u;i;d;o;r;e;s";lista;;Hermes/instagram-insights/captura/stories-setembro-2026/insights_2026-09.json;a8a8efc64c655065561a314e777a4c9d2217bc6d899fd1a9f50bc37b69be0578;completo_2026-09_stories_basesurface
2026-09;2026-09-11;11:45:21;3983900095754132559;video;282;230;226;209;73;0;;0;0;0;0;;;;11;"{""2"":11,""8"":17,""1"":251}";Colagem de três registros de mulheres com crachás do evento: grupo posando diante do painel azul do evento, dupla em pé no corredor e selfie em trio na plateia de um auditório.;Sobre um dia de matar saudade, prestigiar amiga e fazer conexões. / @macalita_castro / @lorramecbueno / @camaragenteeegestao / @acirvoficial / @sudoexpo.oficial;video;"c;o;n;t;a;s;_;c;o;m;_;e;n;g;a;j;a;m;e;n;t;o;;;c;l;i;q;u;e;s;_;l;i;n;k;;;v;i;s;i;t;a;s;_;p;e;r;f;i;l;;;n;o;v;o;s;_;s;e;g;u;i;d;o;r;e;s";lista;;Hermes/instagram-insights/captura/stories-setembro-2026/insights_2026-09.json;a8a8efc64c655065561a314e777a4c9d2217bc6d899fd1a9f50bc37b69be0578;completo_2026-09_stories_basesurface
2026-09;2026-09-11;11:45:10;3983900004704170585;video;275;229;226;203;72;1;1;1;0;0;0;;;;1;"{""8"":1,""1"":257,""2"":12}";Mulher de óculos e blusa vinho, com crachá SudoExpo, posa de pé na área do palco, diante dos painéis azuis 'SUDO EXPO 2026' e 'conecta mesa de networking'.;Apitou começou! 🚀 / Conecta Acirv;video;"c;l;i;q;u;e;s;_;l;i;n;k;;;v;i;s;i;t;a;s;_;p;e;r;f;i;l;;;n;o;v;o;s;_;s;e;g;u;i;d;o;r;e;s";lista;;Hermes/instagram-insights/captura/stories-setembro-2026/insights_2026-09.json;a8a8efc64c655065561a314e777a4c9d2217bc6d899fd1a9f50bc37b69be0578;completo_2026-09_stories_basesurface
2026-09;2026-09-11;11:44:56;3983899892053531362;video;346;263;262;214;132;1;1;0;0;1;0;;;;2;"{""3"":2,""2"":25,""1"":257,""8"":4}";Natureza-morta sobre fundo azul: caderno escuro com a marca 'conecta mesa de networking' e logo ACIRV, sobre ele dois crachás de expositor da SudoExpo 2026.;WORK IN PROGRESS / conecta mesa de networking / SUDO EXPO 2026 / EXPOSITOR / ANDRÉ ROBERTO SILVA / CRESCER CONSULTORIA EMPRESARIAL E EM AGRONEGÓCIO / crescer / CRÉDITO EMPRESARIAL CRÉDITO RURAL / CRÉDITO IMOBILIÁRIO CONSÓRCIOS / INSS DE OBRAS;video;"c;l;i;q;u;e;s;_;l;i;n;k;;;v;i;s;i;t;a;s;_;p;e;r;f;i;l;;;n;o;v;o;s;_;s;e;g;u;i;d;o;r;e;s";lista;;Hermes/instagram-insights/captura/stories-setembro-2026/insights_2026-09.json;a8a8efc64c655065561a314e777a4c9d2217bc6d899fd1a9f50bc37b69be0578;completo_2026-09_stories_basesurface
2026-09;2026-09-11;11:44:29;3983899663777696775;imagem;299;237;233;218;81;1;1;1;0;0;0;;;;25;"{""2"":25,""1"":257,""8"":3}";Selfie em close de um homem de camisa azul e gravata sorrindo, com o salão de networking lotado ao fundo (mesas e público sentado).;Dia de rodada de networking na Sudoexpo. / @dg.implantes / @acirvoficial;foto;"c;l;i;q;u;e;s;_;l;i;n;k;;;v;i;s;i;t;a;s;_;p;e;r;f;i;l;;;n;o;v;o;s;_;s;e;g;u;i;d;o;r;e;s";lista;;Hermes/instagram-insights/captura/stories-setembro-2026/insights_2026-09.json;a8a8efc64c655065561a314e777a4c9d2217bc6d899fd1a9f50bc37b69be0578;completo_2026-09_stories_basesurface
2026-09;2026-09-11;11:44:20;3983899585265373022;video;299;238;235;216;83;2;2;2;0;0;0;;;;272;"{""1"":272,""8"":3,""2"":20}";Três pessoas (dois homens de camisa preta e uma mulher de blusa preta) posam de pé atrás do balcão de um estande com o letreiro dourado 'La Belle Essence'.;@sudoexpo.oficial / La Belle Essence / Marcando presença na SudoExpo. / Maior feira multissetorial do Sudoeste Goiano!;video;"c;l;i;q;u;e;s;_;l;i;n;k;;;v;i;s;i;t;a;s;_;p;e;r;f;i;l;;;n;o;v;o;s;_;s;e;g;u;i;d;o;r;e;s";lista;;Hermes/instagram-insights/captura/stories-setembro-2026/insights_2026-09.json;a8a8efc64c655065561a314e777a4c9d2217bc6d899fd1a9f50bc37b69be0578;completo_2026-09_stories_basesurface
2026-09;2026-09-11;11:44:12;3983899516767430615;imagem;279;234;231;203;76;1;1;1;0;0;0;;1;;3;"{""8"":3,""1"":262,""2"":8}";Close de uma mesa de frutas decorada: laranjeira carregada, cesta com maracujá, morango, uva, mamão, kiwi, banana e laranjas, vasilhas de vidro e taça de drink, com placas 'MALBEC Food Truck' ao fundo.;@sudoexpo.oficial;foto;"c;l;i;q;u;e;s;_;l;i;n;k;;;n;o;v;o;s;_;s;e;g;u;i;d;o;r;e;s";lista;;Hermes/instagram-insights/captura/stories-setembro-2026/insights_2026-09.json;a8a8efc64c655065561a314e777a4c9d2217bc6d899fd1a9f50bc37b69be0578;completo_2026-09_stories_basesurface
2026-09;2026-09-11;11:44:07;3983899474941783083;imagem;268;235;232;195;73;0;;0;0;0;0;;;;8;"{""2"":8,""8"":7,""1"":248}";Close de cartões de visita de imobiliária apoiados sobre fundo escuro, sobre a arte 'conecta mesa de networking' com o logo da ACIRV.;Walékssalaia Teles / CRECI-F 28663 / (64) 9 9306-2159 / vendenas1@futurar.com.br / (64) 3602-7000 / Av. Pres. Vargas, 628, Jd. Maracanã - Rio Verde-GO - CEP: 75901-080 / www.futurar.com.br;foto;"c;o;n;t;a;s;_;c;o;m;_;e;n;g;a;j;a;m;e;n;t;o;;;c;l;i;q;u;e;s;_;l;i;n;k;;;v;i;s;i;t;a;s;_;p;e;r;f;i;l;;;n;o;v;o;s;_;s;e;g;u;i;d;o;r;e;s";lista;;Hermes/instagram-insights/captura/stories-setembro-2026/insights_2026-09.json;a8a8efc64c655065561a314e777a4c9d2217bc6d899fd1a9f50bc37b69be0578;completo_2026-09_stories_basesurface
2026-09;2026-09-11;11:43:58;3983899400321742887;video;272;236;233;197;75;2;2;2;0;0;0;;;;2;"{""8"":2,""2"":13,""1"":255}";Homem de camisa cinza e óculos, com crachá SudoExpo, posando de pé em frente ao painel azul 'conecta mesa de networking' com iluminação de palco.;Vivendo a experiência do Conecta Acirv! Networking de alto nível e muita inovação por aqui. 💡⚡;video;"c;l;i;q;u;e;s;_;l;i;n;k;;;v;i;s;i;t;a;s;_;p;e;r;f;i;l;;;n;o;v;o;s;_;s;e;g;u;i;d;o;r;e;s";umapi;;Hermes/instagram-insights/captura/stories-setembro-2026/insights_2026-09.json;a8a8efc64c655065561a314e777a4c9d2217bc6d899fd1a9f50bc37b69be0578;completo_2026-09_stories_basesurface
2026-09;2026-09-11;11:42:40;3983898743971881227;video;424;331;341;276;148;4;4;3;0;1;0;;;;260;"{""1"":260,""8"":4,""2"":24}";Vista ampla do salão de networking da SudoExpo, com mesas redondas ocupadas, grade de luzes no teto do pavilhão e palco com painéis em losango 'SUDO EXPO' e 'conecta mesa de networking'.;Dia de conexões e rodadas de negócios! 🤝🚀 / @sudoexpo.oficial @acirvoficial / @somosmamply marcando presença ✅;video;"c;l;i;q;u;e;s;_;l;i;n;k;;;v;i;s;i;t;a;s;_;p;e;r;f;i;l;;;n;o;v;o;s;_;s;e;g;u;i;d;o;r;e;s";umapi;;Hermes/instagram-insights/captura/stories-setembro-2026/insights_2026-09.json;a8a8efc64c655065561a314e777a4c9d2217bc6d899fd1a9f50bc37b69be0578;completo_2026-09_stories_basesurface
2026-09;2026-09-11;11:42:23;3983898606197405992;video;435;334;342;283;152;4;4;3;0;1;0;;;;1;"{""3"":1,""2"":13,""1"":273,""8"":6}";Selfie em close de uma mulher de cabelo castanho ao ar livre, sob luz de sol, sem cenário de evento visível.;@allinelobb / @niradi.store;video;"c;l;i;q;u;e;s;_;l;i;n;k;;;v;i;s;i;t;a;s;_;p;e;r;f;i;l;;;n;o;v;o;s;_;s;e;g;u;i;d;o;r;e;s";umapi;;Hermes/instagram-insights/captura/stories-setembro-2026/insights_2026-09.json;a8a8efc64c655065561a314e777a4c9d2217bc6d899fd1a9f50bc37b69be0578;completo_2026-09_stories_basesurface
2026-09;2026-09-11;11:41:57;3983898383382498405;imagem;292;243;240;215;77;1;1;1;0;0;0;;;;2;"{""3"":2,""1"":262,""2"":19,""8"":3}";Quatro homens de crachá, abraçados e sorrindo, posando de pé sobre o tapete vermelho em frente ao estande verde do evento.;@ludforenergia / @grupocereal / @buritirioverde;foto;"c;l;i;q;u;e;s;_;l;i;n;k;;;v;i;s;i;t;a;s;_;p;e;r;f;i;l;;;n;o;v;o;s;_;s;e;g;u;i;d;o;r;e;s";umapi;;Hermes/instagram-insights/captura/stories-setembro-2026/insights_2026-09.json;a8a8efc64c655065561a314e777a4c9d2217bc6d899fd1a9f50bc37b69be0578;completo_2026-09_stories_basesurface
2026-09;2026-09-11;11:41:53;3983898349970778424;imagem;296;247;243;219;77;1;1;1;0;0;0;;;;15;"{""2"":15,""1"":263,""8"":4,""3"":2}";Grupo de cinco pessoas com crachás, de pé no tapete vermelho em frente ao estande verde com as marcas 'Global Energia' e 'Simplifica Energia', no pavilhão da SudoExpo.;Vem economizar na conta de energia / @LUDFORENERGIA / @SIMPLIFICA.ENERGIA;foto;"c;l;i;q;u;e;s;_;l;i;n;k;;;v;i;s;i;t;a;s;_;p;e;r;f;i;l;;;n;o;v;o;s;_;s;e;g;u;i;d;o;r;e;s";umapi;;Hermes/instagram-insights/captura/stories-setembro-2026/insights_2026-09.json;a8a8efc64c655065561a314e777a4c9d2217bc6d899fd1a9f50bc37b69be0578;completo_2026-09_stories_basesurface
2026-09;2026-09-11;11:41:43;3983898268819280120;imagem;296;249;246;220;76;1;1;1;0;0;0;;;;2;"{""3"":2,""1"":262,""2"":17}";Duas mulheres caminhando no tapete vermelho em frente à fachada iluminada da SudoExpo, à noite, com letreiros 'SUDO EXPO 2026'.;Conhecendo um dos maiores eventos de empreendedorismo, inovação e negócios da região @sudoexpo.oficial @acirvoficial / 📍 Rio Verde, Goiás, Brazil / @patriciaesteta @clinicabilive;foto;"c;l;i;q;u;e;s;_;l;i;n;k;;;v;i;s;i;t;a;s;_;p;e;r;f;i;l;;;n;o;v;o;s;_;s;e;g;u;i;d;o;r;e;s";umapi;;Hermes/instagram-insights/captura/stories-setembro-2026/insights_2026-09.json;a8a8efc64c655065561a314e777a4c9d2217bc6d899fd1a9f50bc37b69be0578;completo_2026-09_stories_basesurface
2026-09;2026-09-11;11:41:20;3983898081364125049;video;299;246;243;221;78;2;2;2;0;0;0;;;;274;"{""1"":274,""8"":4,""2"":21}";Mulher de camisa preta e óculos, com crachá SudoExpo e copo na mão, posando de pé diante de parede de folhagem com letreiro neon 'SUDO EXPO' e poltrona branca ao lado.;@sudoexpo.oficial;video;"c;l;i;q;u;e;s;_;l;i;n;k;;;v;i;s;i;t;a;s;_;p;e;r;f;i;l;;;n;o;v;o;s;_;s;e;g;u;i;d;o;r;e;s";umapi;;Hermes/instagram-insights/captura/stories-setembro-2026/insights_2026-09.json;a8a8efc64c655065561a314e777a4c9d2217bc6d899fd1a9f50bc37b69be0578;completo_2026-09_stories_basesurface
2026-09;2026-09-11;11:40:57;3983897882445064733;video;312;248;245;229;83;2;2;2;0;0;0;;;;27;"{""2"":27,""8"":2,""1"":273,""3"":3}";Plateia de auditório vista de costas, assistindo a um palestrante no palco com painéis de LED roxos iluminados, durante a SudoExpo 2026.;Parabéns patrocinadores, expositores, organizadores... / Parabéns Rio Verde!!! / 2a. Maior feira Multisetorial do Brasil;video;"c;l;i;q;u;e;s;_;l;i;n;k;;;v;i;s;i;t;a;s;_;p;e;r;f;i;l;;;n;o;v;o;s;_;s;e;g;u;i;d;o;r;e;s";umapi;;Hermes/instagram-insights/captura/stories-setembro-2026/insights_2026-09.json;a8a8efc64c655065561a314e777a4c9d2217bc6d899fd1a9f50bc37b69be0578;completo_2026-09_stories_basesurface
2026-09;2026-09-11;11:40:40;3983897737266857629;imagem;318;256;253;236;82;2;2;2;0;0;0;;;;4;"{""8"":4,""2"":18,""1"":272}";"Foto de um grupo de mulheres sentadas em arquibancada/cadeiras do auditório do evento, com crachás SUDO EXPO VISITANTE, sorrindo enquanto aguardam o início da palestra; ao fundo divisórias de vidro do pavilhão e outros participantes. Rótulo 081 | 2026-09-11 | tipo 1.";Aguardando palestra / @andreavermont / @acirvoficial / @sudoexpo.oficial / @paulasimoescoach / @suericarenga / @raqueltrevizano;foto;"c;l;i;q;u;e;s;_;l;i;n;k;;;v;i;s;i;t;a;s;_;p;e;r;f;i;l;;;n;o;v;o;s;_;s;e;g;u;i;d;o;r;e;s";umapi;;Hermes/instagram-insights/captura/stories-setembro-2026/insights_2026-09.json;a8a8efc64c655065561a314e777a4c9d2217bc6d899fd1a9f50bc37b69be0578;completo_2026-09_stories_basesurface
2026-09;2026-09-11;11:37:45;3983896268946647292;video;322;259;255;240;82;3;3;3;0;0;0;;;;279;"{""1"":279,""8"":10,""2"":23}";"Parede clara de estande com logo dourado em formato de diamante e o letreiro 'MARIANA DUARTE SEMIJOIAS'; à frente, balcão com taças de cristal, bandeja com pétalas, terço de contas e um vaso de planta. Rótulo 080 | 2026-09-11 | tipo 2 (vídeo).";;video;"c;l;i;q;u;e;s;_;l;i;n;k;;;v;i;s;i;t;a;s;_;p;e;r;f;i;l;;;n;o;v;o;s;_;s;e;g;u;i;d;o;r;e;s";umapi;;Hermes/instagram-insights/captura/stories-setembro-2026/insights_2026-09.json;a8a8efc64c655065561a314e777a4c9d2217bc6d899fd1a9f50bc37b69be0578;completo_2026-09_stories_basesurface
2026-09;2026-09-11;11:37:22;3983896081310251168;video;330;264;260;240;90;5;4;4;0;1;0;;;;23;"{""2"":23,""1"":277,""8"":7,""3"":1}";Mulher de camiseta polo verde com crachá SUDO EXPO caminhando pela área do evento (tapete vermelho), ao fundo painel azul iluminado e visitantes passando. Rótulo 079 | 2026-09-11 | tipo 2 (vídeo).;;video;"c;l;i;q;u;e;s;_;l;i;n;k;;;v;i;s;i;t;a;s;_;p;e;r;f;i;l;;;n;o;v;o;s;_;s;e;g;u;i;d;o;r;e;s";umapi;;Hermes/instagram-insights/captura/stories-setembro-2026/insights_2026-09.json;a8a8efc64c655065561a314e777a4c9d2217bc6d899fd1a9f50bc37b69be0578;completo_2026-09_stories_basesurface
2026-09;2026-09-11;11:35:56;3983895416555031424;video;333;263;259;245;88;3;3;3;0;0;0;;;;3;"{""3"":3,""1"":279,""8"":6,""2"":24}";"Tile totalmente preto, sem imagem visível (story não carregado/quadro preto); aparece apenas a linha de crédito no topo com o nome de usuário e a duração. Rótulo 078 | 2026-09-11 | tipo 2 (vídeo, 0:23).";plantaevidarv 0:23;video;"c;l;i;q;u;e;s;_;l;i;n;k;;;v;i;s;i;t;a;s;_;p;e;r;f;i;l;;;n;o;v;o;s;_;s;e;g;u;i;d;o;r;e;s";umapi;;Hermes/instagram-insights/captura/stories-setembro-2026/insights_2026-09.json;a8a8efc64c655065561a314e777a4c9d2217bc6d899fd1a9f50bc37b69be0578;completo_2026-09_stories_basesurface
2026-09;2026-09-11;11:34:41;3983894730316559065;video;325;263;261;240;85;1;1;0;0;1;0;;;;1;"{""3"":1,""8"":7,""1"":291,""2"":12}";"Homem de boné e camisa escura, com crachá SUDO EXPO, caminhando em direção à câmera sobre tapete vermelho dentro do pavilhão; ao fundo estande com equipamentos e estrutura metálica do teto. Rótulo 077 | 2026-09-11 | tipo 2 (vídeo).";Sudexpo / Boa Noite / DEPUTADO ESTADUAL Lissauer Vieira 22.333;video;"c;l;i;q;u;e;s;_;l;i;n;k;;;v;i;s;i;t;a;s;_;p;e;r;f;i;l;;;n;o;v;o;s;_;s;e;g;u;i;d;o;r;e;s";umapi;;Hermes/instagram-insights/captura/stories-setembro-2026/insights_2026-09.json;a8a8efc64c655065561a314e777a4c9d2217bc6d899fd1a9f50bc37b69be0578;completo_2026-09_stories_basesurface
2026-09;2026-09-11;11:20:38;3983887660599055356;video;314;264;263;228;86;1;1;1;0;0;0;;;;1;"{""3"":1,""8"":4,""1"":286,""2"":11}";Dois homens de camisa social branca, de crachá SUDO EXPO no peito, caminhando lado a lado por corredor de feira com tapete azul, ao fundo estandes e luzes. Rótulo 076 | 2026-09-11 | tipo 2 (vídeo, 0:20).;@anasilva.azevedo e @douglasnunesagrotributario 0:20 / @ampestributaria | @successonocampo | @acirvoficial;video;"c;l;i;q;u;e;s;_;l;i;n;k;;;v;i;s;i;t;a;s;_;p;e;r;f;i;l;;;n;o;v;o;s;_;s;e;g;u;i;d;o;r;e;s";umapi;;Hermes/instagram-insights/captura/stories-setembro-2026/insights_2026-09.json;a8a8efc64c655065561a314e777a4c9d2217bc6d899fd1a9f50bc37b69be0578;completo_2026-09_stories_basesurface
2026-09;2026-09-11;11:19:58;3983887325376961916;imagem;324;273;277;235;89;2;2;2;0;0;0;;;;283;"{""1"":283,""2"":14,""8"":7,""3"":5}";Mão segurando microfone com cubo azul 'SUDO EXPO' dentro do pavilhão da feira, ao fundo painéis azuis iluminados em losango, mesas e público desfocado. Rótulo 075 | 2026-09-11 | tipo 1.;@sudoexpo.oficial @acirvoficial;foto;"c;l;i;q;u;e;s;_;l;i;n;k;;;v;i;s;i;t;a;s;_;p;e;r;f;i;l;;;n;o;v;o;s;_;s;e;g;u;i;d;o;r;e;s";umapi;;Hermes/instagram-insights/captura/stories-setembro-2026/insights_2026-09.json;a8a8efc64c655065561a314e777a4c9d2217bc6d899fd1a9f50bc37b69be0578;completo_2026-09_stories_basesurface
2026-09;2026-09-11;09:48:36;3983841396359481502;video;545;460;449;299;246;7;6;5;0;2;0;;;;13;"{""2"":13,""8"":29,""1"":277}";"Vista externa da estrutura/tenda de entrada da SudoExpo 2026, com letreiro grande 'SUDO EXPO 2026' na fachada e faixa 'VOCÊ ESTÁ NA SUDO EXPO — 2ª MAIOR FEIRA MULTISSETORIAL DO BRASIL'; faixa superior de logos de parceiros (legíveis: ACIRV, Sebrae, UniRV; demais ilegíveis). Rótulo 074 | 2026-09-11 | tipo 2 (vídeo).";Ficou curioso para saber mais? 👀 / Acompanhe nossos Stories! À noite vamos trazer muitas informações para vocês.;video;"c;l;i;q;u;e;s;_;l;i;n;k;;;v;i;s;i;t;a;s;_;p;e;r;f;i;l;;;n;o;v;o;s;_;s;e;g;u;i;d;o;r;e;s";umapi;;Hermes/instagram-insights/captura/stories-setembro-2026/insights_2026-09.json;a8a8efc64c655065561a314e777a4c9d2217bc6d899fd1a9f50bc37b69be0578;completo_2026-09_stories_basesurface
2026-09;2026-09-11;09:30:53;3983832425623993630;imagem;398;341;337;251;147;2;2;1;0;1;0;;;;1;"{""3"":1,""8"":5,""1"":297,""2"":18}";"Foto escura de uma pilha de papéis/pastas institucionais amontoados (várias vias de documento empilhadas, com baixa iluminação); na lateral esquerda há texto vertical na própria papelaria. Rótulo 073 | 2026-09-11 | tipo 1.";Mas afinal, o que a ACIRV pode fazer 👀 / pelo seu negócio?;foto;"c;l;i;q;u;e;s;_;l;i;n;k;;;v;i;s;i;t;a;s;_;p;e;r;f;i;l;;;n;o;v;o;s;_;s;e;g;u;i;d;o;r;e;s";umapi;;Hermes/instagram-insights/captura/stories-setembro-2026/insights_2026-09.json;a8a8efc64c655065561a314e777a4c9d2217bc6d899fd1a9f50bc37b69be0578;completo_2026-09_stories_basesurface
2026-09;2026-09-11;09:28:51;3983831394764778969;imagem;344;283;284;250;94;2;2;2;0;0;0;;;;1;"{""3"":1,""2"":27,""8"":5,""1"":301}";"Mulher segurando um leque promocional impresso do evento em frente ao peito, em ambiente do pavilhão; legenda sobreposta em badge branco cortada pela borda.";para quem empreende. / A maior / multissetorial / SETEMBRO (QUINTA-FEIRA) / LOCAL;foto;"c;l;i;q;u;e;s;_;l;i;n;k;;;v;i;s;i;t;a;s;_;p;e;r;f;i;l;;;n;o;v;o;s;_;s;e;g;u;i;d;o;r;e;s";umapi;;Hermes/instagram-insights/captura/stories-setembro-2026/insights_2026-09.json;a8a8efc64c655065561a314e777a4c9d2217bc6d899fd1a9f50bc37b69be0578;completo_2026-09_stories_basesurface
2026-09;2026-09-11;09:26:20;3983830128772928683;imagem;428;340;340;279;149;2;2;1;0;1;0;;;;1;"{""3"":1,""2"":34,""1"":314,""8"":4}";Selfie de um homem de camiseta preta e crachá do evento sorrindo, tendo ao fundo a estrutura azul de um estande com letras grandes.;;foto;"c;l;i;q;u;e;s;_;l;i;n;k;;;v;i;s;i;t;a;s;_;p;e;r;f;i;l;;;n;o;v;o;s;_;s;e;g;u;i;d;o;r;e;s";umapi;;Hermes/instagram-insights/captura/stories-setembro-2026/insights_2026-09.json;a8a8efc64c655065561a314e777a4c9d2217bc6d899fd1a9f50bc37b69be0578;completo_2026-09_stories_basesurface
2026-09;2026-09-11;09:25:42;3983829894160198175;video;1204;931;928;285;919;7;7;6;0;1;0;;;;8;"{""8"":8,""3"":2,""1"":319,""2"":17}";Close de um homem de camiseta escura e crachá do evento falando e gesticulando, com visitantes desfocados ao fundo no corredor do pavilhão.;;video;"c;l;i;q;u;e;s;_;l;i;n;k;;;v;i;s;i;t;a;s;_;p;e;r;f;i;l;;;n;o;v;o;s;_;s;e;g;u;i;d;o;r;e;s";lista;;Hermes/instagram-insights/captura/stories-setembro-2026/insights_2026-09.json;a8a8efc64c655065561a314e777a4c9d2217bc6d899fd1a9f50bc37b69be0578;completo_2026-09_stories_basesurface
2026-09;2026-09-11;09:10:17;3983822053269626464;imagem;343;292;288;246;97;2;2;2;0;0;0;;;;2;"{""3"":2,""1"":303,""2"":20,""8"":7}";Vista ampla do mezanino/escadaria do pavilhão com muitas pessoas sentadas em mesas com notebooks e celulares, usando o espaço de trabalho do evento.;;foto;"c;l;i;q;u;e;s;_;l;i;n;k;;;v;i;s;i;t;a;s;_;p;e;r;f;i;l;;;n;o;v;o;s;_;s;e;g;u;i;d;o;r;e;s";umapi;;Hermes/instagram-insights/captura/stories-setembro-2026/insights_2026-09.json;a8a8efc64c655065561a314e777a4c9d2217bc6d899fd1a9f50bc37b69be0578;completo_2026-09_stories_basesurface
2026-09;2026-09-11;09:09:31;3983821664298430161;imagem;347;294;293;251;96;2;2;2;0;0;0;;1;;315;"{""1"":315,""8"":6,""2"":17}";Montagem com fotos do pavilhão: o letreiro SUDO EXPO 2026 em letras 3D sobre faixa de patrocinadores e apoiadores e, embaixo, o letreiro de néon 'A casa do empresário' na fachada azul da ACIRV.;SUDO EXPO 2026 / Patrocínio: Comber / Comigo / TV Sucesso / Sicoob Empresarial / Apoio: UniRV - Universidade de Rio Verde / A casa do empresário;foto;"c;l;i;q;u;e;s;_;l;i;n;k;;;n;o;v;o;s;_;s;e;g;u;i;d;o;r;e;s";umapi;;Hermes/instagram-insights/captura/stories-setembro-2026/insights_2026-09.json;a8a8efc64c655065561a314e777a4c9d2217bc6d899fd1a9f50bc37b69be0578;completo_2026-09_stories_basesurface
2026-09;2026-09-11;09:05:32;3983819795492528062;video;497;419;411;298;199;5;4;4;0;1;0;;1;;1;"{""3"":1,""8"":11,""2"":20,""1"":309}";Tile sem imagem: apenas fundo preto uniforme, sem conteúdo visível (story sem mídia carregada).;;video;"c;l;i;q;u;e;s;_;l;i;n;k;;;n;o;v;o;s;_;s;e;g;u;i;d;o;r;e;s";umapi;;Hermes/instagram-insights/captura/stories-setembro-2026/insights_2026-09.json;a8a8efc64c655065561a314e777a4c9d2217bc6d899fd1a9f50bc37b69be0578;completo_2026-09_stories_basesurface
2026-09;2026-09-11;08:47:40;3983810667252557936;imagem;510;435;422;306;204;5;4;4;0;1;0;;;;19;"{""2"":19,""8"":12,""1"":315,""3"":3}";"Público de costas circulando sob a fachada azul do estande ACIRV e o letreiro de néon 'A casa do empresário', com o teto estruturado do pavilhão iluminado; card de texto sobreposto à foto.";E para entender tudo o que a ACIRV representa hoje, precisamos voltar um pouco no tempo. / A casa do empresário / ACIRV;foto;"c;l;i;q;u;e;s;_;l;i;n;k;;;v;i;s;i;t;a;s;_;p;e;r;f;i;l;;;n;o;v;o;s;_;s;e;g;u;i;d;o;r;e;s";umapi;;Hermes/instagram-insights/captura/stories-setembro-2026/insights_2026-09.json;a8a8efc64c655065561a314e777a4c9d2217bc6d899fd1a9f50bc37b69be0578;completo_2026-09_stories_basesurface
2026-09;2026-09-11;08:44:41;3983809165507325928;imagem;440;361;353;274;166;3;3;2;0;1;0;;;;35;"{""2"":35,""8"":6,""1"":324,""3"":3}";Colaboradora de uniforme verde-claro e coque atrás de um balcão de atendimento (tablet/caixa), com visitantes circulando e banner do evento ao fundo no pavilhão.;;foto;"c;l;i;q;u;e;s;_;l;i;n;k;;;v;i;s;i;t;a;s;_;p;e;r;f;i;l;;;n;o;v;o;s;_;s;e;g;u;i;d;o;r;e;s";umapi;;Hermes/instagram-insights/captura/stories-setembro-2026/insights_2026-09.json;a8a8efc64c655065561a314e777a4c9d2217bc6d899fd1a9f50bc37b69be0578;completo_2026-09_stories_basesurface
2026-09;2026-09-11;08:15:29;3983794470209512807;video;463;354;352;296;167;6;6;5;0;1;0;;;;3;"{""3"":3,""2"":27,""1"":324,""8"":29}";"Auditório lotado durante uma palestra, com uma mulher de blusa cinza em primeiro plano; sobre a cena há uma arte lilás de aviso com selo de verificação.";Casa cheia para receber / ANDREAVERMONT / Em instantes;video;"c;l;i;q;u;e;s;_;l;i;n;k;;;v;i;s;i;t;a;s;_;p;e;r;f;i;l;;;n;o;v;o;s;_;s;e;g;u;i;d;o;r;e;s";umapi;;Hermes/instagram-insights/captura/stories-setembro-2026/insights_2026-09.json;a8a8efc64c655065561a314e777a4c9d2217bc6d899fd1a9f50bc37b69be0578;completo_2026-09_stories_basesurface
2026-09;2026-09-11;08:13:54;3983793778543613020;video;461;384;378;289;172;4;4;3;0;1;0;;;;4;"{""3"":4,""8"":10,""1"":347,""2"":24}";Vídeo com um personagem/avatar 3D animado (óculos, fone de ouvido e camisa azul) em primeiro plano, com o pavilhão da SudoExpo, estandes e visitantes ao fundo.;;video;"c;l;i;q;u;e;s;_;l;i;n;k;;;v;i;s;i;t;a;s;_;p;e;r;f;i;l;;;n;o;v;o;s;_;s;e;g;u;i;d;o;r;e;s";umapi;;Hermes/instagram-insights/captura/stories-setembro-2026/insights_2026-09.json;a8a8efc64c655065561a314e777a4c9d2217bc6d899fd1a9f50bc37b69be0578;completo_2026-09_stories_basesurface
2026-09;2026-09-11;07:55:58;3983784646595987633;imagem;626;495;480;297;329;7;7;5;0;2;0;;;;337;"{""1"":337,""2"":23,""8"":9,""3"":1}";Colagem vertical de três fotos de grupos de pessoas com crachá do evento posando em frente ao estande da Prefeitura de Rio Verde (faixa verde com o brasão municipal).;;foto;"c;l;i;q;u;e;s;_;l;i;n;k;;;v;i;s;i;t;a;s;_;p;e;r;f;i;l;;;n;o;v;o;s;_;s;e;g;u;i;d;o;r;e;s";umapi;;Hermes/instagram-insights/captura/stories-setembro-2026/insights_2026-09.json;a8a8efc64c655065561a314e777a4c9d2217bc6d899fd1a9f50bc37b69be0578;completo_2026-09_stories_basesurface
2026-09;2026-09-11;07:53:59;3983783649123437484;imagem;463;386;377;283;180;9;9;8;0;1;0;;;;4;"{""8"":4,""2"":22,""1"":348}";"Colagem de duas fotos: em cima, duas mulheres da equipe (camisa social preta, crachá) em frente à fachada azul do estande ACIRV; embaixo, close de um cumprimento de mãos com crachás, sobre um card branco com tipografia.";É movimento. / É gente que acredita no crescimento de Rio Verde. / @prefriorverde;arte;"c;l;i;q;u;e;s;_;l;i;n;k;;;v;i;s;i;t;a;s;_;p;e;r;f;i;l;;;n;o;v;o;s;_;s;e;g;u;i;d;o;r;e;s";umapi;;Hermes/instagram-insights/captura/stories-setembro-2026/insights_2026-09.json;a8a8efc64c655065561a314e777a4c9d2217bc6d899fd1a9f50bc37b69be0578;completo_2026-09_stories_basesurface
2026-09;2026-09-11;07:48:13;3983780743661938922;imagem;859;697;656;307;552;7;7;3;0;4;0;;;;4;"{""3"":4,""1"":342,""8"":6,""2"":13}";Colaboradora de uniforme verde e óculos atrás do balcão de atendimento, manuseando tablet/caixa registradora, com estandes ao fundo no pavilhão.;A SudoExpo é / encontro;foto;"c;l;i;q;u;e;s;_;l;i;n;k;;;v;i;s;i;t;a;s;_;p;e;r;f;i;l;;;n;o;v;o;s;_;s;e;g;u;i;d;o;r;e;s";umapi;;Hermes/instagram-insights/captura/stories-setembro-2026/insights_2026-09.json;a8a8efc64c655065561a314e777a4c9d2217bc6d899fd1a9f50bc37b69be0578;completo_2026-09_stories_basesurface
2026-09;2026-09-11;07:44:17;3983778829138157667;video;707;596;584;343;364;10;8;7;1;2;0;;1;;5;"{""3"":5,""2"":23,""1"":338,""8"":13}";Fachada/vitrine de loja com letreiro de néon azul sobre estrutura metálica e fachada branca iluminada, vista de baixo.;A casa do empresário / @encantallemoveis;video;"c;l;i;q;u;e;s;_;l;i;n;k;;;n;o;v;o;s;_;s;e;g;u;i;d;o;r;e;s";umapi;;Hermes/instagram-insights/captura/stories-setembro-2026/insights_2026-09.json;a8a8efc64c655065561a314e777a4c9d2217bc6d899fd1a9f50bc37b69be0578;completo_2026-09_stories_basesurface
2026-09;2026-09-11;07:14:01;3983764319312564574;video;582;479;471;358;224;8;7;7;0;1;0;;2;;19;"{""2"":19,""1"":333,""8"":23,""3"":14}";"Estande com painel luminoso 'SUDO EXPO SEJAM B...' e néon roxo; atendente de camiseta preta no balcão atende uma visitante de camiseta verde, com outras pessoas ao fundo.";SUDO EXPO / SEJAM B...;video;"c;l;i;q;u;e;s;_;l;i;n;k;;;n;o;v;o;s;_;s;e;g;u;i;d;o;r;e;s";umapi;;Hermes/instagram-insights/captura/stories-setembro-2026/insights_2026-09.json;a8a8efc64c655065561a314e777a4c9d2217bc6d899fd1a9f50bc37b69be0578;completo_2026-09_stories_basesurface
2026-09;2026-09-10;20:57:52;3983453409527604796;imagem;486;409;391;360;126;3;3;3;0;0;0;;1;;7;"{""3"":7,""1"":308,""8"":113,""2"":32}";"Colagem em preto e branco: primeiro plano de um aperto de mãos entre duas pessoas (uma com tatuagem no braço) e, ao fundo, sofás brancos e painéis de estande; um card branco com tipografia é sobreposto à foto.";às vezes / Buscar pessoas que não conheço e que buscam crescer junto a um match de parcerias.;arte;"c;l;i;q;u;e;s;_;l;i;n;k;;;n;o;v;o;s;_;s;e;g;u;i;d;o;r;e;s";umapi;;Hermes/instagram-insights/captura/stories-setembro-2026/insights_2026-09.json;a8a8efc64c655065561a314e777a4c9d2217bc6d899fd1a9f50bc37b69be0578;completo_2026-09_stories_basesurface
2026-09;2026-09-10;19:17:21;3983416722332863606;video;609;498;494;370;239;6;5;4;0;2;0;;;;399;"{""1"":399,""8"":7,""2"":29,""3"":5}";Story com sticker interativo do Instagram sobre uma foto escura de duas pessoas próximas: caixa de enquete/comentário sobre a imagem.;Com quem você busca conectar?? Qual sua dor?? / Digite algo...;video;"c;l;i;q;u;e;s;_;l;i;n;k;;;v;i;s;i;t;a;s;_;p;e;r;f;i;l;;;n;o;v;o;s;_;s;e;g;u;i;d;o;r;e;s";umapi;;Hermes/instagram-insights/captura/stories-setembro-2026/insights_2026-09.json;a8a8efc64c655065561a314e777a4c9d2217bc6d899fd1a9f50bc37b69be0578;completo_2026-09_stories_basesurface
2026-09;2026-09-10;19:10:44;3983399622960765337;video;616;511;509;375;241;11;10;8;0;3;0;;1;;4;"{""3"":4,""1"":395,""8"":12,""2"":27}";"Corredor de estande com pessoas circulando; em primeiro plano uma mulher de blusa rosa atende no balcão de madeira enquanto visitantes conversam diante da parede verde com o logo do estande.";;video;"c;l;i;q;u;e;s;_;l;i;n;k;;;n;o;v;o;s;_;s;e;g;u;i;d;o;r;e;s";umapi;;Hermes/instagram-insights/captura/stories-setembro-2026/insights_2026-09.json;a8a8efc64c655065561a314e777a4c9d2217bc6d899fd1a9f50bc37b69be0578;completo_2026-09_stories_basesurface
2026-09;2026-09-10;18:16:49;3983372518143780896;imagem;506;434;419;367;139;2;2;2;0;0;0;;;;22;"{""2"":22,""8"":65,""1"":396,""3"":6}";Colagem/montagem da campanha 'Match de Conexão': fotos em preto e branco de pessoas sentadas em poltronas mexendo no celular, intercaladas por letras 3D sobre grama artificial e um anel vermelho.;Match de Conexão / E você? Com quem busca se conectar?;arte;"c;l;i;q;u;e;s;_;l;i;n;k;;;v;i;s;i;t;a;s;_;p;e;r;f;i;l;;;n;o;v;o;s;_;s;e;g;u;i;d;o;r;e;s";umapi;;Hermes/instagram-insights/captura/stories-setembro-2026/insights_2026-09.json;a8a8efc64c655065561a314e777a4c9d2217bc6d899fd1a9f50bc37b69be0578;completo_2026-09_stories_basesurface
2026-09;2026-09-10;18:10:34;3983369236654340025;video;515;448;436;369;146;3;3;3;0;0;0;;2;;3;"{""3"":3,""8"":25,""1"":440,""2"":21}";Quadro de vídeo com peça gráfica em preto e branco dividida em três faixas, com o símbolo e a marca de um sistema (Un) e a silhueta do mapa de Goiás em negativo, tratando de fornecedores e clientes.;Un / Fornecedor / UMA SOLUÇÃO. / Cliente Un;video;"c;l;i;q;u;e;s;_;l;i;n;k;;;n;o;v;o;s;_;s;e;g;u;i;d;o;r;e;s";umapi;;Hermes/instagram-insights/captura/stories-setembro-2026/insights_2026-09.json;a8a8efc64c655065561a314e777a4c9d2217bc6d899fd1a9f50bc37b69be0578;completo_2026-09_stories_basesurface
2026-09;2026-09-10;17:57:43;3983362825937527404;video;529;448;438;387;142;2;2;2;0;0;0;;1;;20;"{""8"":20,""3"":10,""1"":444,""2"":19}";Tile sem imagem: apenas fundo preto uniforme, sem conteúdo visível (story sem mídia carregada).;;video;"c;l;i;q;u;e;s;_;l;i;n;k;;;n;o;v;o;s;_;s;e;g;u;i;d;o;r;e;s";umapi;;Hermes/instagram-insights/captura/stories-setembro-2026/insights_2026-09.json;a8a8efc64c655065561a314e777a4c9d2217bc6d899fd1a9f50bc37b69be0578;completo_2026-09_stories_basesurface
2026-09;2026-09-10;17:41:49;3983354894777140803;imagem;635;537;521;417;218;9;9;8;0;1;0;;4;;9;"{""2"":9,""3"":29,""8"":39,""1"":435}";"Print de vídeo institucional: céu nublado com um cabo cortando o quadro e, embaixo, a fachada escura do pavilhão com o letreiro SUDO EXPO 2026 e a faixa 'MAIOR FEIRA MULTISSETORIAL DO BRASIL'; há indicador de tempo de reprodução.";Milhares / de pessoas. / Centenas de empresas. / E todo mundo procurando alguma coisa. / 17:34 / VOCÊ ESTÁ NA MAIOR FEIRA MULTISSETORIAL DO BRASIL;arte;"c;l;i;q;u;e;s;_;l;i;n;k;;;n;o;v;o;s;_;s;e;g;u;i;d;o;r;e;s";umapi;;Hermes/instagram-insights/captura/stories-setembro-2026/insights_2026-09.json;a8a8efc64c655065561a314e777a4c9d2217bc6d899fd1a9f50bc37b69be0578;completo_2026-09_stories_basesurface
2026-09;2026-09-09;20:40:03;3982719926628371094;video;622;529;524;366;256;4;4;3;0;1;0;;;;1;"{""3"":1,""1"":364,""8"":102,""2"":26}";Plano fechado de um recorte em tom bege com formato de estado/mapa sobre fundo verde de grama artificial, em composição gráfica da campanha de conexões.;;video;"c;l;i;q;u;e;s;_;l;i;n;k;;;v;i;s;i;t;a;s;_;p;e;r;f;i;l;;;n;o;v;o;s;_;s;e;g;u;i;d;o;r;e;s";umapi;;Hermes/instagram-insights/captura/stories-setembro-2026/insights_2026-09.json;a8a8efc64c655065561a314e777a4c9d2217bc6d899fd1a9f50bc37b69be0578;completo_2026-09_stories_basesurface
2026-09;2026-09-09;20:40:02;3982719985357006841;video;514;446;443;351;163;7;7;7;0;0;0;;;;2;"{""3"":2,""1"":474,""8"":10,""2"":21}";Cena no estande ACIRV: colaborador de camisa social clara conversa animado com um visitante de costas, diante da parede verde de folhagem e totens do estande.;Estande Acirv;video;"c;l;i;q;u;e;s;_;l;i;n;k;;;v;i;s;i;t;a;s;_;p;e;r;f;i;l;;;n;o;v;o;s;_;s;e;g;u;i;d;o;r;e;s";umapi;;Hermes/instagram-insights/captura/stories-setembro-2026/insights_2026-09.json;a8a8efc64c655065561a314e777a4c9d2217bc6d899fd1a9f50bc37b69be0578;completo_2026-09_stories_basesurface
2026-09;2026-09-09;20:40:01;3982719688134559946;imagem;513;446;444;348;165;4;4;4;0;0;0;;;;23;"{""2"":23,""1"":473,""8"":6}";"Close de uma instalação cenográfica: recorte com formato de mapa em material bege apoiado sobre grama artificial, sob letras metálicas e um laço/anel vermelho suspenso; sem pessoas.";xão;foto;"c;l;i;q;u;e;s;_;l;i;n;k;;;v;i;s;i;t;a;s;_;p;e;r;f;i;l;;;n;o;v;o;s;_;s;e;g;u;i;d;o;r;e;s";umapi;;Hermes/instagram-insights/captura/stories-setembro-2026/insights_2026-09.json;a8a8efc64c655065561a314e777a4c9d2217bc6d899fd1a9f50bc37b69be0578;completo_2026-09_stories_basesurface
2026-09;2026-09-09;20:40:00;3982720032811369820;video;660;575;564;403;257;6;6;5;0;1;0;;;;453;"{""1"":453,""2"":26,""8"":7}";"Grupo de pessoas de crachá dentro de um estande com paredes verdes; um homem de terno azul fala com o grupo em tom de visita ou apresentação.";;video;"c;l;i;q;u;e;s;_;l;i;n;k;;;v;i;s;i;t;a;s;_;p;e;r;f;i;l;;;n;o;v;o;s;_;s;e;g;u;i;d;o;r;e;s";umapi;;Hermes/instagram-insights/captura/stories-setembro-2026/insights_2026-09.json;a8a8efc64c655065561a314e777a4c9d2217bc6d899fd1a9f50bc37b69be0578;completo_2026-09_stories_basesurface
2026-09;2026-09-09;20:39:59;3982719683109764455;imagem;528;455;453;358;170;5;5;5;0;0;0;;;;1;"{""3"":1,""8"":6,""1"":486,""2"":22}";Fotografia em preto e branco de quatro mulheres conversando sentadas em poltronas brancas, uma delas segurando um equipamento com monitor (câmera/computador), em ambiente de evento com parede de folhagem.;;foto;"c;l;i;q;u;e;s;_;l;i;n;k;;;v;i;s;i;t;a;s;_;p;e;r;f;i;l;;;n;o;v;o;s;_;s;e;g;u;i;d;o;r;e;s";umapi;;Hermes/instagram-insights/captura/stories-setembro-2026/insights_2026-09.json;a8a8efc64c655065561a314e777a4c9d2217bc6d899fd1a9f50bc37b69be0578;completo_2026-09_stories_basesurface
2026-09;2026-09-09;20:39:58;3982719853890719566;video;521;450;448;351;170;9;8;7;0;2;0;;;;5;"{""8"":5,""2"":26,""1"":475,""3"":1}";Mulher de cabelo cacheado e camisa azul-marinho com crachá SUDO EXPO responde a uma entrevista conduzida por microfone, em ambiente de estande com teto de luzes.;;video;"c;l;i;q;u;e;s;_;l;i;n;k;;;v;i;s;i;t;a;s;_;p;e;r;f;i;l;;;n;o;v;o;s;_;s;e;g;u;i;d;o;r;e;s";umapi;;Hermes/instagram-insights/captura/stories-setembro-2026/insights_2026-09.json;a8a8efc64c655065561a314e777a4c9d2217bc6d899fd1a9f50bc37b69be0578;completo_2026-09_stories_basesurface
2026-09;2026-09-09;20:39:57;3982719680232479742;imagem;581;500;495;369;212;7;7;6;0;1;0;;;;497;"{""1"":497,""8"":3,""2"":27,""3"":2}";"Foto posada de dois integrantes da equipe (homem e mulher, camisa azul-marinho com crachá) sorrindo para a câmera; a mulher segura um microfone com adesivo do evento, sob o teto iluminado do pavilhão.";;foto;"c;l;i;q;u;e;s;_;l;i;n;k;;;v;i;s;i;t;a;s;_;p;e;r;f;i;l;;;n;o;v;o;s;_;s;e;g;u;i;d;o;r;e;s";umapi;;Hermes/instagram-insights/captura/stories-setembro-2026/insights_2026-09.json;a8a8efc64c655065561a314e777a4c9d2217bc6d899fd1a9f50bc37b69be0578;completo_2026-09_stories_basesurface
2026-09;2026-09-09;20:39:56;3982719784684743561;video;541;461;459;367;174;8;8;8;0;0;0;;;;10;"{""8"":10,""2"":28,""1"":485,""3"":7}";"Três mulheres conversam sentadas em poltronas brancas diante de uma parede verde de folhagem, em área de convivência do evento; duas vestem a camisa azul-marinho da equipe.";;video;"c;l;i;q;u;e;s;_;l;i;n;k;;;v;i;s;i;t;a;s;_;p;e;r;f;i;l;;;n;o;v;o;s;_;s;e;g;u;i;d;o;r;e;s";umapi;;Hermes/instagram-insights/captura/stories-setembro-2026/insights_2026-09.json;a8a8efc64c655065561a314e777a4c9d2217bc6d899fd1a9f50bc37b69be0578;completo_2026-09_stories_basesurface
2026-09;2026-09-09;20:25:24;3982712363534869107;video;694;560;553;416;278;8;8;7;0;1;0;;1;;8;"{""3"":8,""2"":40,""8"":26,""1"":481}";Tile sem imagem: apenas fundo preto uniforme, sem conteúdo visível (story sem mídia carregada).;;video;"c;l;i;q;u;e;s;_;l;i;n;k;;;n;o;v;o;s;_;s;e;g;u;i;d;o;r;e;s";umapi;;Hermes/instagram-insights/captura/stories-setembro-2026/insights_2026-09.json;a8a8efc64c655065561a314e777a4c9d2217bc6d899fd1a9f50bc37b69be0578;completo_2026-09_stories_basesurface
2026-09;2026-09-09;18:16:26;3982647584371017441;video;585;438;434;408;177;16;10;9;0;7;0;;3;;437;"{""1"":437,""8"":51,""2"":73,""3"":2}";"Balcão de atendimento do estande ACIRV, com várias pessoas da equipe atrás de totens com telas e placas escritas NEGÓCIOS; ambiente coberto por folhagens e iluminação amarela.";;video;"c;l;i;q;u;e;s;_;l;i;n;k;;;n;o;v;o;s;_;s;e;g;u;i;d;o;r;e;s";umapi;;Hermes/instagram-insights/captura/stories-setembro-2026/insights_2026-09.json;a8a8efc64c655065561a314e777a4c9d2217bc6d899fd1a9f50bc37b69be0578;completo_2026-09_stories_basesurface
2026-09;2026-09-09;18:16:01;3982647342267420895;video;589;441;440;409;180;13;12;9;0;4;0;;;;38;"{""2"":38,""8"":23,""3"":8,""1"":514}";Tile sem imagem: apenas fundo preto uniforme, sem conteúdo visível (story sem mídia carregada).;;video;"c;l;i;q;u;e;s;_;l;i;n;k;;;v;i;s;i;t;a;s;_;p;e;r;f;i;l;;;n;o;v;o;s;_;s;e;g;u;i;d;o;r;e;s";umapi;;Hermes/instagram-insights/captura/stories-setembro-2026/insights_2026-09.json;a8a8efc64c655065561a314e777a4c9d2217bc6d899fd1a9f50bc37b69be0578;completo_2026-09_stories_basesurface
2026-09;2026-09-09;16:06:32;3982582008474816863;video;541;439;426;381;160;7;7;7;0;0;0;;;1;439;"{""1"":439,""8"":59,""3"":4,""2"":32}";"Estande de dois níveis com mezanino e arquibancada de madeira onde um público assiste; a fachada exibe o letreiro SEBRAE e, no primeiro plano, há sofás, banquetas e mesa de centro sobre tapete vermelho.";Chegamos / Sudoexpo 2026 / +16;video;"c;l;i;q;u;e;s;_;l;i;n;k;;;v;i;s;i;t;a;s;_;p;e;r;f;i;l";umapi;;Hermes/instagram-insights/captura/stories-setembro-2026/insights_2026-09.json;a8a8efc64c655065561a314e777a4c9d2217bc6d899fd1a9f50bc37b69be0578;completo_2026-09_stories_basesurface
2026-09;2026-09-09;16:06:18;3982581891168518718;video;546;435;429;387;159;9;9;8;0;1;0;;1;;44;"{""2"":44,""8"":11,""1"":487,""3"":2}";Mulher loura de camisa azul-marinho com crachá do evento fala e sorri para a câmera em frente a um painel colorido da SudoExpo com letras grandes e logotipos de marcas parceiras.;texto ilegível;video;"c;l;i;q;u;e;s;_;l;i;n;k;;;n;o;v;o;s;_;s;e;g;u;i;d;o;r;e;s";umapi;;Hermes/instagram-insights/captura/stories-setembro-2026/insights_2026-09.json;a8a8efc64c655065561a314e777a4c9d2217bc6d899fd1a9f50bc37b69be0578;completo_2026-09_stories_basesurface
2026-09;2026-09-09;16:05:30;3982581485579309333;video;558;445;435;394;164;8;8;8;0;0;0;;;;31;"{""2"":31,""1"":504,""8"":11}";Frame de card gráfico vertical com grafismo colorido (adesivos neon de mão dada e casinha) convidando para visitar o stand da Casa Nobre na SudoExpo, ilustrado com mockup 3D do estande em madeira e preto.;VISITE NOSSO STAND NA SUDO EXPO 2026 / DE 09 A 12 DE SETEMBRO / SIGA-NOS NO INSTAGRAM / CASA NOBRE / NEGÓCIOS IMOBILIÁRIOS / O CAMINHO PARA O MELHOR NEGÓCIO. / LANÇAMENTOS / VENDA | ALUGUEL / FACILITAMOS A COMPRA, VENDA OU ALUGUEL DO SEU IMÓVEL. / SEBRAE;video;"c;l;i;q;u;e;s;_;l;i;n;k;;;v;i;s;i;t;a;s;_;p;e;r;f;i;l;;;n;o;v;o;s;_;s;e;g;u;i;d;o;r;e;s";umapi;;Hermes/instagram-insights/captura/stories-setembro-2026/insights_2026-09.json;a8a8efc64c655065561a314e777a4c9d2217bc6d899fd1a9f50bc37b69be0578;completo_2026-09_stories_basesurface
2026-09;2026-09-09;15:56:24;3982576903604148861;video;540;448;441;381;159;9;9;9;0;0;0;;1;;2;"{""3"":2,""1"":495,""8"":13,""2"":23}";"Selfie de um homem de camiseta preta com crachá da SudoExpo pendurado no pescoço; atrás dele há um letreiro escuro com letras grandes cortadas pela moldura do story.";texto ilegível (letreiro de fundo parcialmente cortado);video;"c;l;i;q;u;e;s;_;l;i;n;k;;;n;o;v;o;s;_;s;e;g;u;i;d;o;r;e;s";umapi;;Hermes/instagram-insights/captura/stories-setembro-2026/insights_2026-09.json;a8a8efc64c655065561a314e777a4c9d2217bc6d899fd1a9f50bc37b69be0578;completo_2026-09_stories_basesurface
2026-09;2026-09-09;15:56:08;3982576767809386418;video;544;449;443;386;158;9;9;9;0;0;0;;;;497;"{""1"":497,""8"":10,""2"":31}";"Selfie de uma mulher de blusa rosa-choque com a mão no peito, dentro de um ambiente com quadros coloridos de arte ao fundo; no rodapé há um selo branco com logotipos de parceiros.";;video;"c;l;i;q;u;e;s;_;l;i;n;k;;;v;i;s;i;t;a;s;_;p;e;r;f;i;l;;;n;o;v;o;s;_;s;e;g;u;i;d;o;r;e;s";umapi;;Hermes/instagram-insights/captura/stories-setembro-2026/insights_2026-09.json;a8a8efc64c655065561a314e777a4c9d2217bc6d899fd1a9f50bc37b69be0578;completo_2026-09_stories_basesurface
2026-09;2026-09-09;15:55:44;3982576570979101428;video;563;453;449;395;168;8;8;8;0;0;0;;;;502;"{""1"":502,""2"":43,""8"":6,""3"":4}";"Entrevista de rua: mulher de camisa branca e calça jeans fala ao microfone de uma repórter, em frente a estande com painel luminoso, sobre tapete vermelho; legenda e logo da rádio no rodapé.";THAÍS A SUDESTE AGORA / Líder 98,3;video;"c;l;i;q;u;e;s;_;l;i;n;k;;;v;i;s;i;t;a;s;_;p;e;r;f;i;l;;;n;o;v;o;s;_;s;e;g;u;i;d;o;r;e;s";umapi;;Hermes/instagram-insights/captura/stories-setembro-2026/insights_2026-09.json;a8a8efc64c655065561a314e777a4c9d2217bc6d899fd1a9f50bc37b69be0578;completo_2026-09_stories_basesurface
2026-09;2026-09-09;15:55:33;3982576475290247461;video;589;459;460;404;185;10;10;10;0;0;0;;;;11;"{""8"":11,""2"":49,""1"":515}";Entrevista em palco/estande da SudoExpo: homem de camiseta roxa com a estampa SUDO EXPO 2026 segura microfone ao lado de uma repórter de blusa escura, sobre tapete vermelho, com a logo da rádio Líder 98,3 no rodapé.;;video;"c;l;i;q;u;e;s;_;l;i;n;k;;;v;i;s;i;t;a;s;_;p;e;r;f;i;l;;;n;o;v;o;s;_;s;e;g;u;i;d;o;r;e;s";umapi;;Hermes/instagram-insights/captura/stories-setembro-2026/insights_2026-09.json;a8a8efc64c655065561a314e777a4c9d2217bc6d899fd1a9f50bc37b69be0578;completo_2026-09_stories_basesurface
2026-09;2026-09-09;15:55:18;3982576352480996298;video;617;463;463;424;193;10;7;6;0;4;0;;;;69;"{""2"":69,""1"":535,""8"":7,""3"":4}";"Recepção de escritório com balcão de madeira e o logotipo 'Aibes ADVOGADOS ASSOCIADOS' gravado na parede revestida de madeira; ambiente vazio, sem pessoas.";Aibes ADVOGADOS ASSOCIADOS;video;"c;l;i;q;u;e;s;_;l;i;n;k;;;v;i;s;i;t;a;s;_;p;e;r;f;i;l;;;n;o;v;o;s;_;s;e;g;u;i;d;o;r;e;s";umapi;;Hermes/instagram-insights/captura/stories-setembro-2026/insights_2026-09.json;a8a8efc64c655065561a314e777a4c9d2217bc6d899fd1a9f50bc37b69be0578;completo_2026-09_stories_basesurface
2026-09;2026-09-09;15:55:01;3982576208482194643;video;611;473;474;420;191;7;7;7;0;0;0;;;;2;"{""3"":2,""8"":12,""2"":30,""1"":563}";Frame de um card gráfico (colagem) da disputa musical Barzinho & Violão, com grade com dezenas de retratos dos participantes e a faixa 'Hoje começa a disputa | Semifinal 1'.;Hoje começa a disputa | Semifinal 1 / BARZINHO & VIOLÃO / Me apresento sexta feira / Bora?;video;"c;l;i;q;u;e;s;_;l;i;n;k;;;v;i;s;i;t;a;s;_;p;e;r;f;i;l;;;n;o;v;o;s;_;s;e;g;u;i;d;o;r;e;s";umapi;;Hermes/instagram-insights/captura/stories-setembro-2026/insights_2026-09.json;a8a8efc64c655065561a314e777a4c9d2217bc6d899fd1a9f50bc37b69be0578;completo_2026-09_stories_basesurface
2026-09;2026-09-09;15:54:48;3982576094497750933;video;568;479;481;395;173;11;10;9;0;2;0;;;;30;"{""2"":30,""1"":518,""8"":9,""3"":4}";Homem de terno escuro e camisa azul fala para a câmera em ambiente de estande/pavilhão, com painel azul da SudoExpo ao fundo e dois logotipos no rodapé do story.;tubarao.digital / 1:01;video;"c;l;i;q;u;e;s;_;l;i;n;k;;;v;i;s;i;t;a;s;_;p;e;r;f;i;l;;;n;o;v;o;s;_;s;e;g;u;i;d;o;r;e;s";umapi;;Hermes/instagram-insights/captura/stories-setembro-2026/insights_2026-09.json;a8a8efc64c655065561a314e777a4c9d2217bc6d899fd1a9f50bc37b69be0578;completo_2026-09_stories_basesurface
2026-09;2026-09-09;15:54:28;3982575933092548487;video;608;486;488;432;176;5;5;5;0;0;0;;;;14;"{""8"":14,""1"":505,""2"":43,""3"":2}";Mulher de blusa rosa caminha ao lado de um tapume/outdoor com arte da SudoExpo 2026 (SUDO EXPO, 09 A 12.SET) nas cores amarelo e vermelho, em cena externa com árvores.;iof_assessoria / 0:07 / SUDO EXPO 2026 / A MAIOR FEIRA MULTISSETORIAL DO BRASIL / 09 A 12.SET / @acirvoficial @sudoexpo.oficial;video;"c;l;i;q;u;e;s;_;l;i;n;k;;;v;i;s;i;t;a;s;_;p;e;r;f;i;l;;;n;o;v;o;s;_;s;e;g;u;i;d;o;r;e;s";umapi;;Hermes/instagram-insights/captura/stories-setembro-2026/insights_2026-09.json;a8a8efc64c655065561a314e777a4c9d2217bc6d899fd1a9f50bc37b69be0578;completo_2026-09_stories_basesurface
2026-09;2026-09-09;15:54:15;3982575825131191297;video;610;497;494;427;183;9;9;9;0;0;0;;;;2;"{""3"":2,""1"":561,""2"":19,""8"":17}";"Quatro mulheres sorrindo lado a lado em frente a uma parede roxa com o letreiro SUDO EXPO 2026 e a palavra CONECTA; uma delas usa crachá da SudoExpo. Provável registro do time que trabalhou no evento.";Time CONECTA 💙 / Que orgulho estar com vocês nesse projeto lindo / @rcadria @samaratosta1 @laradutra @acirvoficial;video;"c;l;i;q;u;e;s;_;l;i;n;k;;;v;i;s;i;t;a;s;_;p;e;r;f;i;l;;;n;o;v;o;s;_;s;e;g;u;i;d;o;r;e;s";umapi;;Hermes/instagram-insights/captura/stories-setembro-2026/insights_2026-09.json;a8a8efc64c655065561a314e777a4c9d2217bc6d899fd1a9f50bc37b69be0578;completo_2026-09_stories_basesurface
2026-09;2026-09-09;15:54:08;3982575761293839278;video;594;504;502;422;172;2;2;2;0;0;0;;1;;2;"{""3"":2,""2"":24,""1"":544,""8"":13}";Story em vídeo que republica o story de outra conta, com card branco de abertura da feira e adesivo sobre a foto do interior do pavilhão (estande e tapete vermelho).;A maior feira multissetorial do Brasil começa hoje! / @sudoexpo.oficial | @acirvoficial / leidicorteze / Gente está lindo tudo aqui!;video;"c;l;i;q;u;e;s;_;l;i;n;k;;;n;o;v;o;s;_;s;e;g;u;i;d;o;r;e;s";umapi;;Hermes/instagram-insights/captura/stories-setembro-2026/insights_2026-09.json;a8a8efc64c655065561a314e777a4c9d2217bc6d899fd1a9f50bc37b69be0578;completo_2026-09_stories_basesurface
2026-09;2026-09-09;15:53:54;3982575643928849609;video;630;524;512;453;177;7;6;6;1;0;0;;2;;19;"{""8"":19,""2"":32,""1"":512,""3"":10}";Story em vídeo de visita técnica: pessoas caminhando sobre tapete vermelho em pavilhão, com faixa de título sobreposta.;Visita Técnica / Conecta Sudoexpo / texto ilegível;video;"c;l;i;q;u;e;s;_;l;i;n;k;;;n;o;v;o;s;_;s;e;g;u;i;d;o;r;e;s";umapi;;Hermes/instagram-insights/captura/stories-setembro-2026/insights_2026-09.json;a8a8efc64c655065561a314e777a4c9d2217bc6d899fd1a9f50bc37b69be0578;completo_2026-09_stories_basesurface
2026-09;2026-09-09;15:53:40;3982575531127218543;video;667;544;538;480;187;12;10;9;3;0;0;;1;;38;"{""8"":38,""3"":27,""2"":10,""1"":543}";Story em vídeo: selfie de um homem barbudo com crachá da ACIRV no peito, em ambiente de pavilhão com estruturas metálicas e estande verde ao fundo.;@sudoexpooficial / @acirvoficial / @facieg_goias;video;"c;l;i;q;u;e;s;_;l;i;n;k;;;n;o;v;o;s;_;s;e;g;u;i;d;o;r;e;s";umapi;;Hermes/instagram-insights/captura/stories-setembro-2026/insights_2026-09.json;a8a8efc64c655065561a314e777a4c9d2217bc6d899fd1a9f50bc37b69be0578;completo_2026-09_stories_basesurface
2026-09;2026-09-08;18:51:52;3981940482304434486;video;369;299;278;256;113;6;6;6;0;0;0;;2;;2;"{""3"":2,""1"":162,""8"":149,""2"":32}";Story em vídeo com colagem de fotos do pavilhão da feira em montagem (estruturas, tapete vermelho, trabalhadores), publicado pelo perfil oficial da SudoExpo.;@sudoexpo.oficial / Quase tudo pronto...;video;"c;l;i;q;u;e;s;_;l;i;n;k;;;n;o;v;o;s;_;s;e;g;u;i;d;o;r;e;s";umapi;;Hermes/instagram-insights/captura/stories-setembro-2026/insights_2026-09.json;a8a8efc64c655065561a314e777a4c9d2217bc6d899fd1a9f50bc37b69be0578;completo_2026-09_stories_basesurface
2026-09;2026-09-08;18:11:59;3981920373007621944;imagem;384;307;293;260;124;2;2;2;0;0;0;11;2;;16;"{""2"":16,""1"":267,""3"":10,""8"":31}";Arte de divulgação do encontro 'Conecta – mesa de networking' da SudoExpo, com fundo roxo/imagem de salão, faixa de inscrições, data, valores e logos de realização.;INSCRIÇÕES AQUI / conecta mesa de networking / VOCÊ ESTÁ A UMA CONVERSA DO SEU PRÓXIMO GRANDE NEGÓCIO / Conecte-se com quem pode transformar o futuro da sua empresa. / RESERVE ESSE DIA / 11 DE SETEMBRO DE 2026 / (07H30 ÀS 12H | ARENA SUDOEXPO) / Inscrições: Expositor SUDOEXPO: R$ 50 / Associado ACIRV: R$ 90 / Não associado: R$ 150 / Realização: ACIRV / @acirvoficial, samaratosta1, rcandia,...;arte;"n;o;v;o;s;_;s;e;g;u;i;d;o;r;e;s";umapi;;Hermes/instagram-insights/captura/stories-setembro-2026/insights_2026-09.json;a8a8efc64c655065561a314e777a4c9d2217bc6d899fd1a9f50bc37b69be0578;completo_2026-09_stories_basesurface
2026-09;2026-09-08;14:29:55;3981808601164467847;video;314;259;254;215;99;2;2;2;0;0;0;;;;13;"{""2"":13,""3"":12,""1"":209,""8"":53}";"Story em vídeo de um homem de barba, de camiseta preta com a estampa 'RIO VERDE Digital', gravando-se em um ambiente envidraçado de escritório; há indicador de duração no canto.";@prefiroverde / 0:44;video;"c;l;i;q;u;e;s;_;l;i;n;k;;;v;i;s;i;t;a;s;_;p;e;r;f;i;l;;;n;o;v;o;s;_;s;e;g;u;i;d;o;r;e;s";umapi;;Hermes/instagram-insights/captura/stories-setembro-2026/insights_2026-09.json;a8a8efc64c655065561a314e777a4c9d2217bc6d899fd1a9f50bc37b69be0578;completo_2026-09_stories_basesurface
2026-09;2026-09-08;12:22:19;3981744785492905454;video;296;240;233;203;93;7;6;5;2;0;0;;1;;218;"{""1"":218,""2"":26,""8"":35}";Story em vídeo com peça gráfica da SudoExpo sobreposta a uma foto de grupo de cerca de sete pessoas vestidas de preto em fundo vermelho, divulgando inscrições para expositor.;Patrocinador: Comber / Patrocinador: Comaco / FERIADÃO E ESTAMOS COMO? NÓS PREPARATIVOS PARA SUDOEXPO! / INSCRIÇÕES ABERTAS PARA EXPOSITOR / VOCÊ ESTÁ NA 2ª MAIOR FE.. / MULTISSETORIAL DO B..;video;"c;l;i;q;u;e;s;_;l;i;n;k;;;n;o;v;o;s;_;s;e;g;u;i;d;o;r;e;s";umapi;;Hermes/instagram-insights/captura/stories-setembro-2026/insights_2026-09.json;a8a8efc64c655065561a314e777a4c9d2217bc6d899fd1a9f50bc37b69be0578;completo_2026-09_stories_basesurface
2026-09;2026-09-08;12:22:14;3981744393719749962;video;316;252;247;218;98;11;10;8;2;1;0;;;;2;"{""3"":2,""1"":252,""8"":13,""2"":17}";Story em vídeo de uma mulher de cabelo preso, com jaqueta preta esportiva, filmando-se em ambiente interno com piso vermelho (provavelmente área de evento).;@wenyyalecrim;video;"c;l;i;q;u;e;s;_;l;i;n;k;;;v;i;s;i;t;a;s;_;p;e;r;f;i;l;;;n;o;v;o;s;_;s;e;g;u;i;d;o;r;e;s";umapi;;Hermes/instagram-insights/captura/stories-setembro-2026/insights_2026-09.json;a8a8efc64c655065561a314e777a4c9d2217bc6d899fd1a9f50bc37b69be0578;completo_2026-09_stories_basesurface
2026-09;2026-09-08;12:21:58;3981744203234678905;imagem;325;258;252;227;98;2;2;2;0;0;0;;;;17;"{""8"":17,""2"":39,""1"":249,""3"":4}";Tile sem imagem: apenas um fundo cinza claro uniforme, sem conteúdo visível (story sem mídia carregada).;;foto;"c;l;i;q;u;e;s;_;l;i;n;k;;;v;i;s;i;t;a;s;_;p;e;r;f;i;l;;;n;o;v;o;s;_;s;e;g;u;i;d;o;r;e;s";umapi;;Hermes/instagram-insights/captura/stories-setembro-2026/insights_2026-09.json;a8a8efc64c655065561a314e777a4c9d2217bc6d899fd1a9f50bc37b69be0578;completo_2026-09_stories_basesurface
2026-09;2026-09-08;12:17:18;3981741887832790310;video;353;260;255;245;108;8;7;5;2;1;0;;;;32;"{""2"":32,""8"":11,""1"":280,""3"":2}";"Vídeo em formato vertical com pessoa filmada em ambiente de evento, sobreposto por card de identificação da SudoExpo 2026 e indicador de reprodução. O quadro corta a lateral da terceira linha do painel de fundo (le-se ...LTISSETORIAL), confirmada como MULTISSETORIAL por ampliacao; a peca e a mesma das demais folhas.";SUDO EXPO 2026 / VOCÊ ESTÁ NA MAIOR FEIRA MULTISSETORIAL DO BRASIL;video;"c;l;i;q;u;e;s;_;l;i;n;k;;;v;i;s;i;t;a;s;_;p;e;r;f;i;l;;;n;o;v;o;s;_;s;e;g;u;i;d;o;r;e;s";umapi;;Hermes/instagram-insights/captura/stories-setembro-2026/insights_2026-09.json;a8a8efc64c655065561a314e777a4c9d2217bc6d899fd1a9f50bc37b69be0578;completo_2026-09_stories_basesurface
2026-09;2026-09-08;12:15:58;3981741183813982106;imagem;350;262;259;243;107;3;3;3;0;0;0;;;;38;"{""2"":38,""8"":8,""3"":2,""1"":282}";Print de publicação do Instagram com fotos de pessoas em evento (uma delas usando camiseta com estampa SUDO EXPO) e legenda sobre a troca de comando do Comando Regional do Corpo de Bombeiros.;@acirvoficial, @codervriorverde e @ifgoanorioverde presentes na troca de comando do 2 comando regional do Corpo de Bombeiros ao amigo Cel. Hamilton. Sucesso nesta nova missão.... / Rio Verde, Goiás, Brazil;foto;"c;l;i;q;u;e;s;_;l;i;n;k;;;v;i;s;i;t;a;s;_;p;e;r;f;i;l;;;n;o;v;o;s;_;s;e;g;u;i;d;o;r;e;s";umapi;;Hermes/instagram-insights/captura/stories-setembro-2026/insights_2026-09.json;a8a8efc64c655065561a314e777a4c9d2217bc6d899fd1a9f50bc37b69be0578;completo_2026-09_stories_basesurface
2026-09;2026-09-08;11:44:45;3981725590918455379;imagem;343;262;260;230;113;3;3;3;0;0;0;;;;289;"{""1"":289,""8"":16,""2"":25,""3"":1}";Card de inscrições abertas do 2º Fórum de IA da ACIRV, com data, local e orientação de inscrição pela plataforma Sympla.;INSCRIÇÕES ABERTAS / 2º FÓRUM DE IA DA ACIRV / Garanta sua participação no evento que vai discutir inteligência artificial, dados e decisões empresariais / Inscrições pelo Sympla. Link na bio. / 11 de setembro / LOCAL: SUDO EXPO / REALIZAÇÃO: ACIRV FIAP / APOIO: UniRV;arte;"c;l;i;q;u;e;s;_;l;i;n;k;;;v;i;s;i;t;a;s;_;p;e;r;f;i;l;;;n;o;v;o;s;_;s;e;g;u;i;d;o;r;e;s";umapi;;Hermes/instagram-insights/captura/stories-setembro-2026/insights_2026-09.json;a8a8efc64c655065561a314e777a4c9d2217bc6d899fd1a9f50bc37b69be0578;completo_2026-09_stories_basesurface
2026-09;2026-09-08;11:44:44;3981725498685648702;imagem;337;265;262;224;113;4;4;3;0;1;0;;;;288;"{""1"":288,""8"":10,""2"":26}";Card de palestrante confirmado do 2º Fórum de IA da ACIRV, com retrato do professor e o tema sobre o impacto da IA nos negócios.;PALESTRANTE CONFIRMADO / PROF. DR. ALSONES BALESTRIN / A REVOLUÇÃO DA INTELIGÊNCIA ARTIFICIAL: COMO SERÃO OS NEGÓCIOS DA SUA EMPRESA DAQUI PRA FRENTE? / 2º FÓRUM DE IA DA ACIRV;arte;"c;l;i;q;u;e;s;_;l;i;n;k;;;v;i;s;i;t;a;s;_;p;e;r;f;i;l;;;n;o;v;o;s;_;s;e;g;u;i;d;o;r;e;s";umapi;;Hermes/instagram-insights/captura/stories-setembro-2026/insights_2026-09.json;a8a8efc64c655065561a314e777a4c9d2217bc6d899fd1a9f50bc37b69be0578;completo_2026-09_stories_basesurface
2026-09;2026-09-08;11:44:43;3981725490246818424;imagem;355;269;272;236;119;3;3;2;1;0;0;;;;4;"{""3"":4,""8"":7,""2"":41,""1"":287}";Card de palestrante confirmado do 2º Fórum de IA da ACIRV, com retrato, tema da palestra e mini-bio sobre experiência em dados e inteligência artificial.;PALESTRANTE CONFIRMADO / RAUHE ABDULHAMID / A IA NÃO VAI SALVAR SUA EMPRESA: A VERDADE INCONVENIENTE / especialista em dados e inteligência artificial / 2º FÓRUM DE IA DA ACIRV;arte;"c;l;i;q;u;e;s;_;l;i;n;k;;;v;i;s;i;t;a;s;_;p;e;r;f;i;l;;;n;o;v;o;s;_;s;e;g;u;i;d;o;r;e;s";umapi;;Hermes/instagram-insights/captura/stories-setembro-2026/insights_2026-09.json;a8a8efc64c655065561a314e777a4c9d2217bc6d899fd1a9f50bc37b69be0578;completo_2026-09_stories_basesurface
2026-09;2026-09-08;11:44:42;3981725483745530014;imagem;378;275;279;259;119;6;4;4;0;2;0;;1;;4;"{""3"":4,""8"":9,""1"":306,""2"":44}";Card de palestrante confirmado do 2º Fórum de IA da ACIRV, com retrato do palestrante e o tema da sua apresentação.;PALESTRANTE CONFIRMADO / ANDRÉ MALUF / COMO NEGÓCIOS DE QUALQUER TAMANHO ESTÃO USANDO IA PARA CRESCER / 2º FÓRUM DE IA DA ACIRV;arte;"c;l;i;q;u;e;s;_;l;i;n;k;;;n;o;v;o;s;_;s;e;g;u;i;d;o;r;e;s";umapi;;Hermes/instagram-insights/captura/stories-setembro-2026/insights_2026-09.json;a8a8efc64c655065561a314e777a4c9d2217bc6d899fd1a9f50bc37b69be0578;completo_2026-09_stories_basesurface
2026-09;2026-09-08;11:44:41;3981725476589949022;imagem;379;283;287;267;112;3;3;3;0;0;0;;;;5;"{""3"":5,""8"":13,""1"":300,""2"":32}";Card de divulgação do 2º Fórum de IA da ACIRV, com chamada para palestrantes confirmados, data e local no SudoExpo.;2º FÓRUM DE IA DA ACIRV / Encontro com grandes nomes e temas discutindo o futuro da inteligência artificial / CONFIRA OS PALESTRANTES CONFIRMADOS / 11 de setembro / LOCAL: SUDO EXPO / REALIZAÇÃO: ACIRV FIAP / APOIO: UniRV;arte;"c;l;i;q;u;e;s;_;l;i;n;k;;;v;i;s;i;t;a;s;_;p;e;r;f;i;l;;;n;o;v;o;s;_;s;e;g;u;i;d;o;r;e;s";umapi;;Hermes/instagram-insights/captura/stories-setembro-2026/insights_2026-09.json;a8a8efc64c655065561a314e777a4c9d2217bc6d899fd1a9f50bc37b69be0578;completo_2026-09_stories_basesurface
2026-09;2026-09-08;11:35:00;3981720561612448183;imagem;381;293;295;266;115;4;4;4;0;0;0;;;;35;"{""2"":35,""8"":11,""1"":308,""3"":9}";Card de divulgação do programa de rádio/TV 'Sucesso no Campo', com foto de uma apresentadora e de um convidado identificado como presidente da ACIRV dentro de um círculo.;SUCESSO NO CAMPO / AS 12:00 AO VIVO / 08/09 / Fabíola Oliveira / JOSÉ CARLOS pres. ACIRV;arte;"c;l;i;q;u;e;s;_;l;i;n;k;;;v;i;s;i;t;a;s;_;p;e;r;f;i;l;;;n;o;v;o;s;_;s;e;g;u;i;d;o;r;e;s";umapi;;Hermes/instagram-insights/captura/stories-setembro-2026/insights_2026-09.json;a8a8efc64c655065561a314e777a4c9d2217bc6d899fd1a9f50bc37b69be0578;completo_2026-09_stories_basesurface
2026-09;2026-09-08;08:15:03;3981619924996087134;imagem;912;703;706;341;571;9;9;6;0;3;0;;1;;13;"{""2"":13,""3"":13,""8"":52,""1"":250}";Peça gráfica de véspera da SudoExpo 2026, com o letreiro SUDO EXPO 2026, as datas do evento e logos de realização/patrocínio na base.;O GRANDE DIA É AMANHÃ / SUDO EXPO 2026 / 09 A 12 DE SETEMBRO / Realização: ACIRV / Patrocinadores / Apoio;arte;"c;l;i;q;u;e;s;_;l;i;n;k;;;n;o;v;o;s;_;s;e;g;u;i;d;o;r;e;s";umapi;;Hermes/instagram-insights/captura/stories-setembro-2026/insights_2026-09.json;a8a8efc64c655065561a314e777a4c9d2217bc6d899fd1a9f50bc37b69be0578;completo_2026-09_stories_basesurface
2026-09;2026-09-07;10:16:44;3980956393166533597;imagem;863;692;676;328;535;9;8;5;1;3;0;;1;;27;"{""3"":27,""1"":148,""8"":61,""2"":7}";Card de contagem regressiva da SudoExpo 2026 (faltam 2 dias) em fundo escuro com letreiro neon colorido, informando o período de 09 a 12 de setembro e realização ACIRV com logos de parceiros na base.;FALTAM APENAS 2 DIAS / SUDO EXPO 2026 / 09 A 12 DE SETEMBRO / Realização: ACIRV;arte;"c;l;i;q;u;e;s;_;l;i;n;k;;;n;o;v;o;s;_;s;e;g;u;i;d;o;r;e;s";umapi;;Hermes/instagram-insights/captura/stories-setembro-2026/insights_2026-09.json;a8a8efc64c655065561a314e777a4c9d2217bc6d899fd1a9f50bc37b69be0578;completo_2026-09_stories_basesurface
2026-09;2026-09-05;11:28:25;3979542920901047645;imagem;361;292;277;224;137;10;9;8;0;2;0;;;;55;"{""8"":55,""1"":137,""3"":20,""2"":22}";Card de contagem regressiva da SudoExpo 2026 (faltam 4 dias) em fundo verde com letreiro colorido, informando o período de 09 a 12 de setembro e realização ACIRV com logos de parceiros na base.;FALTAM APENAS 4 DIAS / Falta pouco para o grande dia! / SUDO EXPO 2026 / 09 A 12 DE SETEMBRO / Realização: ACIRV;arte;"c;l;i;q;u;e;s;_;l;i;n;k;;;v;i;s;i;t;a;s;_;p;e;r;f;i;l;;;n;o;v;o;s;_;s;e;g;u;i;d;o;r;e;s";umapi;;Hermes/instagram-insights/captura/stories-setembro-2026/insights_2026-09.json;a8a8efc64c655065561a314e777a4c9d2217bc6d899fd1a9f50bc37b69be0578;completo_2026-09_stories_basesurface
2026-09;2026-09-05;09:03:29;3979469993250135814;video;699;547;518;392;307;12;9;7;0;5;0;;;;187;"{""1"":187,""8"":42,""3"":32,""2"":4}";"Vídeo do galpão/estrutura de montagem da SudoExpo ainda vazio, com banners pendurados no teto e piso de concreto; adesivo de emoji de choque sobreposto no canto.";VEJAM... / O tamanho da estrutura da nossa Sudoexpo;video;"c;l;i;q;u;e;s;_;l;i;n;k;;;v;i;s;i;t;a;s;_;p;e;r;f;i;l;;;n;o;v;o;s;_;s;e;g;u;i;d;o;r;e;s";umapi;;Hermes/instagram-insights/captura/stories-setembro-2026/insights_2026-09.json;a8a8efc64c655065561a314e777a4c9d2217bc6d899fd1a9f50bc37b69be0578;completo_2026-09_stories_basesurface
2026-09;2026-09-03;15:07:59;3978203895896931415;imagem;201;173;166;179;22;4;4;4;0;0;0;;2;1;63;"{""8"":63,""3"":10,""1"":89,""2"":8}";Foto de grupo de mulheres posando numa sala de reunião, com faixa verde no topo e na base informando a participação da diretora da ACIRV na reunião do Pacto de enfrentamento à violência contra a mulher.;A diretora da ACIRV @suelyturra participou hoje da reunião do Pacto da Violência Contra a Mulher / Obrigado por representar a entidade Suely!;foto;"c;l;i;q;u;e;s;_;l;i;n;k";umapi;;Hermes/instagram-insights/captura/stories-setembro-2026/insights_2026-09.json;a8a8efc64c655065561a314e777a4c9d2217bc6d899fd1a9f50bc37b69be0578;completo_2026-09_stories_basesurface
2026-09;2026-09-03;09:27:41;3978032601377214085;imagem;329;261;258;230;99;7;6;4;1;2;0;;1;;16;"{""3"":16,""8"":30,""1"":132,""2"":7}";Card de contagem regressiva da SudoExpo 2026 (faltam 6 dias) em fundo escuro com letreiro colorido, informando o período de 09 a 12 de setembro e a realização ACIRV com logos de parceiros na base.;FALTAM APENAS 6 DIAS / Está chegando o grande momento! / SUDO EXPO 2026 / 09 A 12 DE SETEMBRO / Realização: ACIRV;arte;"c;l;i;q;u;e;s;_;l;i;n;k;;;n;o;v;o;s;_;s;e;g;u;i;d;o;r;e;s";umapi;;Hermes/instagram-insights/captura/stories-setembro-2026/insights_2026-09.json;a8a8efc64c655065561a314e777a4c9d2217bc6d899fd1a9f50bc37b69be0578;completo_2026-09_stories_basesurface
2026-09;2026-09-03;08:27:05;3978002156828530335;video;1168;904;895;496;672;19;16;10;1;8;0;;;;28;"{""3"":28,""1"":139,""8"":35,""2"":1}";"Vídeo de reunião da diretoria da ACIRV numa sala, com pessoas sentadas a uma mesa usando notebooks; uma mulher de óculos opera um notebook com adesivo SUDO, tarja verde com texto na base esquerda.";Agora na ACIRV / Reunião da diretoria reforça a importância da participação dos diretores para prestigiar e fortalecer a SudoExpo;video;"c;l;i;q;u;e;s;_;l;i;n;k;;;v;i;s;i;t;a;s;_;p;e;r;f;i;l;;;n;o;v;o;s;_;s;e;g;u;i;d;o;r;e;s";umapi;;Hermes/instagram-insights/captura/stories-setembro-2026/insights_2026-09.json;a8a8efc64c655065561a314e777a4c9d2217bc6d899fd1a9f50bc37b69be0578;completo_2026-09_stories_basesurface
2026-09;2026-09-01;16:13:08;3976787149537175452;video;249;195;192;215;34;4;4;4;0;0;0;;;;73;"{""8"":73,""3"":22,""2"":14,""1"":114}";"Vídeo do presidente da ACIRV em pé num auditório de palco, gesticulando ao gravar um vídeo de divulgação; tarja verde com legenda na base e tarja azul com texto sobre a chamada para a SudoExpo.";Minuto ACIRV / Presidente da ACIRV grava uma chamada para todos participarem da Sudoexpo;video;"c;l;i;q;u;e;s;_;l;i;n;k;;;v;i;s;i;t;a;s;_;p;e;r;f;i;l;;;n;o;v;o;s;_;s;e;g;u;i;d;o;r;e;s";umapi;;Hermes/instagram-insights/captura/stories-setembro-2026/insights_2026-09.json;a8a8efc64c655065561a314e777a4c9d2217bc6d899fd1a9f50bc37b69be0578;completo_2026-09_stories_basesurface
2026-09;2026-09-01;08:40:40;3976559390944710440;imagem;240;185;180;189;51;4;4;4;0;0;0;6;1;;10;"{""3"":10,""2"":14,""8"":50,""1"":138}";Card de divulgação do 2º Fórum de IA da ACIRV, em fundo roxo com logotipo Sudo Expo, convidando à inscrição pelo Sympla para o evento de 11 de setembro, com logos de realização e apoio na base.;INSCRIÇÕES / 2º FÓRUM DE IA DA ACIRV / Garanta sua participação no evento que vai discutir Inteligência Artificial, dados e decisões empresariais. / Inscrições pelo Sympla. Link na bio. / 11 de setembro / LOCAL: SUDO EXPO / Realização: ACIRV FIAP;arte;"n;o;v;o;s;_;s;e;g;u;i;d;o;r;e;s";umapi;;Hermes/instagram-insights/captura/stories-setembro-2026/insights_2026-09.json;a8a8efc64c655065561a314e777a4c9d2217bc6d899fd1a9f50bc37b69be0578;completo_2026-09_stories_basesurface
2026-09;2026-09-01;08:39:26;3976558768023620637;imagem;322;262;258;211;111;9;8;8;0;1;0;;;;4;"{""2"":4,""1"":181,""3"":17,""8"":9}";Card de contagem regressiva da SudoExpo 2026 com fundo escuro colorido e logotipo SudoExpo, informando que faltam 8 dias para o evento de 09 a 12 de setembro, com faixa de realização ACIRV e logos de parceiros na base.;FALTAM APENAS 8 DIAS / Está chegando o grande momento! / SUDO EXPO 2026 / 09 A 12 DE SETEMBRO / Realização: ACIRV;arte;"c;l;i;q;u;e;s;_;l;i;n;k;;;v;i;s;i;t;a;s;_;p;e;r;f;i;l;;;n;o;v;o;s;_;s;e;g;u;i;d;o;r;e;s";umapi;;Hermes/instagram-insights/captura/stories-setembro-2026/insights_2026-09.json;a8a8efc64c655065561a314e777a4c9d2217bc6d899fd1a9f50bc37b69be0578;completo_2026-09_stories_basesurface
